"CRN","ARRIVAL_TM","AUTOMOBILE_COUNT","BELTED_DEATH_COUNT","BELTED_SUSP_SERIOUS_INJ_COUNT","BICYCLE_COUNT","BICYCLE_DEATH_COUNT","BICYCLE_SUSP_SERIOUS_INJ_COUNT","BUS_COUNT","CHLDPAS_DEATH_COUNT","CHLDPAS_SUSP_SERIOUS_INJ_COUNT","COLLISION_TYPE","COMM_VEH_COUNT","CONS_ZONE_SPD_LIM","COUNTY","CRASH_MONTH","CRASH_YEAR","DAY_OF_WEEK","DEC_LATITUDE","DEC_LONGITUDE","DISPATCH_TM","DISTRICT","DRIVER_COUNT_16YR","DRIVER_COUNT_17YR","DRIVER_COUNT_18YR","DRIVER_COUNT_19YR","DRIVER_COUNT_20YR","DRIVER_COUNT_50_64YR","DRIVER_COUNT_65_74YR","DRIVER_COUNT_75PLUS","EST_HRS_CLOSED","FATAL_COUNT","HEAVY_TRUCK_COUNT","HORSE_BUGGY_COUNT","HOUR_OF_DAY","ILLUMINATION","INJURY_COUNT","INTERSECTION_RELATED","INTERSECT_TYPE","LANE_CLOSED","LATITUDE","LN_CLOSE_DIR","LOCATION_TYPE","LONGITUDE","MAX_SEVERITY_LEVEL","MCYCLE_DEATH_COUNT","MCYCLE_SUSP_SERIOUS_INJ_COUNT","MOTORCYCLE_COUNT","MUNICIPALITY","NONMOTR_COUNT","NONMOTR_DEATH_COUNT","NONMOTR_SUSP_SERIOUS_INJ_COUNT","NTFY_HIWY_MAINT","PED_COUNT","PED_DEATH_COUNT","PED_SUSP_SERIOUS_INJ_COUNT","PERSON_COUNT","POLICE_AGCY","POSSIBLE_INJ_COUNT","RDWY_SURF_TYPE_CD","RELATION_TO_ROAD","ROADWAY_CLEARED","ROAD_CONDITION","SCH_BUS_IND","SCH_ZONE_IND","SECONDARY_CRASH","SMALL_TRUCK_COUNT","SPEC_JURIS_CD","SUSP_MINOR_INJ_COUNT","SUSP_SERIOUS_INJ_COUNT","SUV_COUNT","TCD_FUNC_CD","TCD_TYPE","TFC_DETOUR_IND","TIME_OF_DAY","TOTAL_UNITS","TOT_INJ_COUNT","UNBELTED_OCC_COUNT","UNB_DEATH_COUNT","UNB_SUSP_SERIOUS_INJ_COUNT","UNK_INJ_DEG_COUNT","UNK_INJ_PER_COUNT","URBAN_RURAL","VAN_COUNT","VEHICLE_COUNT","WEATHER1","WEATHER2","WORKERS_PRES","WORK_ZONE_IND","WORK_ZONE_LOC","WORK_ZONE_TYPE","WZ_CLOSE_DETOUR","WZ_FLAGGER","WZ_LAW_OFFCR_IND","WZ_LN_CLOSURE","WZ_MOVING","WZ_OTHER","WZ_SHLDER_MDN","WZ_WORKERS_INJ_KILLED"
"2023025337","","2","0","0","0","0","0","0","0","0","4","0","","14","3","2023","2","40.788783","-77.861093","","2","0","0","0","0","0","0","0","0","","0","0","0","","","0","","1","","40 47:19.619","1","0","77 51:39.935","0","0","0","0","14410","0","0","0","N","0","0","0","3","14410","0","","1.0","1600.0","1","N","N","N","0","","0","0","0","","3","N","","2","0","0","0","0","0","0","2","0","2","","","","N","","","","","","","","","",""
"2023018448","","1","0","0","0","0","0","0","0","0","7","0","","14","2","2023","1","40.76203","-77.842422","","2","0","0","0","0","0","0","0","0","","0","0","0","","","0","N","0","","40 45:43.307","4","0","77 50:32.719","0","0","0","0","14210","0","0","0","N","0","0","0","2","14410","0","","5.0","1145.0","1","N","N","N","0","","0","0","0","","0","N","","1","0","0","0","0","0","0","1","0","1","","","","N","","","","","","","","","",""
"2023020391","","0","0","0","0","0","0","0","0","0","6","1","","14","2","2023","5","40.968222","-77.644329","","2","0","0","0","0","0","0","1","0","","0","1","0","","","1","N","0","","40 58:05.599","4","0","77 38:39.583","3","0","0","0","14214","0","0","0","N","0","0","0","2","68G07","0","","1.0","2303.0","1","N","N","N","0","","1","0","1","","0","N","","2","1","0","0","0","0","0","1","0","2","","","","N","","","","","","","","","",""
"2023019335","","1","0","0","0","0","0","0","0","0","7","0","","14","2","2023","4","41.009054","-77.872495","","2","0","0","0","0","0","0","0","0","","0","0","0","","","0","N","0","","41 00:32.595","","0","77 52:20.982","0","0","0","0","14202","0","0","0","N","0","0","0","1","68G07","0","","4.0","","6","N","N","N","0","","0","0","0","","0","","","1","0","0","0","0","0","0","1","0","1","","","","N","","","","","","","","","",""
"2023008696","","2","0","0","0","0","0","0","0","0","1","1","","14","1","2023","4","40.912521","-77.776776","","2","0","0","0","0","0","0","0","0","","0","1","0","","","0","N","0","","40 54:45.077","4","0","77 46:36.394","0","0","0","0","14401","0","0","0","N","0","0","0","2","14401","0","","1.0","1225.0","7","N","N","Y","0","","0","0","0","","0","N","","3","0","0","0","0","0","0","2","0","3","","04","","N","","","","","","","","","",""
"2023015017","","1","0","0","0","0","0","0","0","0","7","0","","14","2","2023","2","40.802896","-78.064041","","2","0","0","0","0","0","0","0","0","","0","0","0","","","0","N","0","","40 48:10.426","","0","78 03:50.547","0","0","0","0","14225","0","0","0","N","0","0","0","1","68G07","0","","4.0","","1","N","N","N","0","","0","0","0","","0","","","1","0","0","0","0","0","0","1","0","1","","08","","N","","","","","","","","","",""
"2023018892","","1","0","0","0","0","0","0","0","0","0","0","","14","2","2023","4","40.763742","-78.123699","","2","0","0","1","0","0","0","0","0","","0","0","0","","","1","N","0","","40 45:49.470","","0","78 07:25.318","3","0","0","0","14222","0","0","0","N","0","0","0","1","68G07","0","","4.0","","9","N","N","N","0","","1","0","0","","0","","","1","1","1","0","0","0","0","1","0","1","","","","N","","","","","","","","","",""
"2023018592","","1","0","0","0","0","0","0","0","0","2","0","","14","2","2023","6","40.785339","-77.837116","","2","0","0","0","0","0","1","0","0","","0","0","0","","","1","N","1","","40 47:07.219","","0","77 50:13.618","3","0","0","0","14410","0","0","0","N","0","0","0","5","14410","0","","1.0","","1","N","N","N","0","","1","0","1","","2","","","2","1","0","0","0","0","0","2","0","2","","03","","N","","","","","","","","","",""
"2023017542","","1","0","0","0","0","0","0","0","0","2","0","","14","2","2023","4","40.790823","-77.863789","","2","0","0","1","0","0","0","0","0","","0","0","0","","","0","","1","","40 47:26.962","","0","77 51:49.639","0","0","0","0","14410","0","0","0","N","0","0","0","2","14410","0","","1.0","","9","N","N","N","0","","0","0","1","","2","","","2","0","0","0","0","0","0","2","0","2","","","","N","","","","","","","","","",""
"2023004311","","1","0","0","0","0","0","0","0","0","5","1","","14","1","2023","5","40.886947","-77.735534","","2","0","0","0","0","0","1","0","0","","0","1","0","","","1","N","0","","40 53:13.008","","0","77 44:07.924","3","0","0","0","14221","0","0","0","N","0","0","0","2","68G07","0","","1.0","","9","N","N","N","0","","1","0","0","","0","","","2","1","0","0","0","0","0","1","0","2","","","","N","","","","","","","","","",""
"2023019127","","1","0","0","0","0","0","0","0","0","4","0","","14","2","2023","4","40.914895","-77.746399","","2","1","0","0","0","0","0","0","0","","0","0","0","","","2","Y","0","","40 54:53.623","","7","77 44:47.037","4","0","0","0","14221","0","0","0","N","0","0","0","3","14221","2","","1.0","","1","N","N","N","0","","0","0","2","","0","","","3","2","0","0","0","0","0","1","0","3","","04","","N","","","","","","","","","",""
"2023026313","","2","0","0","0","0","0","0","0","0","1","0","","14","3","2023","5","40.807993","-77.857239","","2","0","0","0","0","0","1","0","0","","0","0","0","","","0","N","0","","40 48:28.774","","7","77 51:26.062","0","0","0","0","14204","0","0","0","N","0","0","0","2","14410","0","","1.0","","9","N","N","N","0","","0","0","0","","0","","","2","0","0","0","0","0","0","2","0","2","","03","","N","","","","","","","","","",""
"2023000210","","1","0","0","0","0","0","0","0","0","7","0","","14","1","2023","1","40.802395","-77.826911","","2","0","0","0","0","0","0","0","0","","0","0","0","","","0","N","0","","40 48:08.622","","0","77 49:36.879","0","0","0","0","14204","0","0","0","Y","0","0","0","1","14410","0","","4.0","","9","N","N","N","0","","0","0","0","","0","","","1","0","0","0","0","0","0","2","0","1","","07","","N","","","","","","","","","",""
"2023023164","","1","0","0","0","0","0","0","0","0","7","0","","14","3","2023","6","41.030189","-77.957288","","2","0","0","0","0","0","1","0","0","","0","0","0","","","1","N","0","","41 01:48.681","3","0","77 57:26.237","4","0","0","0","14220","0","0","0","N","0","0","0","1","68G07","1","","4.0","1718.0","6","N","N","N","0","","0","0","0","","0","N","","1","1","0","0","0","0","0","1","0","1","","","","N","","","","","","","","","",""
"2023023569","","1","0","0","0","0","0","0","0","0","7","0","","14","2","2023","7","40.861798","-78.166009","","2","0","0","0","1","0","0","0","0","","0","0","0","","","0","N","0","","40 51:42.471","","0","78 09:57.633","0","0","0","0","14219","0","0","0","N","0","0","0","2","68G07","0","","5.0","","1","N","N","N","0","","0","0","0","","0","","","1","0","0","0","0","0","0","1","0","1","","03","","N","","","","","","","","","",""
"2023019461","","1","0","0","0","0","0","0","0","0","7","0","","14","2","2023","4","40.849652","-77.806018","","2","0","0","1","0","0","0","0","0","","0","0","0","","","0","N","0","","40 50:58.747","","0","77 48:21.665","0","0","0","0","14201","0","0","0","N","0","0","0","1","68G07","0","","4.0","","9","N","N","N","0","","0","0","0","","0","","","1","0","0","0","0","0","0","1","0","1","","09","","N","","","","","","","","","",""
"2023023157","","0","0","0","0","0","0","0","0","0","7","0","","14","3","2023","6","40.99564","-77.853041","","2","0","0","1","0","0","0","0","0","","0","0","0","","","0","N","0","","40 59:44.305","3","0","77 51:10.949","0","0","0","0","14202","0","0","0","N","0","0","0","1","68G07","0","","4.0","30.0","9","N","N","N","0","","0","0","1","","0","N","","1","0","0","0","0","0","0","1","0","1","","","","N","","","","","","","","","",""
"2023023116","","0","0","0","0","0","0","0","0","0","1","2","","14","2","2023","6","41.020328","-77.951007","","2","0","0","0","0","0","1","0","0","","0","2","0","","","5","N","0","","41 01:13.179","4","0","77 57:03.624","3","0","0","0","14220","0","0","0","N","0","0","0","10","68G07","3","","1.0","2145.0","1","N","N","N","0","","1","0","0","","0","N","","2","5","7","0","0","1","0","1","0","2","","","","N","","","","","","","","","",""
"2023023256","","1","0","0","0","0","0","0","0","0","4","0","","14","3","2023","2","40.790459","-77.863309","","2","0","0","0","0","0","0","0","0","","0","0","0","","","0","","1","","40 47:25.651","","0","77 51:47.914","0","0","0","0","14410","0","0","0","N","0","0","0","2","14410","0","","1.0","","1","N","N","N","0","","0","0","1","","3","","","2","0","0","0","0","0","0","2","0","2","","04","","N","","","","","","","","","",""
"2023023156","","0","0","0","0","0","0","0","0","0","3","1","","14","3","2023","6","40.882909","-77.481129","","2","0","0","0","0","0","1","0","0","","0","1","0","","","0","N","0","","40 52:58.471","1","7","77 28:52.063","0","0","0","0","14405","0","0","0","N","0","0","0","6","68G07","0","","1.0","1100.0","9","N","N","N","0","","0","0","0","","0","N","","2","0","0","0","0","0","0","1","1","2","","","","N","","","","","","","","","",""
"2023023165","","1","0","0","0","0","0","0","0","0","7","0","","14","3","2023","6","40.788163","-78.067353","","2","0","0","1","0","0","0","0","0","","0","0","0","","","0","N","0","","40 47:17.388","","0","78 04:02.471","0","0","0","0","14225","0","0","0","N","0","0","0","1","68G07","0","","4.0","","6","N","N","N","0","","0","0","0","","0","","","1","0","0","0","0","0","0","1","0","1","","","","N","","","","","","","","","",""
"2023020450","","1","0","0","0","0","0","0","0","0","7","0","","14","3","2023","6","40.785588","-77.853399","","2","0","0","0","0","0","0","0","0","","0","0","0","","","0","N","0","","40 47:08.115","2","0","77 51:12.236","0","0","0","0","14410","0","0","0","N","0","0","0","1","14410","0","","5.0","2057.0","6","N","N","N","0","","0","0","0","","0","N","","1","0","0","0","0","0","0","2","0","1","","06","","N","","","","","","","","","",""
"2023023132","","1","0","0","0","0","0","0","0","0","7","0","","14","3","2023","6","40.837193","-78.123777","","2","0","0","0","0","1","0","0","0","","0","0","0","","","0","N","0","","40 50:13.896","","0","78 07:25.597","0","0","0","0","14219","0","0","0","N","0","0","0","1","68G07","0","","2.0","","9","N","N","N","0","","0","0","0","","0","","","1","0","0","0","0","0","0","1","0","1","","06","","N","","","","","","","","","",""
"2023022172","","0","0","0","0","0","0","0","0","0","4","0","","14","3","2023","5","40.785226","-77.834376","","2","0","0","0","0","0","0","0","0","","0","0","0","","","0","","1","","40 47:06.814","","0","77 50:03.753","0","0","0","0","14410","0","0","0","N","0","0","0","2","14410","0","","1.0","","1","N","N","N","1","","0","0","1","","2","","","2","0","0","0","0","0","0","2","0","2","","03","","N","","","","","","","","","",""
"2023024009","","0","0","0","0","0","0","0","0","0","98","0","","14","3","2023","4","40.737701","-77.966698","","2","0","0","0","0","0","0","0","0","","0","0","0","","","0","N","0","","40 44:15.724","","0","77 58:00.112","0","0","0","0","14206","0","0","0","N","0","0","0","4","14206","0","","1.0","","1","N","N","N","0","","0","0","0","","0","","","1","0","0","0","0","0","0","1","1","1","","03","","N","","","","","","","","","",""
"2023023168","","0","0","0","0","0","0","0","0","0","7","0","","14","3","2023","6","41.000413","-77.867475","","2","0","0","0","1","0","0","0","0","","0","0","0","","","0","N","0","","41 00:01.487","2","0","77 52:02.911","0","0","0","0","14202","0","0","0","N","0","0","0","2","68G07","0","","4.0","2038.0","7","N","N","N","0","","0","0","1","","0","N","","1","0","0","0","0","0","0","1","0","1","","","","N","","","","","","","","","",""
"2023023129","","1","0","0","0","0","0","0","0","0","7","0","","14","3","2023","6","40.782935","-78.240518","","2","0","0","0","0","0","0","0","0","","0","0","0","","","0","N","0","","40 46:58.566","2","0","78 14:25.864","0","0","0","0","14219","0","0","0","N","0","0","0","1","68G07","0","","4.0","1616.0","6","N","N","N","0","","0","0","0","","0","N","","1","0","0","0","0","0","0","1","0","1","","","","N","","","","","","","","","",""
"2023009228","","1","0","0","0","0","0","0","0","0","7","0","","14","1","2023","4","40.902237","-77.795956","","2","0","0","0","0","0","1","0","0","","0","0","0","","","1","N","0","","40 54:08.053","","0","77 47:45.441","3","0","0","0","14201","0","0","0","N","0","0","0","1","68G07","0","","4.0","","7","N","N","N","0","","1","0","0","","0","","","1","1","0","0","0","0","0","1","0","1","","","","N","","","","","","","","","",""
"2023015734","","1","0","0","0","0","0","0","0","0","7","0","","14","1","2023","1","40.86214","-77.789375","","2","0","0","0","0","0","0","0","0","","0","0","0","","","0","N","0","","40 51:43.703","","0","77 47:21.749","0","0","0","0","14201","0","0","0","Y","0","0","0","1","68G07","0","","4.0","","2","N","N","N","0","","0","0","0","","0","","","1","0","0","0","0","0","0","1","0","1","","","","N","","","","","","","","","",""
"2023003624","","0","0","0","0","0","0","0","0","0","3","0","","14","1","2023","7","40.99668","-77.555492","","2","0","0","0","0","0","0","0","0","","0","0","0","","","0","N","0","","40 59:48.048","1","0","77 33:19.770","0","0","0","0","14224","0","0","0","N","0","0","0","3","68G07","0","","1.0","1820.0","1","N","N","N","2","","0","0","0","","0","Y","","2","0","0","0","0","0","0","1","0","2","","","","N","","","","","","","","","",""
"2023004533","","1","0","0","0","0","0","0","0","0","1","0","","14","1","2023","4","40.811958","-77.99079","","2","0","0","0","0","0","0","1","0","","0","0","0","","","0","N","0","","40 48:43.049","","0","77 59:26.845","0","0","0","0","14209","0","0","0","N","0","0","0","2","68G07","0","","1.0","","1","N","N","N","1","","0","0","0","","0","","","2","0","0","0","0","0","0","1","0","2","","03","","N","","","","","","","","","",""
"2023013671","","1","0","0","0","0","0","0","0","0","4","0","","14","2","2023","6","40.797954","-77.85694","","2","0","1","0","0","0","1","0","0","","0","0","0","","","2","","1","","40 47:52.636","4","0","77 51:24.985","3","0","0","0","14410","0","0","0","N","0","0","0","3","14410","0","","1.0","116.0","1","N","N","N","0","","2","0","1","","2","Y","","2","2","0","0","0","0","0","2","0","2","","03","","N","","","","","","","","","",""
"2023022498","1806","1","0","0","0","0","0","0","0","0","2","0","","14","3","2023","6","40.781119","-77.801084","1757","2","0","0","0","0","0","1","0","0","","0","0","0","17","","3","N","1","","40 46:52.027","","0","77 48:03.904","3","0","0","0","14210","0","0","0","N","0","0","0","4","14410","0","","1.0","","9","N","N","N","1","","3","0","0","","3","","1757","2","3","0","0","0","0","0","2","0","2","","07","","N","","","","","","","","","",""
"2023015735","2024","0","0","0","0","0","0","0","0","0","7","0","","14","1","2023","1","40.820283","-77.887688","2024","2","0","0","0","0","0","0","0","0","","0","0","0","20","","0","N","0","","40 49:13.017","","0","77 53:15.677","0","0","0","0","14216","0","0","0","Y","0","0","0","1","68G07","0","","4.0","","2","N","N","N","0","","0","0","0","","0","","2024","1","0","0","0","0","0","0","2","1","1","","02","","N","","","","","","","","","",""
"2023002714","0631","0","0","0","0","0","0","0","0","0","7","0","","14","1","2023","1","40.959251","-77.837977","0617","2","0","0","0","0","0","0","0","0","","0","0","0","06","","0","N","0","","40 57:33.302","5","0","77 50:16.716","0","0","0","0","14202","0","0","0","Y","0","0","0","1","68G07","0","","5.0","200.0","1","N","N","N","0","","0","0","1","","0","Y","0616","1","0","0","0","0","0","0","2","0","1","","","","N","","","","","","","","","",""
"2023006532","1826","1","0","0","0","0","0","0","0","0","1","0","","14","1","2023","5","40.800839","-77.879048","1818","2","0","0","0","0","0","1","0","0","","0","0","0","18","","1","N","0","","40 48:03.020","1","0","77 52:44.571","3","0","0","0","14206","0","0","0","N","0","0","0","3","14206","0","","1.0","1845.0","9","N","N","N","0","","1","0","2","","0","N","1800","3","1","0","0","0","0","0","2","0","3","","04","","N","","","","","","","","","",""
"2023007408","0620","1","0","0","0","0","0","0","0","0","7","0","","14","1","2023","2","40.719725","-77.923938","0610","2","0","0","0","0","0","1","0","0","","0","0","0","05","","0","N","0","","40 43:11.009","","0","77 55:26.177","0","0","0","0","14206","0","0","0","N","0","0","0","1","14206","0","","2.0","","7","N","N","N","0","","0","0","0","","0","N","0545","1","0","0","0","0","0","0","1","0","1","","","","N","","","","","","","","","",""
"2023002320","0217","0","0","0","0","0","0","0","0","0","7","0","","14","1","2023","7","40.755312","-77.965946","0211","2","0","0","0","0","0","0","0","0","","0","0","0","02","","0","N","0","","40 45:19.124","6","0","77 57:57.405","0","0","0","0","14206","0","0","0","N","0","0","0","1","14206","0","","5.0","600.0","1","N","N","N","0","","0","0","1","","0","Y","0200","1","0","0","0","0","0","0","1","0","1","","03","","N","","","","","","","","","",""
"2023007344","0216","0","0","0","0","0","0","0","0","0","7","0","","14","1","2023","7","40.911513","-77.76107","0213","2","0","0","0","0","0","0","0","0","","0","0","0","02","","0","N","0","","40 54:41.447","","0","77 45:39.853","0","0","0","0","14401","0","0","0","N","0","0","0","1","14401","0","","5.0","","1","N","N","N","1","","0","0","0","","0","","0210","1","0","0","0","0","0","0","2","0","1","","03","","N","","","","","","","","","",""
"2023007875","0843","2","0","0","0","0","0","0","0","0","1","0","","14","1","2023","3","40.800357","-77.878152","0838","2","0","0","0","0","1","0","0","0","","0","0","0","08","","0","N","0","","40 48:01.284","2","0","77 52:41.348","0","0","0","0","14410","0","0","0","N","0","0","0","3","14410","0","","1.0","920.0","1","N","N","Y","0","","0","0","1","","0","N","0834","3","0","0","0","0","0","0","2","0","3","","","","N","","","","","","","","","",""
"2023007336","1714","0","0","0","0","0","0","0","0","0","2","0","","14","1","2023","6","40.912019","-77.777895","1713","2","1","0","0","0","0","0","0","0","","0","0","0","17","","1","N","5","","40 54:43.270","7","0","77 46:40.423","2","0","1","1","14401","0","0","0","N","0","0","0","2","14401","0","","1.0","1758.0","1","N","N","N","1","","0","1","0","","0","Y","1710","2","1","0","0","0","0","0","2","0","2","","03","","N","","","","","","","","","",""
"2023003875","0846","1","0","0","0","0","0","0","0","0","4","1","","14","1","2023","3","40.901218","-78.210962","0838","2","0","0","0","0","0","0","0","1","","0","1","0","08","","1","","1","","40 54:04.385","","0","78 12:39.462","3","0","0","0","14406","0","0","0","N","0","0","0","2","68G07","0","","1.0","","9","N","N","N","0","","1","0","0","","2","","0838","2","1","0","0","0","0","0","2","0","2","","","","N","","","","","","","","","",""
"2023002646","1645","0","0","0","0","0","0","0","0","0","4","0","","14","1","2023","1","40.790823","-77.863789","1643","2","0","0","0","0","1","1","0","0","","0","0","0","16","","1","","1","","40 47:26.962","","0","77 51:49.639","3","0","0","1","14410","0","0","0","N","0","0","0","3","14410","0","","1.0","","1","N","N","N","0","","1","0","1","","2","","1641","2","1","0","0","0","0","0","2","0","2","","","","N","","","","","","","","","",""
"2023003030","1843","1","0","0","1","0","0","0","0","0","8","0","","14","1","2023","2","40.788111","-77.869943","1839","2","0","0","0","0","0","0","0","0","","0","0","0","18","","1","","1","","40 47:17.201","4","0","77 52:11.795","3","0","0","0","14410","1","0","0","N","0","0","0","2","14410","0","","1.0","1859.0","1","N","N","N","0","","1","0","0","","3","Y","1836","2","1","0","0","0","0","0","2","0","1","","03","","N","","","","","","","","","",""
"2023002390","0758","1","0","0","0","0","0","0","0","0","4","0","","14","1","2023","7","40.781119","-77.801084","0749","2","0","0","0","1","0","0","0","0","","0","0","0","07","","0","","1","","40 46:52.027","","0","77 48:03.904","0","0","0","0","14210","0","0","0","N","0","0","0","3","14410","0","","1.0","","1","N","N","N","0","","0","0","1","","2","","0748","2","0","0","0","0","0","0","2","0","2","","03","","N","","","","","","","","","",""
"2023005023","0730","1","0","0","0","0","0","0","0","0","5","1","","14","1","2023","6","40.849753","-77.805855","0729","2","0","0","0","0","0","1","0","0","","0","1","0","07","","1","N","0","","40 50:59.112","","0","77 48:21.079","3","0","0","0","14201","0","0","0","N","0","0","0","2","68G07","0","","1.0","","1","N","N","N","0","","1","0","0","","0","","0716","2","1","0","0","0","0","0","1","0","2","","","","N","","","","","","","","","",""
"2023007201","1336","1","0","0","0","0","0","0","0","0","4","0","","14","1","2023","1","40.796749","-77.872483","1333","2","0","0","0","0","0","0","0","0","","0","0","0","13","","0","","1","","40 47:48.298","","0","77 52:20.938","0","0","0","0","14410","0","0","0","N","0","0","0","5","14410","0","","1.0","","1","N","N","N","0","","0","0","1","","2","","1331","2","0","0","0","0","0","0","2","0","2","","","","N","","","","","","","","","",""
"2023007036","2241","1","0","0","0","0","0","0","0","0","7","0","","14","1","2023","4","40.851902","-77.593684","1934","2","0","0","0","0","0","0","0","0","","0","0","0","19","","0","N","0","","40 51:06.846","6","0","77 35:37.264","0","0","0","0","14207","0","0","0","N","0","0","0","1","68G07","0","","4.0","2300.0","9","N","N","N","0","","0","0","0","","0","Y","1928","1","0","0","0","0","0","0","1","0","1","","05","","N","","","","","","","","","",""
"2023009286","1815","0","0","0","0","0","0","0","0","0","7","0","","14","1","2023","1","40.832396","-78.114039","1753","2","0","1","0","0","0","0","0","0","","0","0","0","17","","1","N","0","","40 49:56.625","3","0","78 06:50.541","8","0","0","0","14219","0","0","0","N","0","0","0","1","68G07","0","","4.0","1900.0","2","N","N","N","0","","0","0","0","","0","N","1753","1","1","0","0","0","1","0","1","1","1","","06","","N","","","","","","","","","",""
"2023028330","1123","0","0","0","0","0","0","0","0","0","4","0","","14","3","2023","4","40.817978","-77.900233","1118","2","0","0","0","0","0","1","1","0","","0","0","0","11","","0","","1","","40 49:04.722","4","0","77 54:00.839","0","0","0","0","14216","0","0","0","N","0","0","0","2","14216","0","","1.0","1227.0","1","N","N","N","1","","0","0","1","","2","N","1118","2","0","0","0","0","0","0","2","0","2","","","","N","","","","","","","","","",""
"2023024685","1225","1","0","0","0","0","0","0","0","0","4","0","","14","3","2023","6","40.805924","-77.864585","1217","2","0","0","0","0","0","0","0","0","","0","0","0","12","","1","","1","","40 48:21.327","","0","77 51:52.507","4","0","0","0","14410","0","0","0","N","0","0","0","3","14410","1","","1.0","","9","N","N","N","0","","0","0","1","","2","","1217","2","1","0","0","0","0","0","2","0","2","","03","","N","","","","","","","","","",""
"2023028615","1702","0","0","0","0","0","0","0","0","0","7","0","","14","3","2023","2","40.848769","-77.945469","1650","2","0","0","0","0","0","0","0","0","","0","0","0","16","","0","N","0","","40 50:55.570","3","0","77 56:43.690","0","0","0","0","14212","0","0","0","Y","0","0","0","1","68G07","0","","4.0","1830.0","1","N","N","N","1","","0","0","0","","0","N","1649","1","0","0","0","0","0","0","1","0","1","","03","","N","","","","","","","","","",""
"2023027039","1249","1","0","0","0","0","0","0","0","0","7","0","","14","3","2023","5","40.909914","-77.741334","1245","2","0","0","0","0","0","0","0","0","","0","0","0","12","","0","N","0","","40 54:35.691","","0","77 44:28.803","0","0","0","0","14221","0","0","0","N","0","0","0","1","68G07","0","","4.0","","9","N","N","N","0","","0","0","0","","0","","1243","1","0","0","0","0","0","0","1","0","1","","","","N","","","","","","","","","",""
"2023004314","1205","0","0","0","0","0","0","0","0","0","7","0","","14","1","2023","5","40.900561","-78.21347","1205","2","0","0","1","0","0","0","0","0","","0","0","0","12","","0","N","0","","40 54:02.019","1","0","78 12:48.491","0","0","0","0","14406","0","0","0","N","0","0","0","1","68G07","0","","2.0","1245.0","9","N","N","N","0","","0","0","1","","0","Y","1204","1","0","0","0","0","0","0","2","0","1","","","","N","","","","","","","","","",""
"2023028276","0609","0","0","0","0","0","0","0","0","0","1","1","","14","3","2023","3","40.894078","-77.734926","0554","2","0","0","0","0","0","1","0","0","","0","1","0","05","","1","N","0","","40 53:38.682","","0","77 44:05.733","3","0","0","0","14221","0","0","0","N","0","0","0","2","68G07","0","","1.0","","1","N","N","N","1","","1","0","0","","0","","0552","2","1","0","0","0","0","0","1","0","2","","","","N","","","","","","","","","",""
"2023028500","0737","0","0","0","0","0","0","1","0","0","7","1","","14","3","2023","4","40.946167","-77.776806","0723","2","0","0","0","0","0","0","0","0","","0","0","0","07","","1","N","0","","40 56:46.200","","0","77 46:36.500","3","0","0","0","14202","0","0","0","N","0","0","0","1","68G07","0","","4.0","","1","Y","N","N","0","","1","0","0","","0","","0718","1","1","0","0","0","0","0","1","0","1","","","","N","","","","","","","","","",""
"2023028515","","0","0","0","0","0","0","0","0","0","1","0","","14","3","2023","4","40.86613","-78.215883","","2","0","0","0","0","1","0","1","0","","0","0","0","","","0","Y","0","","40 51:58.067","","0","78 12:57.180","0","0","0","0","14219","0","0","0","N","0","0","0","2","68G07","0","","1.0","","1","N","N","N","1","","0","0","1","","0","","","2","0","0","0","0","0","0","1","0","2","","","","N","","","","","","","","","",""
"2023027043","","0","0","0","0","0","0","0","0","0","1","0","","14","3","2023","5","40.892511","-78.193962","","2","0","0","1","0","0","1","0","0","","0","0","0","","","1","N","0","","40 53:33.040","4","0","78 11:38.264","3","0","0","0","14219","0","0","0","N","0","0","0","3","68G07","0","","1.0","1755.0","9","N","N","N","0","","1","0","3","","0","N","","3","1","0","0","0","0","0","1","0","3","","","","N","","","","","","","","","",""
"2023027032","","1","0","0","0","0","0","0","0","0","1","0","","14","3","2023","2","40.89508","-78.219306","","2","0","0","0","0","1","0","1","0","","0","0","0","","","0","N","0","","40 53:42.289","1","0","78 13:09.502","0","0","0","0","14406","0","0","0","N","0","0","0","3","68G07","0","","1.0","1040.0","1","N","N","N","1","","0","0","1","","0","N","","3","0","0","0","0","0","0","2","0","3","","","","N","","","","","","","","","",""
"2023039269","","1","0","0","0","0","0","0","0","0","4","0","","14","5","2023","4","40.792414","-77.86435","","2","0","0","0","0","1","0","0","0","","0","0","0","","","1","N","0","","40 47:32.691","","0","77 51:51.661","4","0","0","0","14410","0","0","0","N","0","0","0","3","14410","1","","1.0","","9","N","N","N","0","","0","0","1","","0","","","2","1","0","0","0","0","0","2","0","2","","04","","N","","","","","","","","","",""