"CRN","ARRIVAL_TM","AUTOMOBILE_COUNT","BELTED_DEATH_COUNT","BELTED_SUSP_SERIOUS_INJ_COUNT","BICYCLE_COUNT","BICYCLE_DEATH_COUNT","BICYCLE_SUSP_SERIOUS_INJ_COUNT","BUS_COUNT","CHLDPAS_DEATH_COUNT","CHLDPAS_SUSP_SERIOUS_INJ_COUNT","COLLISION_TYPE","COMM_VEH_COUNT","CONS_ZONE_SPD_LIM","COUNTY","CRASH_MONTH","CRASH_YEAR","DAY_OF_WEEK","DEC_LATITUDE","DEC_LONGITUDE","DISPATCH_TM","DISTRICT","DRIVER_COUNT_16YR","DRIVER_COUNT_17YR","DRIVER_COUNT_18YR","DRIVER_COUNT_19YR","DRIVER_COUNT_20YR","DRIVER_COUNT_50_64YR","DRIVER_COUNT_65_74YR","DRIVER_COUNT_75PLUS","EST_HRS_CLOSED","FATAL_COUNT","HEAVY_TRUCK_COUNT","HORSE_BUGGY_COUNT","HOUR_OF_DAY","ILLUMINATION","INJURY_COUNT","INTERSECTION_RELATED","INTERSECT_TYPE","LANE_CLOSED","LATITUDE","LN_CLOSE_DIR","LOCATION_TYPE","LONGITUDE","MAX_SEVERITY_LEVEL","MCYCLE_DEATH_COUNT","MCYCLE_SUSP_SERIOUS_INJ_COUNT","MOTORCYCLE_COUNT","MUNICIPALITY","NONMOTR_COUNT","NONMOTR_DEATH_COUNT","NONMOTR_SUSP_SERIOUS_INJ_COUNT","NTFY_HIWY_MAINT","PED_COUNT","PED_DEATH_COUNT","PED_SUSP_SERIOUS_INJ_COUNT","PERSON_COUNT","POLICE_AGCY","POSSIBLE_INJ_COUNT","RDWY_SURF_TYPE_CD","RELATION_TO_ROAD","ROADWAY_CLEARED","ROAD_CONDITION","SCH_BUS_IND","SCH_ZONE_IND","SECONDARY_CRASH","SMALL_TRUCK_COUNT","SPEC_JURIS_CD","SUSP_MINOR_INJ_COUNT","SUSP_SERIOUS_INJ_COUNT","SUV_COUNT","TCD_FUNC_CD","TCD_TYPE","TFC_DETOUR_IND","TIME_OF_DAY","TOTAL_UNITS","TOT_INJ_COUNT","UNBELTED_OCC_COUNT","UNB_DEATH_COUNT","UNB_SUSP_SERIOUS_INJ_COUNT","UNK_INJ_DEG_COUNT","UNK_INJ_PER_COUNT","URBAN_RURAL","VAN_COUNT","VEHICLE_COUNT","WEATHER1","WEATHER2","WORKERS_PRES","WORK_ZONE_IND","WORK_ZONE_LOC","WORK_ZONE_TYPE","WZ_CLOSE_DETOUR","WZ_FLAGGER","WZ_LAW_OFFCR_IND","WZ_LN_CLOSURE","WZ_MOVING","WZ_OTHER","WZ_SHLDER_MDN","WZ_WORKERS_INJ_KILLED"
"2023037940","","1","0","0","0","0","0","0","0","0","7","1","","14","4","2023","1","40.932307","-77.655208","","2","0","0","0","0","0","1","0","0","","0","1","0","","","2","N","0","","40 55:56.306","6","0","77 39:18.750","8","0","0","0","14224","0","0","0","N","0","0","0","4","68G07","0","","4.0","600.0","1","N","N","N","0","","0","0","0","","0","Y","","2","2","0","0","0","2","0","1","0","2","","","","N","","","","","","","","","",""
"2023035075","","1","0","0","0","0","0","0","0","0","1","0","","14","4","2023","6","40.803944","-77.923722","","2","0","0","0","0","0","1","0","0","","0","0","0","","","1","N","0","","40 48:14.200","1","0","77 55:25.400","8","0","0","0","14216","0","0","0","N","0","0","0","2","14216","0","","1.0","815.0","1","N","N","N","0","","0","0","1","","0","N","","2","1","0","0","0","1","0","2","0","2","","","","N","","","","","","","","","",""
"2023037666","","0","0","0","0","0","0","0","0","0","7","1","","14","4","2023","5","41.023867","-77.920916","","2","0","0","0","0","0","1","0","0","","0","1","0","","","1","N","0","","41 01:25.920","","0","77 55:15.297","3","0","0","0","14220","0","0","0","Y","0","0","0","1","68G07","0","","2.0","","1","N","N","N","0","","1","0","0","","0","","","1","1","0","0","0","0","0","1","0","1","","03","","N","","","","","","","","","",""
"2023035098","","0","0","0","0","0","0","0","0","0","4","0","","14","4","2023","6","40.769748","-77.887214","","2","0","0","0","0","0","1","0","0","","0","0","0","","","3","N","0","","40 46:11.091","3","0","77 53:13.970","3","0","0","0","14204","0","0","0","N","0","0","0","4","14410","0","","1.0","1210.0","1","N","N","N","0","","3","0","2","","2","N","","2","3","1","0","0","0","1","2","0","2","","","","N","","","","","","","","","",""
"2023039172","","0","0","0","0","0","0","0","0","0","7","0","","14","4","2023","2","40.775087","-78.077734","","2","0","0","0","0","0","0","0","0","","0","0","0","","","0","N","0","","40 46:30.314","","0","78 04:39.842","0","0","0","0","14222","0","0","0","Y","0","0","0","1","68G07","0","","2.0","","1","N","N","N","0","","0","0","1","","0","","","1","0","0","0","0","0","0","1","0","1","","","","N","","","","","","","","","",""
"2023036787","","0","0","0","0","0","0","0","0","0","1","0","","14","4","2023","4","40.8105","-77.831028","","2","0","0","0","0","0","1","0","0","","0","0","0","","","0","Y","0","","40 48:37.800","3","0","77 49:51.700","0","0","0","0","14204","0","0","0","N","0","0","0","2","14410","0","","1.0","1239.0","1","N","N","N","1","","0","0","1","","2","N","","2","0","0","0","0","0","0","2","0","2","","03","","N","","","","","","","","","",""
"2023034323","","1","0","0","0","0","0","0","0","0","7","0","","14","4","2023","3","40.78334","-77.818188","","2","0","0","0","0","1","0","0","0","","0","0","0","","","0","N","0","","40 47:00.024","1","0","77 49:05.475","0","0","0","0","14204","0","0","0","N","0","0","0","2","14410","0","","4.0","2215.0","1","N","N","N","0","","0","0","0","","0","N","","1","0","0","0","0","0","0","2","0","1","","03","","N","","","","","","","","","",""
"2023038575","","1","0","0","0","0","0","0","0","0","7","0","","14","4","2023","2","40.970036","-77.668446","","2","0","0","0","0","0","0","0","0","","0","0","0","","","0","N","0","","40 58:12.130","5","0","77 40:06.407","0","0","0","0","14214","0","0","0","N","0","0","0","2","68G07","0","","4.0","600.0","9","N","N","N","0","","0","0","0","","0","N","","1","0","0","0","0","0","0","1","0","1","","","","N","","","","","","","","","",""
"2023037387","","0","0","0","0","0","0","0","0","0","7","0","","14","4","2023","6","40.782556","-77.83175","","2","0","0","0","0","0","0","0","0","","0","0","0","","","0","N","0","","40 46:57.200","6","0","77 49:54.300","0","0","0","0","14204","0","0","0","N","0","0","0","1","14410","0","","4.0","1120.0","9","N","N","N","1","","0","0","0","","0","Y","","1","0","0","0","0","0","0","1","0","1","","07","","N","","","","","","","","","",""
"2023038652","","0","0","0","0","0","0","0","0","0","7","0","","14","4","2023","1","40.848493","-77.698921","","2","0","0","0","0","0","0","0","0","","0","0","0","","","0","N","0","","40 50:54.575","3","0","77 41:56.114","0","0","0","0","14218","0","0","0","N","0","0","0","2","68G07","0","","4.0","1249.0","9","N","N","N","0","","0","0","1","","0","N","","1","0","0","0","0","0","0","1","0","1","","05","","N","","","","","","","","","",""
"2023037033","","1","0","0","0","0","0","0","0","0","4","0","","14","4","2023","5","40.792346","-77.855285","","2","0","0","0","0","0","1","0","0","","0","0","0","","","1","","1","","40 47:32.445","","0","77 51:19.026","8","0","0","0","14410","0","0","0","N","0","0","0","5","14410","0","","1.0","","1","N","N","N","0","","0","0","1","","3","","","2","1","0","0","0","1","0","2","0","2","","03","","N","","","","","","","","","",""
"2023037433","","1","0","0","0","0","0","0","0","0","4","0","","14","4","2023","6","40.831806","-77.805667","","2","0","0","0","0","1","0","1","0","","0","0","0","","","1","","1","","40 49:54.500","","7","77 48:20.400","8","0","0","0","14204","0","0","0","N","0","0","0","2","14410","0","","1.0","","9","N","N","N","1","","0","0","0","","3","","","2","1","0","0","0","1","0","2","0","2","","04","","N","","","","","","","","","",""
"2023036104","","0","0","0","0","0","0","0","0","0","4","0","","14","4","2023","6","40.831583","-77.885472","","2","0","0","0","0","0","0","0","0","","0","0","0","","","0","N","0","","40 49:53.700","","0","77 53:07.700","0","0","0","0","14216","0","0","0","N","0","0","0","1","14216","0","","6.0","","9","N","N","N","1","","0","0","2","","0","","","3","0","0","0","0","0","0","2","0","3","","04","","N","","","","","","","","","",""
"2023035516","","1","0","0","0","0","0","0","0","0","4","0","","14","4","2023","5","40.896064","-78.221433","","2","0","0","0","0","0","0","0","0","","0","0","0","","","0","","1","","40 53:45.829","","0","78 13:17.160","0","0","0","0","14406","0","0","0","N","0","0","0","2","68G07","0","","1.0","","1","N","N","N","0","","0","0","1","","3","","","2","0","0","0","0","0","0","2","0","2","","","","N","","","","","","","","","",""
"2023038236","","1","0","0","0","0","0","0","0","0","4","0","","14","4","2023","1","40.80959","-77.893429","","2","0","0","0","0","1","0","0","0","","0","0","0","","","1","","2","","40 48:34.524","4","0","77 53:36.343","3","0","0","0","14216","0","0","0","N","0","0","0","2","14216","0","","1.0","1620.0","9","N","N","N","0","","1","0","1","","2","N","","2","1","0","0","0","0","0","2","0","2","","07","","N","","","","","","","","","",""
"2023038822","","1","0","0","0","0","0","0","0","0","2","1","","14","4","2023","1","40.882578","-78.178503","","2","0","0","0","0","1","1","1","0","","0","1","0","","","2","N","0","","40 52:57.279","6","0","78 10:42.609","3","0","0","0","14219","0","0","0","N","0","0","0","4","68G07","0","","1.0","1130.0","9","N","N","N","1","","2","0","1","","0","Y","","4","2","0","0","0","0","0","1","0","4","","05","","N","","","","","","","","","",""
"2023033382","","0","0","0","0","0","0","0","0","0","1","0","","14","4","2023","2","40.906933","-77.783468","","2","0","1","0","0","0","0","0","0","","0","0","0","","","0","N","0","","40 54:24.958","","0","77 47:00.485","0","0","0","0","14401","0","0","0","N","0","0","0","2","14401","0","","1.0","","1","N","N","N","0","","0","0","2","","0","","","2","0","0","0","0","0","0","2","0","2","","03","","N","","","","","","","","","",""
"2023036197","","1","0","0","0","0","0","0","0","0","7","0","","14","4","2023","1","40.909805","-77.872096","","2","0","0","0","0","0","0","0","0","","0","0","0","","","0","N","0","","40 54:35.297","","0","77 52:19.546","0","0","0","0","14223","0","0","0","N","0","0","0","3","68G07","0","","4.0","","1","N","N","N","0","","0","0","0","","0","","","1","0","1","0","0","0","0","1","0","1","","","","N","","","","","","","","","",""
"2023044080","","0","0","0","0","0","0","0","0","0","7","0","","14","5","2023","5","40.796054","-77.633668","","2","0","0","0","0","0","0","0","1","","0","0","0","","","1","N","0","","40 47:45.796","","0","77 38:01.205","3","0","0","0","14218","0","0","0","Y","0","0","0","1","68G07","0","","4.0","","1","N","N","N","0","","1","0","1","","0","","","1","1","0","0","0","0","0","1","0","1","","","","N","","","","","","","","","",""
"2023035248","","0","0","0","0","0","0","0","0","0","1","0","","14","4","2023","7","40.806716","-78.04667","","2","0","0","0","0","0","0","0","0","","0","0","0","","","3","N","0","","40 48:24.178","5","7","78 02:48.011","3","0","0","0","14225","0","0","0","N","0","0","0","4","68G07","0","","1.0","1424.0","1","N","N","N","0","","3","0","2","","0","N","","2","3","0","0","0","0","0","1","0","2","","03","","N","","","","","","","","","",""
"2023038928","","0","0","0","0","0","0","0","0","0","8","0","","14","5","2023","2","40.791766","-77.865148","","2","0","0","1","0","0","0","0","0","","0","0","0","","","1","N","1","","40 47:30.359","","0","77 51:54.531","3","0","0","0","14410","1","0","0","N","1","0","0","2","14410","0","","1.0","","9","N","N","N","0","","1","0","1","","2","","","2","1","0","0","0","0","0","2","0","1","","98","","N","","","","","","","","","",""
"2023046770","","0","0","0","0","0","0","0","0","0","98","1","","14","5","2023","3","40.876916","-77.770653","","2","0","0","0","0","0","0","1","0","","0","1","0","","","0","N","0","","40 52:36.897","1","0","77 46:14.351","0","0","0","0","14201","0","0","0","N","0","0","0","1","68G07","0","","1.0","1600.0","1","N","N","N","0","","0","0","0","","0","N","","1","0","0","0","0","0","0","2","0","1","","","","N","","","","","","","","","",""
"2023039157","","0","0","0","0","0","0","0","0","0","7","0","","14","4","2023","6","41.023809","-77.935948","","2","0","0","0","0","0","0","0","0","","0","0","0","","","0","N","0","","41 01:25.714","","0","77 56:09.413","0","0","0","0","14220","0","0","0","N","0","0","0","1","68G07","0","","4.0","","1","N","N","N","0","","0","0","1","","0","","","1","0","0","0","0","0","0","1","0","1","","","","N","","","","","","","","","",""
"2023040005","","1","0","0","0","0","0","0","0","0","4","0","","14","5","2023","6","40.780016","-77.79718","","2","0","0","0","0","0","0","1","1","","0","0","0","","","2","","1","","40 46:48.057","5","0","77 47:49.849","3","0","0","0","14210","0","0","0","N","0","0","0","2","14410","0","","1.0","1324.0","1","N","N","N","0","","2","0","1","","3","N","","2","2","1","0","0","0","0","2","0","2","","03","","N","","","","","","","","","",""
"2023042986","","2","0","0","0","0","0","0","0","0","1","0","","14","5","2023","2","40.7853","-77.851851","","2","0","0","0","0","0","0","1","0","","0","0","0","","","1","","1","","40 47:07.079","","0","77 51:06.664","3","0","0","0","14410","0","0","0","N","0","0","0","3","14410","0","","1.0","","1","N","N","N","0","","1","0","0","","2","","","2","1","0","0","0","0","0","2","0","2","","","","N","","","","","","","","","",""
"2023036622","","0","0","0","1","0","0","0","0","0","8","0","","14","4","2023","4","40.791185","-77.865938","","2","0","0","0","0","1","0","0","0","","0","0","0","","","1","N","0","","40 47:28.267","","7","77 51:57.375","3","0","0","0","14410","1","0","0","N","0","0","0","2","14410","0","","2.0","","1","N","N","N","0","","1","0","1","","0","","","2","1","0","0","0","0","0","2","0","1","","03","","N","","","","","","","","","",""
"2023038833","","0","0","0","0","0","0","0","0","0","7","0","","14","5","2023","3","40.806194","-77.925917","","2","0","0","0","0","0","0","0","0","","0","0","0","","","0","N","0","","40 48:22.300","","0","77 55:33.300","0","0","0","0","14216","0","0","0","N","0","0","0","2","14216","0","","5.0","","9","N","N","N","0","","0","0","1","","0","","","1","0","0","0","0","0","0","2","0","1","","","","N","","","","","","","","","",""
"2023045085","","0","0","0","0","0","0","0","0","0","7","1","","14","5","2023","3","40.803907","-77.719153","","2","0","0","0","0","0","0","0","0","","0","1","0","","","1","N","0","","40 48:14.064","6","0","77 43:08.949","3","0","0","0","14218","0","0","0","N","0","0","0","2","68G07","0","","2.0","200.0","1","N","N","N","0","","1","0","0","","0","Y","","1","1","0","0","0","0","0","1","0","1","","","","N","","","","","","","","","",""
"2023045295","1454","1","0","0","0","0","0","0","0","0","7","0","","14","5","2023","2","40.784891","-77.829316","1454","2","0","0","0","0","0","0","1","0","","0","0","0","14","","1","N","0","","40 47:05.609","","7","77 49:45.537","3","0","0","0","14204","0","0","0","N","0","0","0","2","14410","0","","9.0","","1","N","N","N","1","","1","0","0","","0","","1451","2","1","0","0","0","0","0","2","0","2","","03","","N","","","","","","","","","",""
"2023043304","1700","0","0","0","0","0","0","0","0","0","7","0","","14","5","2023","3","40.989875","-77.597853","1632","2","0","0","0","0","0","0","0","0","","0","0","0","16","","0","N","0","","40 59:23.550","","0","77 35:52.270","0","0","0","0","14224","0","0","0","N","0","0","0","1","68G07","0","","4.0","","1","N","N","N","0","","0","0","1","","0","","1630","1","0","0","0","0","0","0","1","0","1","","","","N","","","","","","","","","",""
"2023034420","0824","1","0","0","0","0","0","0","0","0","1","0","","14","4","2023","4","40.784855","-77.84087","0818","2","0","0","0","0","0","2","0","0","","0","0","0","08","","0","Y","0","","40 47:05.477","5","0","77 50:27.131","0","0","0","0","14410","0","0","0","N","0","0","0","6","14410","0","","1.0","902.0","1","N","N","N","0","","0","0","2","","0","N","0814","3","0","0","0","0","0","0","2","0","3","","03","","N","","","","","","","","","",""
"2023045219","1730","0","0","0","0","0","0","0","0","0","0","0","","14","5","2023","7","40.99047","-77.642369","1724","2","0","0","0","0","0","0","0","0","","0","0","0","17","","1","N","0","","40 59:25.693","2","0","77 38:32.529","3","0","0","0","14214","0","0","0","N","0","0","0","1","68G07","0","","4.0","1900.0","9","N","N","N","1","","1","0","0","","0","N","1722","1","1","0","0","0","0","0","1","0","1","","","","N","","","","","","","","","",""
"2023046219","2207","1","0","0","0","0","0","0","0","0","98","0","","14","5","2023","2","40.882921","-77.747861","2206","2","0","0","0","0","0","0","0","0","","0","0","0","21","","0","N","0","","40 52:58.516","","0","77 44:52.300","0","0","0","0","14221","0","0","0","N","0","0","0","2","68G07","0","","1.0","","1","N","N","N","0","","0","0","0","","0","","2144","1","0","0","0","0","0","0","1","0","1","","","","N","","","","","","","","","",""
"2023021808","1548","1","0","0","0","0","0","0","0","0","7","0","","14","3","2023","6","40.810484","-78.0344","1539","2","0","0","0","0","0","0","0","0","","0","0","0","15","","0","N","0","","40 48:37.744","","0","78 02:03.840","0","0","0","0","14225","0","0","0","Y","0","0","0","1","68G07","0","","4.0","","9","N","N","N","0","","0","0","0","","0","","1538","1","0","0","0","0","0","0","1","0","1","","","","N","","","","","","","","","",""
"2023033054","0514","0","0","0","0","0","0","0","0","0","5","0","","14","3","2023","3","40.856972","-77.569591","0514","2","0","0","0","0","0","0","0","0","","0","0","0","04","","0","N","0","","40 51:25.098","3","0","77 34:10.526","9","0","0","0","14207","0","0","0","N","0","0","0","1","68G07","0","","6.0","600.0","1","N","N","N","1","","0","0","0","","0","N","0441","2","0","0","0","0","0","1","1","1","2","","03","","N","","","","","","","","","",""
"2023029246","1437","2","0","0","0","0","0","0","0","0","4","0","","14","4","2023","1","40.78847","-77.848766","1435","2","0","0","0","0","0","1","0","0","","0","0","0","14","","0","","1","","40 47:18.493","3","0","77 50:55.557","0","0","0","0","14410","0","0","0","N","0","0","0","5","14410","0","","1.0","1513.0","1","N","N","N","0","","0","0","1","","3","Y","1434","3","0","0","0","0","0","0","2","0","3","","03","","N","","","","","","","","","",""
"2023041345","2149","2","0","0","0","0","0","0","0","0","4","0","","14","5","2023","3","40.784703","-77.829432","2148","2","0","1","0","0","0","0","0","0","","0","0","0","21","","0","N","1","","40 47:04.932","1","0","77 49:45.956","0","0","0","0","14204","0","0","0","N","0","0","0","3","14410","0","","1.0","2220.0","1","N","N","N","0","","0","0","0","","2","N","2147","2","0","0","0","0","0","0","1","0","2","","03","","N","","","","","","","","","",""
"2023031170","1650","0","0","0","0","0","0","0","0","0","1","0","","14","4","2023","6","40.811291","-77.920756","1645","2","0","0","0","0","0","1","0","0","","0","0","0","16","","0","Y","0","","40 48:40.649","1","0","77 55:14.720","0","0","0","0","14216","0","0","0","N","0","0","0","2","14216","0","","1.0","1655.0","1","N","N","N","0","","0","0","2","","0","N","1643","2","0","0","0","0","0","0","2","0","2","","03","","N","","","","","","","","","",""
"2023016974","1230","1","0","0","0","0","0","0","0","0","4","0","","14","2","2023","3","40.789036","-77.906309","1229","2","0","0","0","0","0","0","1","1","","0","0","0","12","","0","","1","","40 47:20.529","","0","77 54:22.714","0","0","0","0","14206","0","0","0","N","0","0","0","3","14206","0","","1.0","","9","N","N","N","1","","0","0","0","","2","","1229","2","0","0","0","0","0","0","2","0","2","","03","","N","","","","","","","","","",""
"2023025213","0200","0","0","0","0","0","0","0","0","0","7","0","","14","3","2023","2","40.823808","-77.893017","0155","2","0","0","0","0","0","0","0","0","","0","0","0","01","","0","","2","","40 49:25.708","1","0","77 53:34.861","0","0","0","0","14216","0","0","0","N","0","0","0","2","14216","0","","5.0","300.0","1","N","N","N","0","","0","0","1","","0","N","0150","1","0","0","0","0","0","0","2","0","1","","03","","N","","","","","","","","","",""
"2023020547","1127","1","0","0","0","0","0","0","0","0","4","0","","14","3","2023","5","40.912338","-77.779837","1125","2","0","0","0","0","0","0","1","0","","0","0","0","11","","0","","2","","40 54:44.416","1","0","77 46:47.413","0","0","0","0","14401","0","0","0","N","0","0","0","2","14401","0","","1.0","1201.0","1","N","N","N","0","","0","0","1","","3","N","1123","2","0","0","0","0","0","0","2","0","2","","03","","N","","","","","","","","","",""
"2023003023","1942","0","0","0","0","0","0","0","0","0","4","0","","14","1","2023","1","40.822741","-77.943514","1940","2","0","0","0","0","0","1","0","0","","0","0","0","19","","2","N","2","","40 49:21.869","1","0","77 56:36.650","3","0","0","0","14216","0","0","0","N","0","0","0","3","14216","0","","1.0","2014.0","1","N","N","N","0","","2","0","2","","0","Y","1938","2","2","0","0","0","0","0","1","0","2","","03","","N","","","","","","","","","",""
"2023023148","2055","1","0","0","0","0","0","0","0","0","7","0","","14","3","2023","4","40.905255","-77.481329","2042","2","1","0","0","0","0","0","0","0","","0","0","0","20","","0","N","0","","40 54:18.917","2","0","77 28:52.784","0","0","0","0","14217","0","0","0","N","0","0","0","1","68G07","0","","4.0","2115.0","1","N","N","N","0","","0","0","0","","0","Y","2035","1","0","0","0","0","0","0","1","0","1","","03","","N","","","","","","","","","",""
"2023016875","1239","1","0","0","0","0","0","0","0","0","1","0","","14","2","2023","4","40.872094","-78.176676","1230","2","0","0","0","0","0","1","0","0","","0","0","0","12","","1","Y","0","","40 52:19.537","","0","78 10:36.032","3","0","0","0","14219","0","0","0","N","0","0","0","2","68G07","0","","1.0","","1","N","N","N","0","","1","0","0","","0","","1229","2","1","0","0","0","0","0","1","1","2","","","","N","","","","","","","","","",""
"2023012627","1119","1","0","0","0","0","0","0","0","0","7","0","","14","1","2023","4","40.87381","-77.760308","1112","2","0","0","0","1","0","0","0","0","","0","0","0","11","","0","N","0","","40 52:25.715","","0","77 45:37.110","0","0","0","0","14221","0","0","0","N","0","0","0","1","14221","0","","5.0","","7","N","N","N","0","","0","0","0","","0","","1109","1","0","0","0","0","0","0","2","0","1","","","","N","","","","","","","","","",""
"2023017332","1221","0","0","0","0","0","0","0","0","0","6","0","","14","2","2023","4","40.769662","-77.837915","1214","2","0","0","0","0","0","0","0","0","","0","0","0","12","","1","N","0","","40 46:10.783","4","0","77 50:16.495","4","0","0","0","14204","0","0","0","N","0","0","0","2","14410","1","","1.0","1305.0","6","N","N","N","1","","0","0","1","","0","Y","1211","2","1","0","0","0","0","0","1","0","2","","06","","N","","","","","","","","","",""
"2023016858","2108","0","0","0","0","0","0","0","0","0","7","0","","14","2","2023","3","40.745851","-78.128718","2036","2","0","0","0","0","0","0","1","0","","0","0","0","20","","0","N","0","","40 44:45.062","","0","78 07:43.384","0","0","0","0","14222","0","0","0","N","0","0","0","1","68G07","0","","4.0","","9","N","N","N","0","","0","0","1","","0","","2035","1","0","0","0","0","0","0","1","0","1","","","","N","","","","","","","","","",""
"2023015021","1309","0","0","0","0","0","0","0","0","0","7","0","","14","2","2023","3","40.85791","-77.776395","1236","2","0","0","0","0","0","0","0","0","","0","0","0","12","","0","N","0","","40 51:28.477","","0","77 46:35.023","0","0","0","0","14201","0","0","0","N","0","0","0","1","68G07","0","","4.0","","1","N","N","N","0","","0","0","1","","0","","1232","1","0","0","0","0","0","0","2","0","1","","","","N","","","","","","","","","",""
"2023018519","1745","0","0","0","0","0","0","0","0","0","4","0","","14","2","2023","1","40.816519","-77.940049","1738","2","0","0","0","0","0","1","0","0","","0","0","0","17","","0","","1","","40 48:59.468","3","2","77 56:24.177","0","0","0","0","14216","0","0","0","Y","0","0","0","3","14216","0","","1.0","1830.0","1","N","N","N","1","","0","0","1","","0","N","1738","2","0","0","0","0","0","0","1","0","2","","","","N","","","","","","","","","",""
"2023020656","1458","1","0","0","0","0","0","0","0","0","7","0","","14","3","2023","6","40.838051","-77.998709","1440","2","0","0","0","0","0","0","0","0","","0","0","0","14","","0","N","0","","40 50:16.985","4","0","77 59:55.352","0","0","0","0","14212","0","0","0","N","0","0","0","1","68G07","0","","4.0","1530.0","6","N","N","N","0","","0","0","0","","0","Y","1438","1","0","0","0","0","0","0","1","0","1","","","","N","","","","","","","","","",""
"2023024814","2333","1","0","0","0","0","0","0","0","0","7","0","","14","3","2023","6","40.814157","-77.831093","2332","2","0","0","0","0","0","0","0","0","","0","0","0","23","","0","N","0","","40 48:50.964","","0","77 49:51.935","0","0","0","0","14204","0","0","0","N","0","0","0","1","14410","0","","4.0","","9","N","N","N","0","","0","0","0","","0","","2332","1","0","0","0","0","0","0","2","0","1","","","","N","","","","","","","","","",""
"2023011165","0656","0","0","0","0","0","0","0","0","0","7","0","","14","1","2023","3","40.827278","-78.011124","0656","2","0","0","0","0","0","0","0","0","","0","0","0","06","","0","N","0","","40 49:38.199","","0","78 00:40.047","0","0","0","0","14225","0","0","0","Y","0","0","0","1","68G07","0","","4.0","","9","N","N","N","1","","0","0","0","","0","","0656","1","0","0","0","0","0","0","1","0","1","","","","N","","","","","","","","","",""
"2023033287","1832","0","0","0","0","0","0","0","0","0","7","0","","14","4","2023","7","40.912694","-77.759722","1829","2","0","0","0","0","0","1","0","0","","0","0","0","18","","1","N","0","","40 54:45.700","5","0","77 45:35.000","2","0","1","1","14401","0","0","0","N","0","0","0","1","14401","0","","4.0","1855.0","1","N","Y","N","0","","0","1","0","","0","Y","1828","1","1","0","0","0","0","0","2","0","1","","","","N","","","","","","","","","",""
"2023033582","0637","0","0","0","0","0","0","0","0","0","7","0","","14","4","2023","1","41.013766","-77.880482","0624","2","0","1","0","0","0","0","0","0","","0","0","0","06","","0","N","0","","41 00:49.557","","0","77 52:49.735","0","0","0","0","14202","0","0","0","N","0","0","0","1","68G07","0","","4.0","","1","N","N","N","1","","0","0","0","","0","","0623","1","0","0","0","0","0","0","1","0","1","","","","N","","","","","","","","","",""
"2023013782","1300","1","0","0","0","0","0","0","0","0","1","0","","14","1","2023","3","40.791838","-77.862416","1255","2","0","0","1","0","0","0","0","0","","0","0","0","12","","1","Y","0","","40 47:30.617","3","0","77 51:44.699","4","0","0","0","14410","0","0","0","N","0","0","0","3","14410","1","","1.0","1320.0","1","N","N","N","0","","0","0","2","","2","N","1254","3","1","0","0","0","0","0","2","0","3","","","","N","","","","","","","","","",""
"2023004379","1311","1","0","0","0","0","0","0","0","0","4","0","","14","1","2023","4","40.799962","-77.860318","1309","2","0","0","0","1","0","0","0","0","","0","0","0","12","","1","","2","","40 47:59.863","","0","77 51:37.144","3","0","0","0","14410","0","0","0","N","0","0","0","2","14501","0","","1.0","","1","N","N","N","0","","1","0","0","","3","","1229","2","1","0","0","0","0","0","2","0","2","","","","N","","","","","","","","","",""
"2023007075","1818","2","0","0","0","0","0","0","0","0","4","0","","14","1","2023","7","40.819542","-77.900902","1816","2","0","0","0","0","0","1","0","0","","0","0","0","18","","0","","1","","40 49:10.351","5","2","77 54:03.247","0","0","0","0","14216","0","0","0","N","0","0","0","6","14216","0","","1.0","1850.0","1","N","N","N","0","","0","0","0","","2","N","1816","2","0","0","0","0","0","0","2","0","2","","03","","N","","","","","","","","","",""
"2023013867","1703","1","0","0","0","0","0","0","0","0","4","0","","14","2","2023","6","40.808526","-77.900371","1700","2","0","0","0","0","0","1","0","0","","0","0","0","17","","1","","2","","40 48:30.693","","0","77 54:01.334","8","0","0","0","14216","0","0","0","N","0","0","0","2","14216","0","","1.0","","1","N","N","N","0","","0","0","1","","2","","1700","2","1","0","0","0","1","0","2","0","2","","03","","N","","","","","","","","","",""
"2023025263","2329","1","0","0","0","0","0","0","0","0","4","0","","14","2","2023","7","40.908154","-77.781513","2327","2","0","0","0","0","0","2","0","0","","0","0","0","23","","0","","2","","40 54:29.355","1","0","77 46:53.447","0","0","0","0","14401","0","0","0","N","0","0","0","2","14401","0","","1.0","2357.0","1","N","N","N","0","","0","0","1","","3","Y","2327","2","0","0","0","0","0","0","2","0","2","","","","N","","","","","","","","","",""
"2023025583","1833","1","0","0","0","0","0","0","0","0","8","0","","14","3","2023","2","40.810193","-77.862138","1829","2","0","0","0","0","0","0","0","1","","0","0","0","18","","1","","2","","40 48:36.696","4","0","77 51:43.698","2","0","0","0","14204","1","0","1","N","1","0","1","2","14410","0","","1.0","1855.0","1","N","N","N","0","","0","1","0","","2","Y","1829","2","1","0","0","0","0","0","1","0","1","","03","","N","","","","","","","","","",""
"2023030093","1235","0","0","0","0","0","0","0","0","0","7","0","","14","3","2023","1","40.870894","-77.853384","1224","2","0","0","0","1","0","0","0","0","","0","0","0","12","","1","N","0","","40 52:15.217","1","0","77 51:12.183","4","0","0","1","14201","0","0","0","N","0","0","0","1","68G07","1","","4.0","1315.0","1","N","N","N","0","","0","0","0","","0","N","1221","1","1","0","0","0","0","0","1","0","1","","","","N","","","","","","","","","",""