"CRN","ARRIVAL_TM","AUTOMOBILE_COUNT","BELTED_DEATH_COUNT","BELTED_SUSP_SERIOUS_INJ_COUNT","BICYCLE_COUNT","BICYCLE_DEATH_COUNT","BICYCLE_SUSP_SERIOUS_INJ_COUNT","BUS_COUNT","CHLDPAS_DEATH_COUNT","CHLDPAS_SUSP_SERIOUS_INJ_COUNT","COLLISION_TYPE","COMM_VEH_COUNT","CONS_ZONE_SPD_LIM","COUNTY","CRASH_MONTH","CRASH_YEAR","DAY_OF_WEEK","DEC_LATITUDE","DEC_LONGITUDE","DISPATCH_TM","DISTRICT","DRIVER_COUNT_16YR","DRIVER_COUNT_17YR","DRIVER_COUNT_18YR","DRIVER_COUNT_19YR","DRIVER_COUNT_20YR","DRIVER_COUNT_50_64YR","DRIVER_COUNT_65_74YR","DRIVER_COUNT_75PLUS","EST_HRS_CLOSED","FATAL_COUNT","HEAVY_TRUCK_COUNT","HORSE_BUGGY_COUNT","HOUR_OF_DAY","ILLUMINATION","INJURY_COUNT","INTERSECTION_RELATED","INTERSECT_TYPE","LANE_CLOSED","LATITUDE","LN_CLOSE_DIR","LOCATION_TYPE","LONGITUDE","MAX_SEVERITY_LEVEL","MCYCLE_DEATH_COUNT","MCYCLE_SUSP_SERIOUS_INJ_COUNT","MOTORCYCLE_COUNT","MUNICIPALITY","NONMOTR_COUNT","NONMOTR_DEATH_COUNT","NONMOTR_SUSP_SERIOUS_INJ_COUNT","NTFY_HIWY_MAINT","PED_COUNT","PED_DEATH_COUNT","PED_SUSP_SERIOUS_INJ_COUNT","PERSON_COUNT","POLICE_AGCY","POSSIBLE_INJ_COUNT","RDWY_SURF_TYPE_CD","RELATION_TO_ROAD","ROADWAY_CLEARED","ROAD_CONDITION","SCH_BUS_IND","SCH_ZONE_IND","SECONDARY_CRASH","SMALL_TRUCK_COUNT","SPEC_JURIS_CD","SUSP_MINOR_INJ_COUNT","SUSP_SERIOUS_INJ_COUNT","SUV_COUNT","TCD_FUNC_CD","TCD_TYPE","TFC_DETOUR_IND","TIME_OF_DAY","TOTAL_UNITS","TOT_INJ_COUNT","UNBELTED_OCC_COUNT","UNB_DEATH_COUNT","UNB_SUSP_SERIOUS_INJ_COUNT","UNK_INJ_DEG_COUNT","UNK_INJ_PER_COUNT","URBAN_RURAL","VAN_COUNT","VEHICLE_COUNT","WEATHER1","WEATHER2","WORKERS_PRES","WORK_ZONE_IND","WORK_ZONE_LOC","WORK_ZONE_TYPE","WZ_CLOSE_DETOUR","WZ_FLAGGER","WZ_LAW_OFFCR_IND","WZ_LN_CLOSURE","WZ_MOVING","WZ_OTHER","WZ_SHLDER_MDN","WZ_WORKERS_INJ_KILLED"
"2023015668","0638","1","0","0","0","0","0","0","0","0","1","0","","14","2","2023","5","40.738174","-77.880633","0628","2","0","0","0","0","0","0","0","0","","0","0","0","06","","1","N","0","","40 44:17.426","","0","77 52:50.280","3","0","0","0","14206","0","0","0","N","0","0","0","2","14206","0","","1.0","","1","N","N","Y","1","","1","0","1","","0","N","0638","3","1","0","0","0","0","0","2","0","3","","03","","N","","","","","","","","","",""
"2023007832","1322","1","0","0","0","0","0","0","0","0","1","0","","14","1","2023","7","40.884444","-78.211935","1259","2","1","0","0","0","0","0","0","0","","0","0","0","12","","0","N","0","","40 53:03.999","","7","78 12:42.967","0","0","0","0","14406","0","0","0","N","0","0","0","6","68G07","0","","1.0","","1","N","N","N","0","","0","0","1","","0","","1258","2","0","0","0","0","0","0","2","0","2","","","","N","","","","","","","","","",""
"2023026841","1438","1","0","0","0","0","0","0","0","0","4","0","","14","3","2023","6","40.809524","-77.908029","1432","2","0","0","0","0","0","0","0","1","","0","0","0","14","","1","","1","","40 48:34.288","2","0","77 54:28.905","3","0","0","0","14216","0","0","0","N","0","0","0","3","14216","0","","1.0","1510.0","1","N","N","N","0","","1","0","1","","2","N","1430","2","1","1","0","0","0","0","2","0","2","","","","N","","","","","","","","","",""
"2023027827","2034","0","0","3","0","0","0","0","0","0","4","0","","14","3","2023","4","40.749324","-77.896323","2033","2","0","0","0","0","0","0","0","0","","0","0","0","20","","3","","1","","40 44:57.565","4","0","77 53:46.762","2","0","0","0","14206","0","0","0","N","0","0","0","5","14206","0","","1.0","2329.0","1","N","N","N","0","","0","3","2","","3","Y","2031","2","3","0","0","0","0","2","1","0","2","","","","N","","","","","","","","","",""
"2023025991","0900","2","0","0","0","0","0","0","0","0","4","0","","14","2","2023","2","40.811802","-77.858562","0858","2","0","0","0","0","0","0","0","0","","0","0","0","08","","1","N","0","","40 48:42.486","6","7","77 51:30.823","4","0","0","0","14204","0","0","0","N","0","0","0","2","14501","1","","1.0","1000.0","1","N","N","N","0","","0","0","0","","0","N","0858","2","1","0","0","0","0","0","2","0","2","","","","N","","","","","","","","","",""
"2023027023","1725","0","0","0","0","0","0","0","0","0","7","0","","14","3","2023","6","40.867289","-77.936306","1718","2","0","0","0","0","0","0","0","0","","0","0","0","17","","1","N","0","","40 52:02.239","1","0","77 56:10.700","4","0","0","0","14212","0","0","0","N","0","0","0","1","68G07","1","","4.0","1800.0","9","N","N","N","1","","0","0","0","","0","N","1713","1","1","1","0","0","0","0","1","0","1","","","","N","","","","","","","","","",""
"2023015075","1813","1","0","0","0","0","0","0","0","0","4","0","","14","2","2023","3","40.806211","-77.88886","1805","2","0","0","1","0","0","0","0","0","","0","0","0","18","","0","","2","","40 48:22.361","2","0","77 53:19.897","0","0","0","0","14206","0","0","0","N","0","0","0","4","14206","0","","1.0","1851.0","1","N","N","N","0","","0","0","1","","0","N","1804","2","0","0","0","0","0","0","2","0","2","","","","N","","","","","","","","","",""
"2023023155","0703","1","0","0","0","0","0","0","0","0","1","0","","14","3","2023","6","40.809319","-77.711325","0647","2","0","0","0","0","0","0","0","0","","0","0","0","06","","2","N","0","","40 48:33.548","3","7","77 42:40.769","3","0","0","0","14218","0","0","0","N","0","0","0","2","68G07","1","","1.0","800.0","1","N","N","N","0","","1","0","1","","0","N","0644","2","2","0","0","0","0","0","1","0","2","","","","N","","","","","","","","","",""
"2023004006","0737","1","0","0","0","0","0","0","0","0","1","0","","14","1","2023","5","40.833942","-77.802609","0728","2","0","0","0","0","0","1","0","0","","0","0","0","07","","0","N","0","","40 50:02.191","","7","77 48:09.391","0","0","0","0","14204","0","0","0","N","0","0","0","2","14410","0","","1.0","","9","N","N","N","1","","0","0","0","","2","","0725","2","0","0","0","0","0","0","2","0","2","","04","","N","","","","","","","","","",""
"2023011495","1815","0","0","0","0","0","0","0","0","0","0","0","","14","1","2023","6","40.756868","-78.224178","1810","2","0","0","0","0","0","1","0","0","","0","0","0","18","","0","N","0","","40 45:24.724","1","0","78 13:27.040","0","0","0","0","14222","0","0","0","N","0","0","0","1","68G07","0","","4.0","1923.0","1","N","N","N","0","","0","0","1","","0","N","1801","1","0","0","0","0","0","0","1","0","1","","03","","N","","","","","","","","","",""
"2023001711","0620","1","0","0","0","0","0","0","0","0","7","0","","14","1","2023","5","40.792304","-77.899667","0619","2","0","0","0","0","0","0","0","0","","0","0","0","06","","0","","2","","40 47:32.295","1","0","77 53:58.802","0","0","0","0","14206","0","0","0","N","0","0","0","3","14206","0","","4.0","704.0","1","N","N","N","0","","0","0","0","","3","N","0619","1","0","0","0","0","0","0","2","0","1","","","","N","","","","","","","","","",""
"2023032202","1348","1","0","0","0","0","0","0","0","0","4","0","","14","4","2023","7","40.841211","-77.990486","1324","2","1","0","0","0","0","0","0","1","","0","0","0","13","","1","N","0","","40 50:28.361","","7","77 59:25.748","3","0","0","0","14212","0","0","0","N","0","0","0","2","68G07","0","","1.0","","1","N","N","N","0","","1","0","0","","0","","1319","2","1","0","0","0","0","0","1","1","2","","","","N","","","","","","","","","",""
"2023006965","1230","0","0","0","0","0","0","0","0","0","1","0","","14","1","2023","7","40.831556","-77.885472","1225","2","0","0","0","0","0","1","0","0","","0","0","0","12","","0","N","0","","40 49:53.600","3","0","77 53:07.700","0","0","0","0","14216","0","0","0","N","0","0","0","5","14216","0","","1.0","1240.0","1","N","N","N","0","","0","0","2","","0","N","1223","2","0","0","0","0","0","0","2","0","2","","","","N","","","","","","","","","",""
"2023017862","0526","0","0","0","0","0","0","0","0","0","7","0","","14","1","2023","2","40.789083","-77.906321","0525","2","0","0","0","0","0","0","0","0","","0","0","0","05","","0","","1","","40 47:20.697","3","0","77 54:22.756","0","0","0","0","14206","0","0","0","N","0","0","0","1","14206","0","","4.0","630.0","7","N","N","N","0","","0","0","1","","2","N","0525","1","0","0","0","0","0","0","2","0","1","","","","N","","","","","","","","","",""
"2023024374","1226","1","0","0","0","0","0","0","0","0","4","0","","14","3","2023","5","40.784325","-77.844662","1222","2","0","0","0","0","0","0","0","0","","0","0","0","12","","0","","2","","40 47:03.570","","0","77 50:40.782","0","0","0","0","14410","0","0","0","N","0","0","0","3","14410","0","","1.0","","1","N","N","N","0","","0","0","1","","3","","1222","2","0","0","0","0","0","0","2","0","2","","03","","N","","","","","","","","","",""
"2023025622","1249","0","0","0","0","0","0","0","0","0","0","0","","14","3","2023","7","40.808491","-77.947901","1246","2","0","0","0","1","0","0","0","0","","0","0","0","12","","0","N","0","","40 48:30.569","6","0","77 56:52.443","0","0","0","0","14216","0","0","0","N","0","0","0","3","14216","0","","1.0","1400.0","1","N","N","N","0","","0","0","1","","0","Y","1246","1","0","0","0","0","0","0","2","0","1","","","","N","","","","","","","","","",""
"2023013325","0428","0","0","0","0","0","0","0","0","0","7","0","","14","1","2023","1","40.894227","-77.893664","0410","2","0","0","0","0","0","0","0","0","","0","0","0","04","","0","N","0","","40 53:39.218","","0","77 53:37.190","0","0","0","0","14223","0","0","0","N","0","0","0","1","68G07","0","","4.0","","1","N","N","N","0","","0","0","1","","0","","0409","1","0","0","0","0","0","0","1","0","1","","03","","N","","","","","","","","","",""
"2023025723","0846","0","0","0","0","0","0","0","0","0","7","0","","14","3","2023","3","40.781886","-77.864441","0843","2","0","0","1","0","0","0","0","0","","0","0","0","08","","0","","2","","40 46:54.791","","0","77 51:51.989","0","0","0","0","14410","0","0","0","N","0","0","0","3","14410","0","","4.0","","1","N","N","N","0","","0","0","1","","0","","0843","1","0","0","0","0","0","0","2","0","1","","03","","N","","","","","","","","","",""
"2023025252","0727","0","0","0","0","0","0","0","0","0","98","0","","14","3","2023","2","40.885534","-77.713057","0715","2","0","0","0","0","0","1","0","0","","0","0","0","07","","0","N","0","","40 53:07.923","6","0","77 42:47.005","0","0","0","0","14221","0","0","0","N","0","0","0","1","14221","0","","1.0","802.0","1","N","N","N","0","","0","0","1","","3","N","0708","1","0","0","0","0","0","0","1","0","1","","","","N","","","","","","","","","",""
"2023019973","1024","1","0","0","0","0","0","0","0","0","1","0","","14","3","2023","5","40.798759","-77.847316","1020","2","0","0","0","0","0","0","1","0","","0","0","0","10","","1","N","0","","40 47:55.532","","0","77 50:50.339","4","0","0","0","14410","0","0","0","N","0","0","0","2","14410","1","","1.0","","1","N","N","N","0","","0","0","1","","0","","1018","2","1","0","0","0","0","0","2","0","2","","","","N","","","","","","","","","",""
"2023034441","0941","0","0","0","0","0","0","0","0","0","4","0","","14","4","2023","4","40.795718","-77.857273","0937","2","0","0","0","0","0","0","0","0","","0","0","0","09","","0","","1","","40 47:44.584","","0","77 51:26.181","0","0","0","0","14410","0","0","0","N","0","0","0","3","14410","0","","1.0","","1","N","N","N","0","","0","0","2","","0","","0935","2","0","0","0","0","0","0","2","0","2","","","","N","","","","","","","","","",""
"2023028551","1758","1","0","0","0","0","0","0","0","0","4","0","","14","3","2023","5","40.817074","-77.889294","1754","2","0","0","0","1","0","0","1","0","","0","0","0","17","","0","","2","","40 49:01.468","2","0","77 53:21.459","0","0","0","0","14216","0","0","0","N","0","0","0","3","14216","0","","1.0","1825.0","1","N","N","N","0","","0","0","1","","3","N","1752","2","0","0","0","0","0","0","2","0","2","","03","","N","","","","","","","","","",""
"2023029226","1311","0","0","0","0","0","0","0","0","0","4","0","","14","4","2023","1","40.942175","-77.72566","1305","2","0","0","1","0","0","0","0","0","","0","0","0","13","","2","","2","","40 56:31.829","5","2","77 43:32.376","8","0","0","0","14221","0","0","0","N","0","0","0","4","14221","0","","1.0","1416.0","1","N","N","N","0","","0","0","1","","0","Y","1303","2","2","0","0","0","2","0","1","1","2","","","","N","","","","","","","","","",""
"2023009325","0259","0","0","0","0","0","0","0","0","0","4","0","","14","1","2023","7","40.792339","-77.863433","0259","2","0","0","0","0","0","1","0","0","","0","0","0","02","","0","","1","","40 47:32.420","2","0","77 51:48.358","0","0","0","0","14410","0","0","0","N","0","0","0","2","14410","0","","1.0","330.0","1","N","N","N","1","","0","0","1","","3","N","0259","2","0","0","0","0","0","0","2","0","2","","","","N","","","","","","","","","",""
"2023016102","1057","1","0","0","0","0","0","0","0","0","4","0","","14","2","2023","7","40.831713","-77.804163","1050","2","0","0","0","0","0","0","0","2","","0","0","0","10","","0","N","0","","40 49:54.167","","7","77 48:14.986","0","0","0","0","14204","0","0","0","N","0","0","0","4","14410","0","","1.0","","1","N","N","N","0","","0","0","1","","1","","1048","2","0","1","0","0","0","0","2","0","2","","03","","N","","","","","","","","","",""
"2023030742","1802","0","0","0","0","0","0","0","0","0","4","0","","14","4","2023","5","40.79528","-77.857858","1759","2","0","0","0","0","0","0","0","0","","0","0","0","17","","0","","2","","40 47:43.008","","0","77 51:28.287","0","0","0","0","14410","0","0","0","N","0","0","0","3","14410","0","","1.0","","1","N","N","N","0","","0","0","2","","0","","1755","2","0","0","0","0","0","0","2","0","2","","","","N","","","","","","","","","",""
"2023027318","0020","0","0","0","0","0","0","0","0","0","4","0","","14","3","2023","4","40.799417","-77.859444","0020","2","0","0","1","1","0","0","0","0","","0","0","0","00","","1","N","0","","40 47:57.900","5","0","77 51:34.000","3","0","0","0","14410","0","0","0","N","0","0","0","2","14501","0","","1.0","40.0","1","N","N","N","0","","1","0","1","","0","Y","0016","2","1","0","0","0","0","0","2","0","2","","","","N","","","","","","","","","",""
"2023011255","1440","1","0","0","0","0","0","0","0","0","4","0","","14","1","2023","3","40.726451","-77.935002","1432","2","0","0","0","0","0","1","0","1","","0","0","0","14","","0","","2","","40 43:35.223","","0","77 56:06.007","0","0","0","0","14206","0","0","0","N","0","0","0","2","14206","0","","1.0","","1","N","N","N","1","","0","0","0","","3","","1430","2","0","0","0","0","0","0","1","0","2","","","","N","","","","","","","","","",""
"2023027189","1426","1","0","0","0","0","0","0","0","0","8","0","","14","3","2023","1","40.796219","-77.859222","1422","2","0","0","0","0","0","1","0","0","","0","0","0","14","","1","","2","","40 47:46.390","","0","77 51:33.198","3","0","0","0","14410","1","0","0","N","1","0","0","3","14410","0","","1.0","","1","N","N","N","0","","1","0","0","","0","N","1400","2","1","0","0","0","0","0","2","0","1","","","","N","","","","","","","","","",""
"2023016979","1129","1","0","0","0","0","0","0","0","0","4","0","","14","2","2023","3","40.808222","-77.857726","1124","2","0","0","0","0","0","0","0","0","","0","0","0","11","","1","N","0","","40 48:29.598","","7","77 51:27.813","3","0","0","0","14410","0","0","0","N","0","0","0","4","14410","0","","1.0","","9","N","N","N","0","","1","0","1","","2","","1122","2","1","0","0","0","0","0","2","0","2","","","","N","","","","","","","","","",""
"2023033198","1505","1","0","0","0","0","0","0","0","0","2","0","","14","4","2023","6","40.821524","-77.901749","1502","2","0","0","0","0","1","1","0","0","","0","0","0","15","","5","","2","","40 49:17.488","2","0","77 54:06.297","8","0","0","0","14216","0","0","0","N","0","0","0","7","14216","0","","1.0","1400.0","1","N","N","N","0","","0","0","1","","3","N","1502","2","5","0","0","0","5","0","1","0","2","","","","N","","","","","","","","","",""
"2023036407","1251","1","0","0","0","0","0","0","0","0","4","0","","14","4","2023","3","40.793319","-77.857238","1247","2","0","0","0","0","1","0","0","0","","0","0","0","12","","0","","1","","40 47:35.948","","0","77 51:26.056","0","0","0","0","14410","0","0","0","N","0","0","0","2","14410","0","","1.0","","1","N","N","N","0","","0","0","1","","3","","1242","2","0","0","0","0","0","0","2","0","2","","03","","N","","","","","","","","","",""
"2023043445","1601","2","0","0","0","0","0","0","0","0","2","0","","14","5","2023","3","40.784731","-77.852258","1558","2","0","0","1","0","0","0","1","0","","0","0","0","15","","0","","2","","40 47:05.031","","0","77 51:08.128","0","0","0","0","14410","0","0","0","N","0","0","0","2","14410","0","","1.0","","1","N","N","N","0","","0","0","0","","0","","1558","2","0","0","0","0","0","0","2","0","2","","03","","N","","","","","","","","","",""
"2023002678","1633","1","0","0","0","0","0","0","0","0","1","0","","14","1","2023","1","40.780128","-77.741228","1633","2","0","0","0","0","1","1","0","0","","0","0","0","16","","0","N","0","","40 46:48.461","1","0","77 44:28.420","0","0","0","0","14210","0","0","0","N","0","0","0","2","14410","0","","1.0","1655.0","1","N","N","N","0","","0","0","1","","0","N","1630","2","0","0","0","0","0","0","1","0","2","","03","","N","","","","","","","","","",""
"2023018715","0830","0","0","0","0","0","0","0","0","0","1","0","","14","2","2023","2","40.813483","-77.858237","0826","2","0","0","0","0","0","0","0","0","","0","0","0","08","","0","Y","0","","40 48:48.539","","0","77 51:29.652","0","0","0","0","14204","0","0","0","N","0","0","0","2","14410","0","","1.0","","1","N","N","N","0","","0","0","1","","0","","0825","2","0","0","0","0","0","0","2","1","2","","03","","N","","","","","","","","","",""
"2023015100","2047","0","0","0","0","0","0","0","0","0","7","0","","14","2","2023","3","40.783111","-77.853583","2046","2","0","0","0","0","0","0","0","1","","0","0","0","20","","2","N","0","","40 46:59.200","6","0","77 51:12.900","3","0","0","0","14410","0","0","0","N","0","0","0","2","14410","1","","4.0","2341.0","1","N","N","N","0","","1","0","1","","1","Y","2045","1","2","0","0","0","0","0","2","0","1","","","","N","","","","","","","","","",""
"2023029350","2006","0","0","0","0","0","0","0","0","0","5","0","","14","4","2023","1","40.814885","-77.816554","2004","2","0","0","0","0","0","0","0","1","","0","0","0","20","","0","N","0","","40 48:53.586","","0","77 48:59.595","0","0","0","0","14204","0","0","0","N","0","0","0","1","14410","0","","6.0","","1","N","N","Y","2","","0","0","1","","0","","2003","3","0","0","0","0","0","0","2","0","3","","03","","N","","","","","","","","","",""
"2023005603","1207","1","0","0","0","0","0","0","0","0","1","0","","14","1","2023","3","","","1153","2","0","0","0","0","0","0","0","0","","0","0","0","11","","1","N","1","","40 47:07.4","","7","77 49:55.9","3","0","0","0","14204","0","0","0","N","0","0","0","3","14410","0","","1.0","","9","N","N","N","0","","1","0","0","","3","","1152","2","1","0","0","0","0","1","1","1","2","","","","N","","","","","","","","","",""
"2023036352","1757","2","0","0","0","0","0","0","0","0","1","0","","14","4","2023","2","40.798109","-77.874632","1753","2","0","0","0","0","0","0","0","0","","0","0","0","17","","1","N","0","","40 47:53.192","1","0","77 52:28.675","3","0","0","0","14410","0","0","0","N","0","0","0","2","14410","0","","1.0","1832.0","9","N","N","N","0","","1","0","0","","2","N","1751","2","1","0","0","0","0","0","2","0","2","","","","N","","","","","","","","","",""
"2023002533","1938","1","0","0","0","0","0","0","0","0","4","0","","14","1","2023","7","40.831718","-77.80416","1926","2","0","0","0","0","0","0","0","0","","0","0","0","19","","0","N","0","","40 49:54.184","","7","77 48:14.977","0","0","0","0","14204","0","0","0","N","0","0","0","3","14410","0","","1.0","","1","N","N","N","0","","0","0","1","","2","","1924","2","0","0","0","0","0","0","2","0","2","","","","N","","","","","","","","","",""
"2023027669","2314","1","0","0","0","0","0","0","0","0","7","0","","14","3","2023","6","40.942175","-77.72566","2309","2","0","0","0","1","0","0","0","0","","0","0","0","23","","0","","2","","40 56:31.829","","2","77 43:32.376","0","0","0","0","14221","0","0","0","N","0","0","0","2","14221","0","","4.0","","9","N","N","N","0","","0","0","0","","0","","2307","1","0","0","0","0","0","0","1","0","1","","03","","N","","","","","","","","","",""
"2023035438","1740","0","0","0","0","0","0","0","0","0","4","1","","14","4","2023","6","40.812503","-77.895991","1735","2","0","0","0","0","0","1","0","0","","0","1","0","17","","3","","1","","40 48:45.010","5","0","77 53:45.568","4","0","0","0","14216","0","0","0","N","0","0","0","3","14216","3","","1.0","1800.0","9","N","N","N","0","","0","0","1","","2","Y","1730","2","3","0","0","0","0","0","2","0","2","","","","N","","","","","","","","","",""
"2023027754","2104","1","0","0","0","0","0","0","0","0","7","0","","14","3","2023","7","40.858533","-77.951654","2104","2","0","0","0","0","0","0","0","0","","0","0","0","13","","1","N","0","","40 51:30.717","","0","77 57:05.953","3","0","0","0","14212","0","0","0","Y","0","0","0","1","68G07","0","","4.0","","9","N","N","N","0","","1","0","0","","0","","1330","1","1","0","0","0","0","0","1","0","1","","","","N","","","","","","","","","",""
"2023028281","1544","0","0","0","0","0","0","0","0","0","7","0","","14","3","2023","3","40.933206","-77.708952","1538","2","0","0","0","0","0","0","1","0","","0","0","0","15","","0","N","0","","40 55:59.540","4","0","77 42:32.227","0","0","0","0","14214","0","0","0","N","0","0","0","1","68G07","0","","4.0","1618.0","1","N","N","N","0","","0","0","1","","0","N","1536","1","0","0","0","0","0","0","1","0","1","","","","N","","","","","","","","","",""
"2023032947","1524","2","0","0","0","0","0","0","0","0","4","0","","14","4","2023","6","40.817982","-77.900231","1523","2","0","0","0","0","0","0","0","1","","0","0","0","15","","3","","1","","40 49:04.735","1","2","77 54:00.830","3","0","0","0","14216","0","0","0","N","0","0","0","3","14216","0","","1.0","1620.0","1","N","N","N","0","","3","0","0","","2","N","1522","2","3","0","0","0","0","0","2","0","2","","03","","N","","","","","","","","","",""
"2023022308","0553","0","0","0","0","0","0","0","0","0","98","0","","14","3","2023","5","40.826495","-77.951596","0545","2","0","0","0","0","0","0","0","0","","0","0","0","05","","0","N","0","","40 49:35.381","","0","77 57:05.745","0","0","0","0","14216","0","0","0","N","0","0","0","2","14216","0","","1.0","","1","N","N","N","0","","0","0","1","","0","","0543","1","0","0","0","0","0","0","2","0","1","","03","","N","","","","","","","","","",""
"2023025585","0412","1","0","0","0","0","0","0","0","0","7","0","","14","3","2023","1","40.805222","-77.925028","0409","2","0","0","0","0","0","0","0","0","","0","0","0","04","","0","N","0","","40 48:18.800","","0","77 55:30.100","0","0","0","0","14216","0","0","0","N","0","0","0","1","14216","0","","5.0","","1","N","N","N","0","","0","0","0","","0","","0409","1","0","0","0","0","0","0","2","0","1","","","","N","","","","","","","","","",""
"2023037054","0600","0","0","0","0","0","0","0","0","0","7","1","","14","3","2023","5","40.835991","-78.124135","0541","2","0","0","0","0","0","0","0","0","","0","1","0","05","","0","N","0","","40 50:09.566","3","0","78 07:26.886","0","0","0","0","14219","0","0","0","Y","0","0","0","2","68G07","0","","4.0","645.0","1","N","N","N","0","","0","0","0","","0","N","0537","1","0","1","0","0","0","0","1","0","1","","","","N","","","","","","","","","",""
"2023014336","1855","1","0","0","0","0","0","0","0","0","8","0","","14","2","2023","3","40.801833","-77.858417","1800","2","0","0","0","0","0","0","0","0","","0","0","0","18","","1","N","0","","40 48:06.600","","0","77 51:30.300","3","0","0","0","14410","1","0","0","N","1","0","0","3","14501","0","","1.0","","9","N","N","N","0","","1","0","0","","0","","1850","2","1","0","0","0","0","0","2","0","1","","","","N","","","","","","","","","",""
"2023020368","1715","1","0","0","0","0","0","0","0","0","7","0","","14","3","2023","6","40.720438","-77.955531","1654","2","0","0","0","0","0","1","0","0","","0","0","0","16","","0","","2","","40 43:13.577","","0","77 57:19.911","0","0","0","0","14206","0","0","0","N","0","0","0","1","14206","0","","4.0","","9","N","N","N","0","","0","0","0","","0","","1652","1","0","0","0","0","0","0","1","0","1","","07","","N","","","","","","","","","",""
"2023021933","1743","1","0","0","0","0","0","0","0","0","5","0","","14","3","2023","4","40.775973","-77.79109","1742","2","0","0","0","0","0","1","0","0","","0","0","0","17","","0","N","0","","40 46:33.501","","0","77 47:27.923","0","0","0","0","14210","0","0","0","N","0","0","0","1","14410","0","","6.0","","1","N","N","N","0","","0","0","1","","0","","1732","2","0","0","0","0","0","0","2","0","2","","","","N","","","","","","","","","",""
"2023013970","1940","0","0","0","0","0","0","0","0","0","1","0","","14","2","2023","6","40.784439","-77.844256","1926","2","0","0","0","0","0","0","0","0","","0","0","0","19","","3","","2","","40 47:03.982","","0","77 50:39.322","3","0","0","0","14410","0","0","0","N","0","0","0","4","14410","0","","1.0","","1","N","N","N","0","","3","0","2","","0","","1926","2","3","0","0","0","0","0","2","0","2","","03","","N","","","","","","","","","",""
"2023021992","0857","0","0","0","0","0","0","0","0","0","7","0","","14","3","2023","1","41.106594","-77.753811","0828","2","0","0","0","0","0","0","0","0","","0","0","0","00","","0","N","0","","41 06:23.740","","0","77 45:13.720","0","0","0","0","14205","0","0","0","N","0","0","0","1","68G07","0","","4.0","","3","N","N","N","1","","0","0","0","","0","","0000","1","0","1","0","0","0","0","1","0","1","","","","N","","","","","","","","","",""
"2023017818","1705","0","0","0","0","0","0","0","0","0","1","0","","14","2","2023","4","40.88237","-77.779948","1701","2","0","0","0","0","0","1","0","0","","0","0","0","16","","1","N","0","","40 52:56.531","","0","77 46:47.812","4","0","0","0","14201","0","0","0","N","0","0","0","2","68G07","1","","1.0","","1","N","N","N","1","","0","0","1","","0","","1659","2","1","0","0","0","0","0","2","0","2","","","","N","","","","","","","","","",""
"2023009232","1235","0","0","0","0","0","0","0","0","0","7","0","","14","1","2023","4","40.813474","-77.639669","1234","2","1","0","0","0","0","0","0","0","","0","0","0","12","","0","N","0","","40 48:48.508","1","0","77 38:22.807","0","0","0","0","14218","0","0","0","N","0","0","0","1","68G07","0","","4.0","100.0","7","N","N","N","1","","0","0","0","","0","N","1233","1","0","0","0","0","0","0","1","0","1","","","","N","","","","","","","","","",""
"2023015952","1810","1","0","0","0","0","0","0","0","0","4","0","","14","2","2023","6","40.816275","-77.899368","1810","2","0","0","0","0","0","0","0","0","","0","0","0","18","","0","","1","","40 48:58.591","2","0","77 53:57.725","0","0","0","0","14216","0","0","0","N","0","0","0","2","14216","0","","1.0","1845.0","1","N","N","N","0","","0","0","1","","2","N","1809","2","0","0","0","0","0","0","2","0","2","","03","","N","","","","","","","","","",""
"2023029525","1542","1","0","0","0","0","0","0","0","0","1","0","","14","4","2023","2","40.781712","-77.877654","1541","2","0","0","0","0","0","1","0","0","","0","0","0","15","","1","N","0","","40 46:54.162","4","0","77 52:39.553","4","0","0","0","14206","0","0","0","N","0","0","0","3","14206","1","","1.0","1604.0","1","N","N","N","0","","0","0","1","","0","N","1540","2","1","0","0","0","0","0","2","0","2","","","","N","","","","","","","","","",""
"2023024562","1750","0","0","0","0","0","0","0","0","0","8","0","","14","3","2023","5","40.832139","-77.807694","1735","2","0","0","0","0","0","0","0","1","","0","0","0","17","","1","N","0","","40 49:55.700","","7","77 48:27.700","3","0","0","0","14204","1","0","0","N","1","0","0","2","14410","0","","1.0","","1","N","N","N","0","","1","0","1","","0","","1735","2","1","0","0","0","0","0","2","0","1","","03","","N","","","","","","","","","",""
"2023018038","1715","1","0","0","0","0","0","0","0","0","4","0","","14","2","2023","6","40.804469","-77.895739","1712","2","0","0","0","0","0","1","0","1","","0","0","0","17","","0","N","0","","40 48:16.090","4","7","77 53:44.660","0","0","0","0","14206","0","0","0","N","0","0","0","2","14206","0","","1.0","1747.0","1","N","N","N","0","","0","0","1","","0","N","1710","2","0","0","0","0","0","0","2","0","2","","","","N","","","","","","","","","",""