"CRN","ARRIVAL_TM","AUTOMOBILE_COUNT","BELTED_DEATH_COUNT","BELTED_SUSP_SERIOUS_INJ_COUNT","BICYCLE_COUNT","BICYCLE_DEATH_COUNT","BICYCLE_SUSP_SERIOUS_INJ_COUNT","BUS_COUNT","CHLDPAS_DEATH_COUNT","CHLDPAS_SUSP_SERIOUS_INJ_COUNT","COLLISION_TYPE","COMM_VEH_COUNT","CONS_ZONE_SPD_LIM","COUNTY","CRASH_MONTH","CRASH_YEAR","DAY_OF_WEEK","DEC_LATITUDE","DEC_LONGITUDE","DISPATCH_TM","DISTRICT","DRIVER_COUNT_16YR","DRIVER_COUNT_17YR","DRIVER_COUNT_18YR","DRIVER_COUNT_19YR","DRIVER_COUNT_20YR","DRIVER_COUNT_50_64YR","DRIVER_COUNT_65_74YR","DRIVER_COUNT_75PLUS","EST_HRS_CLOSED","FATAL_COUNT","HEAVY_TRUCK_COUNT","HORSE_BUGGY_COUNT","HOUR_OF_DAY","ILLUMINATION","INJURY_COUNT","INTERSECTION_RELATED","INTERSECT_TYPE","LANE_CLOSED","LATITUDE","LN_CLOSE_DIR","LOCATION_TYPE","LONGITUDE","MAX_SEVERITY_LEVEL","MCYCLE_DEATH_COUNT","MCYCLE_SUSP_SERIOUS_INJ_COUNT","MOTORCYCLE_COUNT","MUNICIPALITY","NONMOTR_COUNT","NONMOTR_DEATH_COUNT","NONMOTR_SUSP_SERIOUS_INJ_COUNT","NTFY_HIWY_MAINT","PED_COUNT","PED_DEATH_COUNT","PED_SUSP_SERIOUS_INJ_COUNT","PERSON_COUNT","POLICE_AGCY","POSSIBLE_INJ_COUNT","RDWY_SURF_TYPE_CD","RELATION_TO_ROAD","ROADWAY_CLEARED","ROAD_CONDITION","SCH_BUS_IND","SCH_ZONE_IND","SECONDARY_CRASH","SMALL_TRUCK_COUNT","SPEC_JURIS_CD","SUSP_MINOR_INJ_COUNT","SUSP_SERIOUS_INJ_COUNT","SUV_COUNT","TCD_FUNC_CD","TCD_TYPE","TFC_DETOUR_IND","TIME_OF_DAY","TOTAL_UNITS","TOT_INJ_COUNT","UNBELTED_OCC_COUNT","UNB_DEATH_COUNT","UNB_SUSP_SERIOUS_INJ_COUNT","UNK_INJ_DEG_COUNT","UNK_INJ_PER_COUNT","URBAN_RURAL","VAN_COUNT","VEHICLE_COUNT","WEATHER1","WEATHER2","WORKERS_PRES","WORK_ZONE_IND","WORK_ZONE_LOC","WORK_ZONE_TYPE","WZ_CLOSE_DETOUR","WZ_FLAGGER","WZ_LAW_OFFCR_IND","WZ_LN_CLOSURE","WZ_MOVING","WZ_OTHER","WZ_SHLDER_MDN","WZ_WORKERS_INJ_KILLED"
"2023062212","2307","2","0","0","0","0","0","0","0","0","1","0","","14","7","2023","5","40.794408","-77.861627","2307","2","0","0","0","0","2","0","0","0","","0","0","0","","","0","","2","","40 47:39.868","4","0","77 51:41.858","0","0","0","0","14410","0","0","0","N","0","0","0","3","14410","0","","1.0","2355.0","1","N","N","N","0","","0","0","0","","2","N","","2","0","0","0","0","0","0","2","0","2","","03","","N","","","","","","","","","",""
"2023060345","1931","1","0","0","1","0","1","0","0","0","8","0","","14","7","2023","7","40.788215","-77.856178","1928","2","0","0","0","0","0","0","0","0","","0","0","0","","","1","","1","","40 47:17.574","7","0","77 51:22.240","2","0","0","0","14410","1","0","1","N","0","0","0","2","14410","0","","1.0","2015.0","1","N","N","N","0","","0","1","0","","3","N","","2","1","0","0","0","0","0","2","0","1","","03","","N","","","","","","","","","",""
"2023072070","1405","1","0","0","0","0","0","0","0","0","1","0","","14","8","2023","3","40.784659","-77.829912","1359","2","0","0","1","0","0","0","0","1","","0","0","0","","","0","Y","0","","40 47:04.774","2","0","77 49:47.684","0","0","0","0","14204","0","0","0","N","0","0","0","3","14410","0","","1.0","1425.0","9","N","N","N","0","","0","0","1","","2","N","","2","0","0","0","0","0","0","1","0","2","","","","N","","","","","","","","","",""
"2023070730","2120","0","0","0","0","0","0","0","0","0","98","0","","14","6","2023","1","40.988607","-78.028545","2056","2","0","0","0","0","0","0","0","0","","0","0","0","","","0","N","0","","40 59:18.984","","0","78 01:42.762","0","0","0","0","14220","0","0","0","N","0","0","0","1","68G07","0","","1.0","","1","N","N","N","0","","0","0","0","","0","","","1","0","0","0","0","0","0","1","1","1","","","","N","","","","","","","","","",""
"2023059197","1538","2","0","0","0","0","0","0","0","0","4","0","","14","7","2023","4","40.797983","-77.856902","1536","2","0","1","0","0","0","0","0","0","","0","0","0","","","0","N","1","","40 47:52.740","","0","77 51:24.846","0","0","0","0","14410","0","0","0","N","0","0","0","2","14410","0","","1.0","","1","N","N","N","0","","0","0","0","","2","","","2","0","0","0","0","0","0","2","0","2","","03","","N","","","","","","","","","",""
"2023052507","1815","1","0","0","0","0","0","0","0","0","1","0","","14","6","2023","2","40.794347","-77.859121","1813","2","0","0","0","0","0","0","0","0","","0","0","0","","","0","","1","","40 47:39.648","","0","77 51:32.837","0","0","0","0","14410","0","0","0","N","0","0","0","2","14410","0","","1.0","","9","N","N","N","0","","0","0","1","","2","","","2","0","0","0","0","0","0","2","0","2","","03","","N","","","","","","","","","",""
"2023061177","1053","0","0","1","0","0","0","0","0","0","0","0","","14","7","2023","3","40.808252","-77.824994","1050","2","0","0","0","0","0","0","0","1","","0","0","0","","","1","N","0","","40 48:29.707","4","0","77 49:29.977","2","0","0","0","14204","0","0","0","N","0","0","0","1","14410","0","","1.0","1130.0","1","N","N","N","0","","0","1","1","","0","N","","1","1","0","0","0","0","0","2","0","1","","03","","N","","","","","","","","","",""
"2023059306","0831","0","0","0","0","0","0","0","0","0","7","0","","14","6","2023","5","40.942077","-77.453446","0804","2","0","0","0","0","0","0","0","0","","0","0","0","","","0","N","0","","40 56:31.477","","0","77 27:12.406","0","0","0","0","14215","0","0","0","N","0","0","0","1","68G07","0","","5.0","","9","N","N","N","1","","0","0","0","","0","","","1","0","0","0","0","0","0","1","0","1","","04","","N","","","","","","","","","",""
"2023066429","1303","0","0","0","0","0","0","0","0","0","7","0","","14","6","2023","4","40.974093","-77.657454","1252","2","0","0","0","0","0","0","0","0","","0","0","0","","","2","N","0","","40 58:26.733","6","0","77 39:26.834","2","0","0","0","14214","0","0","0","N","0","0","0","2","68G07","0","","4.0","1400.0","1","N","N","N","0","","1","1","1","","0","Y","","1","2","1","0","1","0","0","1","0","1","","","","N","","","","","","","","","",""
"2023064382","1241","0","0","0","0","0","0","0","0","0","4","0","","14","7","2023","5","40.762709","-77.880783","1240","2","0","0","0","0","0","0","0","0","","0","0","0","","","2","","1","","40 45:45.753","1","0","77 52:50.817","3","0","0","0","14206","0","0","0","N","0","0","0","2","14206","0","","1.0","1320.0","1","N","N","N","0","","2","0","2","","0","N","","2","2","0","0","0","0","0","2","0","2","","","","N","","","","","","","","","",""
"2023056499","0012","0","0","0","0","0","0","0","0","0","98","0","","14","6","2023","1","40.850825","-77.86555","0001","2","0","0","1","0","0","0","0","0","","0","0","0","","","0","N","0","","40 51:02.970","","0","77 51:55.980","0","0","0","0","14201","0","0","0","N","0","0","0","1","68G07","0","","1.0","","1","N","N","N","0","","0","0","1","","0","","","1","0","0","0","0","0","0","1","0","1","","","","N","","","","","","","","","",""
"2023067906","0416","1","0","0","0","0","0","0","0","0","2","0","","14","7","2023","4","40.896611","-78.22029","0415","2","0","0","0","0","0","1","0","1","","0","0","0","","","1","","1","","40 53:47.798","5","0","78 13:13.043","4","0","0","0","14406","0","0","0","N","0","0","0","2","68G07","1","","1.0","455.0","1","N","N","N","0","","0","0","1","","2","N","","2","1","0","0","0","0","0","2","0","2","","03","","N","","","","","","","","","",""
"2023059314","1751","1","0","0","0","0","0","0","0","0","1","0","","14","6","2023","2","40.825487","-77.68828","1731","2","0","0","0","0","0","0","0","1","","0","0","0","","","2","","2","","40 49:31.754","4","0","77 41:17.808","4","0","0","0","14218","0","0","0","N","0","0","0","4","68G07","2","","1.0","1830.0","1","N","N","N","0","","0","0","1","","0","N","","2","2","2","0","0","0","0","1","0","2","","","","N","","","","","","","","","",""
"2023059289","2145","1","0","0","0","0","0","0","0","0","98","0","","14","6","2023","2","40.855563","-77.95844","2133","2","0","0","0","0","0","1","0","0","","0","0","0","","","0","N","0","","40 51:20.026","1","0","77 57:30.385","0","0","0","0","14212","0","0","0","N","0","0","0","1","68G07","0","","1.0","951.0","1","N","N","N","0","","0","0","0","","0","N","","1","0","0","0","0","0","0","1","0","1","","","","N","","","","","","","","","",""
"2023056477","1139","2","0","0","0","0","0","0","0","0","4","0","","14","6","2023","5","40.901328","-78.217329","1135","2","0","0","0","0","0","0","1","1","","0","0","0","","","2","","1","","40 54:04.780","5","0","78 13:02.384","3","0","0","0","14406","0","0","0","N","0","0","0","3","68G07","0","","1.0","1210.0","9","N","N","N","0","","2","0","0","","3","Y","","2","2","3","0","0","0","0","2","0","2","","","","N","","","","","","","","","",""
"2023067271","1306","1","0","0","0","0","0","0","0","0","4","0","","14","7","2023","7","40.810668","-77.906854","1301","2","0","0","0","0","0","1","0","0","","0","0","0","","","0","Y","0","","40 48:38.404","","0","77 54:24.675","0","0","0","0","14216","0","0","0","N","0","0","0","3","14216","0","","1.0","","1","N","N","N","0","","0","0","1","","3","","","2","0","0","0","0","0","0","2","0","2","","","","N","","","","","","","","","",""
"2023058036","2302","1","0","0","0","0","0","0","0","0","5","0","","14","6","2023","4","40.792694","-77.863951","2302","2","1","0","0","0","0","0","1","0","","0","0","0","","","1","","1","","40 47:33.698","2","0","77 51:50.224","3","0","0","1","14410","0","0","0","N","0","0","0","4","14410","0","","1.0","2330.0","1","N","N","N","0","","1","0","0","","2","N","","2","1","0","0","0","0","0","2","0","2","","03","","N","","","","","","","","","",""
"2023059330","2229","1","0","0","0","0","0","0","0","0","7","0","","14","6","2023","5","40.83122","-77.983899","2217","2","0","1","0","0","0","0","0","0","","0","0","0","","","0","N","0","","40 49:52.391","2","0","77 59:02.038","0","0","0","0","14212","0","0","0","Y","0","0","0","1","68G07","0","","2.0","2251.0","1","N","N","N","0","","0","0","0","","0","N","","1","0","0","0","0","0","0","1","0","1","","","","N","","","","","","","","","",""
"2023061496","1434","0","0","0","0","0","0","0","0","0","8","0","","14","7","2023","7","40.941664","-77.640513","1423","2","0","0","0","0","0","0","0","1","","0","0","1","","","4","N","0","","40 56:29.992","5","0","77 38:25.848","2","0","0","0","14224","3","0","3","N","0","0","0","6","68G07","0","","1.0","1800.0","1","N","N","N","0","","1","3","0","","0","Y","","2","4","0","0","0","0","0","1","1","1","","","","N","","","","","","","","","",""
"2023070079","0503","0","0","0","0","0","0","0","0","0","7","0","","14","6","2023","1","40.942175","-77.72566","0501","2","0","0","0","0","0","0","0","0","","0","0","0","","","1","","2","","40 56:31.829","","2","77 43:32.376","3","0","0","1","14221","0","0","0","N","0","0","0","1","68G07","0","","3.0","","9","N","N","N","0","","1","0","0","","0","","","1","1","0","0","0","0","0","1","0","1","","07","","N","","","","","","","","","",""
"2023053527","1808","1","0","0","0","0","0","0","0","0","2","0","","14","6","2023","4","40.794575","-77.625101","1755","2","0","0","0","0","0","0","0","0","","0","0","0","","","1","","2","","40 47:40.470","","0","77 37:30.362","3","0","0","0","14218","0","0","0","N","0","0","0","2","68G07","0","","1.0","","1","N","N","N","1","","1","0","0","","0","","","2","1","0","0","0","0","0","1","0","2","","03","","N","","","","","","","","","",""
"2023071944","1200","0","0","0","0","0","0","0","0","0","7","0","","14","8","2023","2","40.867469","-77.783773","1157","2","0","0","0","0","0","0","0","0","","0","0","0","","","0","N","0","","40 52:02.888","","0","77 47:01.581","0","0","0","0","14201","0","0","0","Y","0","0","0","1","68G07","0","","2.0","","1","N","N","N","0","","0","0","1","","0","","","1","0","0","0","0","0","0","2","0","1","","","","N","","","","","","","","","",""
"2023058038","0340","1","0","0","0","0","0","0","0","0","7","0","","14","6","2023","6","40.772028","-77.87125","0334","2","0","0","0","0","0","0","0","0","","0","0","0","","","0","N","0","","40 46:19.300","2","0","77 52:16.500","0","0","0","0","14206","0","0","0","N","0","0","0","1","14206","0","","5.0","445.0","1","N","N","N","0","","0","0","0","","0","N","","1","0","0","0","0","0","0","2","0","1","","03","","N","","","","","","","","","",""
"2023068002","1630","1","0","0","0","0","0","0","0","0","1","0","","14","7","2023","2","40.841286","-77.990284","1615","2","0","0","1","0","0","0","0","0","","0","0","0","","","1","N","0","","40 50:28.631","5","0","77 59:25.023","3","0","0","0","14212","0","0","0","N","0","0","0","2","68G07","0","","1.0","1700.0","1","N","N","N","1","","1","0","0","","0","N","","2","1","0","0","0","0","0","1","0","2","","","","N","","","","","","","","","",""
"2023071820","0315","0","0","0","0","0","0","0","0","0","98","0","","14","8","2023","1","41.023219","-77.942113","0300","2","0","0","0","0","0","0","0","0","","0","0","0","","","1","N","0","","41 01:23.590","4","0","77 56:31.608","4","0","0","0","14220","0","0","0","N","0","0","0","1","68G07","1","","1.0","330.0","9","N","N","N","0","","0","0","1","","0","N","","1","1","0","0","0","0","0","1","0","1","","07","","N","","","","","","","","","",""
"2023059064","2249","1","0","0","0","0","0","0","0","0","1","0","","14","7","2023","3","40.805493","-77.842073","2245","2","0","0","0","1","0","0","0","1","","0","0","0","","","3","N","0","","40 48:19.775","3","0","77 50:31.462","3","0","0","0","14204","0","0","0","N","0","0","0","17","14410","2","","1.0","2345.0","1","N","N","Y","3","","1","0","1","","0","N","","5","3","0","0","0","0","0","2","0","5","","03","","N","","","","","","","","","",""
"2023054621","1600","0","0","0","0","0","0","0","0","0","1","0","","14","6","2023","3","40.782112","-77.781892","1556","2","0","0","0","0","0","1","0","0","","0","0","0","","","0","Y","0","","40 46:55.604","","2","77 46:54.810","0","0","0","0","14210","0","0","0","N","0","0","0","5","14410","0","","1.0","","1","N","N","N","2","","0","0","1","","2","","","3","0","0","0","0","0","0","2","0","3","","03","","N","","","","","","","","","",""
"2023068069","0839","0","0","0","0","0","0","0","0","0","7","0","","14","8","2023","4","40.77988","-77.802361","0831","2","0","0","0","0","0","0","0","0","","0","0","0","","","0","N","0","","40 46:47.569","4","0","77 48:08.499","0","0","0","0","14210","0","0","0","Y","0","0","0","1","14410","0","","2.0","910.0","1","N","N","N","1","","0","0","0","","0","N","","1","0","0","0","0","0","0","2","0","1","","","","N","","","","","","","","","",""
"2023054176","2338","1","0","0","0","0","0","0","0","0","7","0","","14","6","2023","3","40.803076","-77.883255","2338","2","0","0","0","0","0","0","0","0","","0","0","0","","","0","N","0","","40 48:11.074","","0","77 52:59.717","9","0","0","0","14206","0","0","0","N","0","0","0","1","14206","0","","4.0","","9","N","N","N","0","","0","0","0","","0","","","1","0","0","0","0","0","1","2","0","1","","","","N","","","","","","","","","",""
"2023052956","0941","0","0","0","0","0","0","0","0","0","7","0","","14","6","2023","4","40.784611","-77.836528","0937","2","0","0","0","0","0","1","0","0","","0","0","0","","","1","N","0","","40 47:04.600","","0","77 50:11.500","8","0","0","0","14410","0","0","0","N","0","0","0","1","14410","0","","5.0","","9","N","N","N","0","","0","0","1","","0","","","1","1","0","0","0","1","0","2","0","1","","07","","N","","","","","","","","","",""
"2023056789","1756","1","0","0","1","0","0","0","0","0","8","0","","14","6","2023","2","40.776147","-77.875736","1754","2","0","0","0","0","0","0","0","0","","0","0","0","","","1","","2","","40 46:34.129","","0","77 52:32.649","3","0","0","0","14206","1","0","0","N","0","0","0","1","14206","0","","1.0","","1","N","N","N","0","","1","0","0","","2","","","2","1","0","0","0","0","0","2","0","1","","03","","N","","","","","","","","","",""
"2023059931","2120","0","0","0","0","0","0","0","0","0","0","0","","14","7","2023","5","40.748139","-77.997556","2110","2","0","0","0","0","0","1","0","0","","0","0","0","","","1","N","0","","40 44:53.300","4","0","77 59:51.200","8","0","0","1","14206","0","0","0","N","0","0","0","1","14206","0","","1.0","2217.0","1","N","N","N","0","","0","0","0","","0","N","","1","1","0","0","0","1","0","1","0","1","","03","","N","","","","","","","","","",""
"2023056238","1950","1","0","0","0","0","0","0","0","0","4","0","","14","6","2023","5","40.914754","-77.765275","1946","2","1","1","0","0","0","0","0","0","","0","0","0","","","0","N","1","","40 54:53.114","4","0","77 45:54.989","0","0","0","0","14401","0","0","0","N","0","0","0","8","14401","0","","1.0","2023.0","1","N","N","N","0","","0","0","1","","3","N","","2","0","3","0","0","0","0","2","0","2","","03","","N","","","","","","","","","",""
"2023060255","1920","2","0","0","0","0","0","0","0","0","4","0","","14","7","2023","6","40.816241","-77.899413","1916","2","0","0","0","0","1","0","0","0","","0","0","0","","","1","N","1","","40 48:58.469","4","0","77 53:57.887","3","0","0","0","14216","0","0","0","N","0","0","0","2","14216","0","","1.0","1940.0","1","N","N","N","0","","1","0","0","","2","N","","2","1","0","0","0","0","0","2","0","2","","03","","N","","","","","","","","","",""
"2023061097","1911","0","0","0","0","0","0","0","0","0","98","0","","14","7","2023","6","41.024223","-77.927409","1858","2","0","0","0","0","0","0","0","0","","0","0","0","","","0","N","0","","41 01:27.203","","0","77 55:38.674","0","0","0","0","14220","0","0","0","N","0","0","0","1","68G07","0","","1.0","","1","N","N","N","0","","0","0","1","","0","","","1","0","0","0","0","0","0","1","0","1","","","","N","","","","","","","","","",""
"2023059705","1447","0","0","0","0","0","0","0","0","0","2","0","","14","6","2023","1","40.850333","-77.498533","1418","2","0","0","0","0","0","0","0","0","","0","0","0","","","0","N","0","","40 51:01.200","","0","77 29:54.720","0","0","0","1","14217","0","0","0","N","0","0","0","2","68G07","0","","1.0","","1","N","N","N","0","","0","0","1","","0","","","2","0","0","0","0","0","0","1","0","2","","","","N","","","","","","","","","",""
"2023060493","1518","1","0","0","0","0","0","0","0","0","4","0","","14","7","2023","1","40.818879","-77.83032","1510","2","0","0","0","0","0","0","0","1","","0","0","0","","","0","","1","","40 49:07.964","","0","77 49:49.152","0","0","0","0","14204","0","0","0","N","0","0","0","4","14410","0","","1.0","","9","N","N","N","0","","0","0","1","","3","","","2","0","0","0","0","0","0","2","0","2","","04","","N","","","","","","","","","",""
"2023068111","1254","0","0","0","0","0","0","0","0","0","4","0","","14","8","2023","4","40.879749","-77.725426","1244","2","0","0","0","0","0","1","1","0","","0","0","0","","","0","Y","0","","40 52:47.098","","7","77 43:31.533","0","0","0","0","14204","0","0","0","N","0","0","0","2","14410","0","","1.0","","1","N","N","N","1","","0","0","1","","3","","","2","0","0","0","0","0","0","1","0","2","","03","","N","","","","","","","","","",""
"2023053086","0218","0","0","0","0","0","0","0","0","0","0","0","","14","6","2023","1","40.830657","-78.256481","0155","2","0","0","0","0","0","1","0","0","","0","0","0","","","1","N","0","","40 49:50.365","","0","78 15:23.330","2","0","1","1","14219","0","0","0","N","0","0","0","1","68G07","0","","2.0","","1","N","N","N","0","","0","1","0","","0","","","1","1","0","0","0","0","0","1","0","1","","","","N","","","","","","","","","",""
"2023059327","1946","0","0","0","0","0","0","0","0","0","7","0","","14","6","2023","5","40.812868","-78.232435","1935","2","0","0","0","0","0","1","0","0","","0","0","0","","","1","N","0","","40 48:46.326","","0","78 13:56.766","3","0","0","0","14219","0","0","0","N","0","0","0","1","68G07","0","","4.0","","1","N","N","N","0","","1","0","0","","0","","","1","1","0","0","0","0","0","1","0","1","","","","N","","","","","","","","","",""
"2023060703","1522","0","0","0","0","0","0","0","0","0","0","0","","14","7","2023","4","40.778635","-77.804416","1514","2","0","0","0","0","0","0","0","1","","0","0","0","","","0","N","0","","40 46:43.087","","0","77 48:15.898","0","0","0","0","14210","0","0","0","N","0","0","0","1","14410","0","","5.0","","1","N","N","N","0","","0","0","1","","0","","","1","0","0","0","0","0","0","2","0","1","","","","N","","","","","","","","","",""
"2023057402","1140","1","0","0","0","0","0","0","0","0","6","0","","14","6","2023","5","40.810917","-77.831722","1135","2","0","0","0","0","0","0","0","0","","0","0","0","","","0","Y","0","","40 48:39.300","","7","77 49:54.200","0","0","0","0","14204","0","0","0","N","0","0","0","2","14410","0","","1.0","","1","N","N","N","0","","0","0","1","","0","","","2","0","0","0","0","0","0","2","0","2","","03","","N","","","","","","","","","",""
"2023060323","2019","2","0","0","0","0","0","0","0","0","4","0","","14","7","2023","7","40.796854","-77.855729","2011","2","0","0","0","0","0","0","0","0","","0","0","0","","","0","","1","","40 47:48.674","","0","77 51:20.626","0","0","0","0","14410","0","0","0","N","0","0","0","2","14410","0","","1.0","","1","N","N","N","0","","0","0","0","","2","","","2","0","0","0","0","0","0","2","0","2","","03","","N","","","","","","","","","",""
"2023055921","1050","1","0","0","0","0","0","0","0","0","4","0","","14","6","2023","2","40.800091","-77.724594","1042","2","0","0","0","0","0","1","0","0","","0","0","0","","","3","N","0","","40 48:00.327","6","0","77 43:28.537","3","0","0","0","14218","0","0","0","N","0","0","0","3","68G07","0","","1.0","200.0","1","N","N","N","0","","3","0","1","","0","Y","","2","3","0","0","0","0","0","1","0","2","","","","N","","","","","","","","","",""
"2023054864","","1","0","0","0","0","0","0","0","0","7","0","","14","6","2023","6","40.987008","-77.71931","","2","0","0","0","0","0","0","0","0","","0","0","0","","","0","N","0","","40 59:13.230","","0","77 43:09.516","0","0","0","0","14211","0","0","0","N","0","0","0","1","68G07","0","","4.0","","1","N","N","N","0","","0","0","0","","0","","","1","0","0","0","0","0","0","1","0","1","","03","","N","","","","","","","","","",""
"2023053964","","2","0","0","0","0","0","0","0","0","4","0","","14","6","2023","1","40.789864","-77.865095","","2","0","0","0","0","0","0","0","0","","0","0","0","","","1","","2","","40 47:23.512","3","0","77 51:54.342","4","0","0","0","14410","0","0","0","N","0","0","0","2","14410","1","","1.0","30.0","1","N","N","N","0","","0","0","0","","3","Y","","2","1","0","0","0","0","0","2","0","2","","03","","N","","","","","","","","","",""
"2023054871","","1","0","0","0","0","0","0","0","0","4","0","","14","6","2023","1","40.994928","-77.631861","","2","0","0","0","0","0","1","0","1","","0","0","0","","","1","N","0","","40 59:41.740","2","0","77 37:54.700","3","0","0","0","14214","0","0","0","N","0","0","0","2","68G07","0","","1.0","1853.0","1","N","N","N","0","","1","0","1","","0","N","","2","1","0","0","0","0","0","1","0","2","","03","","N","","","","","","","","","",""
"2023054867","","0","0","0","0","0","0","0","0","0","98","0","","14","6","2023","7","41.02413","-77.932776","","2","0","0","0","0","0","1","0","0","","0","0","0","","","0","N","0","","41 01:26.868","","0","77 55:57.993","0","0","0","0","14220","0","0","0","N","0","0","0","1","68G07","0","","1.0","","1","N","N","N","0","","0","0","1","","0","","","1","0","0","0","0","0","0","1","0","1","","03","","N","","","","","","","","","",""
"2023052583","","1","0","0","0","0","0","0","0","0","4","0","","14","6","2023","3","40.907775","-77.782046","","2","0","0","0","0","0","2","0","0","","0","0","0","","","1","","2","","40 54:27.989","","0","77 46:55.366","3","0","0","0","14401","0","0","0","N","0","0","0","2","14401","0","","1.0","","1","N","N","N","0","","1","0","1","","3","","","2","1","0","0","0","0","0","2","0","2","","","","N","","","","","","","","","",""
"2023052961","","1","0","0","0","0","0","0","0","0","7","0","","14","6","2023","4","40.808526","-77.900371","","2","0","0","0","0","0","0","0","0","","0","0","0","","","0","","2","","40 48:30.693","1","0","77 54:01.334","0","0","0","0","14216","0","0","0","N","0","0","0","1","14216","0","","5.0","1330.0","99","N","N","N","0","","0","0","0","","2","N","","1","0","0","0","0","0","0","2","0","1","","","","N","","","","","","","","","",""
"2023054863","","1","0","0","0","0","0","0","0","0","98","0","","14","6","2023","6","40.872289","-77.540771","","2","0","0","0","0","0","0","1","0","","0","0","0","","","0","N","0","","40 52:20.242","","0","77 32:26.776","0","0","0","0","14207","0","0","0","N","0","0","0","1","68G07","0","","1.0","","1","N","N","N","0","","0","0","0","","0","","","1","0","0","0","0","0","0","1","0","1","","","","N","","","","","","","","","",""
"2023056973","","1","0","0","0","0","0","0","0","0","7","0","","14","6","2023","3","40.990585","-77.82832","","2","0","0","0","0","0","0","0","0","","0","0","0","","","0","N","0","","40 59:26.106","3","0","77 49:41.951","0","0","0","0","14202","0","0","0","N","0","0","0","1","68G07","0","","4.0","1320.0","9","N","N","N","0","","0","0","0","","0","N","","1","0","0","0","0","0","0","1","0","1","","","","N","","","","","","","","","",""
"2023054298","","0","0","0","0","0","0","0","0","0","7","0","","14","5","2023","5","40.898129","-77.695831","","2","0","0","0","0","0","1","0","0","","0","0","0","","","1","N","0","","40 53:53.263","","0","77 41:44.991","2","0","0","0","14221","0","0","0","N","0","0","0","1","14221","0","","5.0","","1","N","N","N","0","","0","1","1","","0","","","1","1","1","0","1","0","0","1","0","1","","","","N","","","","","","","","","",""
"2023062655","","0","0","0","0","0","0","0","0","0","7","0","","14","7","2023","7","40.823934","-78.002571","","2","0","0","0","0","0","0","0","0","","0","0","0","","","0","N","0","","40 49:26.163","1","0","78 00:09.255","0","0","0","0","14225","0","0","0","Y","0","0","0","1","68G07","0","","4.0","1113.0","1","N","N","N","0","","0","0","1","","0","N","","1","0","0","0","0","0","0","1","0","1","","","","N","","","","","","","","","",""
"2023062756","","1","0","0","0","0","0","1","0","0","4","1","","14","7","2023","7","40.821518","-77.901749","","2","0","0","0","0","0","1","0","0","","0","0","0","","","6","","2","","40 49:17.466","","0","77 54:06.295","3","0","0","0","14216","0","0","0","N","0","0","0","9","14216","3","","1.0","","1","N","N","N","0","","3","0","0","","3","","","2","6","2","0","0","0","0","1","0","2","","","","N","","","","","","","","","",""
"2023064008","","1","0","0","0","0","0","0","0","0","7","0","","14","7","2023","2","40.830819","-77.959324","","2","0","0","0","0","0","0","0","0","","0","0","0","","","0","N","0","","40 49:50.950","","0","77 57:33.566","0","0","0","0","14216","0","0","0","Y","0","0","0","1","68G07","0","","3.0","","9","N","N","N","0","","0","0","0","","0","","","1","0","0","0","0","0","0","2","0","1","","","","N","","","","","","","","","",""
"2023064104","","0","0","0","0","0","0","0","0","0","7","0","","14","7","2023","7","40.851769","-78.044869","","2","0","0","0","0","0","0","0","0","","0","0","0","","","1","N","0","","40 51:06.370","","0","78 02:41.530","8","0","0","0","14225","0","0","0","N","0","0","0","1","68G07","0","","4.0","","3","N","N","N","1","","0","0","0","","0","","","1","1","1","0","0","1","0","1","0","1","","","","N","","","","","","","","","",""
"2023064095","","0","0","0","0","0","0","0","0","0","98","0","","14","5","2023","2","41.011311","-77.96165","","2","0","0","0","0","0","0","0","0","","0","0","0","","","0","N","0","","41 00:40.719","","0","77 57:41.939","0","0","0","0","14220","0","0","0","N","0","0","0","2","68G07","0","","1.0","","1","N","N","N","0","","0","0","1","","0","","","1","0","0","0","0","0","0","1","0","1","","","","N","","","","","","","","","",""
"2023063336","1732","0","0","0","0","0","0","0","0","0","7","0","","14","6","2023","2","40.783061","-77.603","1703","2","0","0","0","0","0","0","0","0","","0","0","0","","","0","N","0","","40 46:59.020","6","0","77 36:10.800","0","0","0","0","14218","0","0","0","N","0","0","0","1","68G07","0","","4.0","100.0","1","N","N","N","0","","0","0","1","","0","N","","1","0","0","0","0","0","0","1","0","1","","","","N","","","","","","","","","",""
"2023064102","0222","0","0","1","0","0","0","0","0","0","7","0","","14","7","2023","7","40.930806","-78.029003","0204","2","0","0","0","0","0","0","0","0","","0","0","0","","","1","N","0","","40 55:50.900","6","0","78 01:44.410","2","0","0","0","14219","0","0","0","N","0","0","0","1","68G07","0","","4.0","1327.0","3","N","N","N","1","","0","1","0","","0","Y","","1","1","0","0","0","0","0","1","0","1","","","","N","","","","","","","","","",""
"2023044163","1336","1","0","0","0","0","0","0","0","0","4","0","","14","5","2023","5","40.816433","-77.940058","1332","2","0","0","0","0","0","0","0","0","","0","0","0","","","1","","2","","40 48:59.158","2","2","77 56:24.210","3","0","0","0","14216","0","0","0","N","0","0","0","5","14216","0","","1.0","1400.0","1","N","N","N","0","","1","0","1","","0","N","","2","1","0","0","0","0","0","1","0","2","","03","","N","","","","","","","","","",""