"CRN","ARRIVAL_TM","AUTOMOBILE_COUNT","BELTED_DEATH_COUNT","BELTED_SUSP_SERIOUS_INJ_COUNT","BICYCLE_COUNT","BICYCLE_DEATH_COUNT","BICYCLE_SUSP_SERIOUS_INJ_COUNT","BUS_COUNT","CHLDPAS_DEATH_COUNT","CHLDPAS_SUSP_SERIOUS_INJ_COUNT","COLLISION_TYPE","COMM_VEH_COUNT","CONS_ZONE_SPD_LIM","COUNTY","CRASH_MONTH","CRASH_YEAR","DAY_OF_WEEK","DEC_LATITUDE","DEC_LONGITUDE","DISPATCH_TM","DISTRICT","DRIVER_COUNT_16YR","DRIVER_COUNT_17YR","DRIVER_COUNT_18YR","DRIVER_COUNT_19YR","DRIVER_COUNT_20YR","DRIVER_COUNT_50_64YR","DRIVER_COUNT_65_74YR","DRIVER_COUNT_75PLUS","EST_HRS_CLOSED","FATAL_COUNT","HEAVY_TRUCK_COUNT","HORSE_BUGGY_COUNT","HOUR_OF_DAY","ILLUMINATION","INJURY_COUNT","INTERSECTION_RELATED","INTERSECT_TYPE","LANE_CLOSED","LATITUDE","LN_CLOSE_DIR","LOCATION_TYPE","LONGITUDE","MAX_SEVERITY_LEVEL","MCYCLE_DEATH_COUNT","MCYCLE_SUSP_SERIOUS_INJ_COUNT","MOTORCYCLE_COUNT","MUNICIPALITY","NONMOTR_COUNT","NONMOTR_DEATH_COUNT","NONMOTR_SUSP_SERIOUS_INJ_COUNT","NTFY_HIWY_MAINT","PED_COUNT","PED_DEATH_COUNT","PED_SUSP_SERIOUS_INJ_COUNT","PERSON_COUNT","POLICE_AGCY","POSSIBLE_INJ_COUNT","RDWY_SURF_TYPE_CD","RELATION_TO_ROAD","ROADWAY_CLEARED","ROAD_CONDITION","SCH_BUS_IND","SCH_ZONE_IND","SECONDARY_CRASH","SMALL_TRUCK_COUNT","SPEC_JURIS_CD","SUSP_MINOR_INJ_COUNT","SUSP_SERIOUS_INJ_COUNT","SUV_COUNT","TCD_FUNC_CD","TCD_TYPE","TFC_DETOUR_IND","TIME_OF_DAY","TOTAL_UNITS","TOT_INJ_COUNT","UNBELTED_OCC_COUNT","UNB_DEATH_COUNT","UNB_SUSP_SERIOUS_INJ_COUNT","UNK_INJ_DEG_COUNT","UNK_INJ_PER_COUNT","URBAN_RURAL","VAN_COUNT","VEHICLE_COUNT","WEATHER1","WEATHER2","WORKERS_PRES","WORK_ZONE_IND","WORK_ZONE_LOC","WORK_ZONE_TYPE","WZ_CLOSE_DETOUR","WZ_FLAGGER","WZ_LAW_OFFCR_IND","WZ_LN_CLOSURE","WZ_MOVING","WZ_OTHER","WZ_SHLDER_MDN","WZ_WORKERS_INJ_KILLED"
"2023040984","2247","1","0","0","0","0","0","0","0","0","7","0","","14","5","2023","4","40.802253","-77.921778","2245","2","0","0","0","0","0","0","0","0","","0","0","0","","","1","N","0","","40 48:08.110","","0","77 55:18.400","8","0","0","0","14216","0","0","0","N","0","0","0","2","14216","0","","5.0","","9","N","N","N","0","","0","0","0","","0","","","1","1","0","0","0","1","0","2","0","1","","","","N","","","","","","","","","",""
"2023043241","1813","0","0","0","0","0","0","0","0","0","4","0","","14","5","2023","2","40.811657","-77.829006","1809","2","0","0","0","0","0","1","0","0","","0","0","0","","","2","","2","","40 48:41.966","4","2","77 49:44.423","3","0","0","0","14204","0","0","0","N","0","0","0","3","14410","1","","1.0","1840.0","1","N","N","N","0","","1","0","2","","2","N","","2","2","0","0","0","0","0","2","0","2","","03","","N","","","","","","","","","",""
"2023064096","0804","0","0","0","0","0","0","0","0","0","7","0","","14","5","2023","4","40.981784","-77.848701","0748","2","0","1","0","0","0","0","0","0","","0","0","0","","","0","N","0","","40 58:54.421","","0","77 50:55.325","0","0","0","0","14202","0","0","0","N","0","0","0","1","68G07","0","","4.0","","1","N","N","N","1","","0","0","0","","0","","","1","0","0","0","0","0","0","1","0","1","","","","N","","","","","","","","","",""
"2023044154","1146","0","0","0","0","0","0","0","0","0","0","0","","14","5","2023","5","40.782858","-77.814893","1144","2","0","0","0","0","0","0","0","0","","0","0","0","","","1","N","0","","40 46:58.289","","0","77 48:53.613","3","0","0","1","14204","0","0","0","N","0","0","0","1","14410","0","","1.0","","1","N","N","N","0","","1","0","0","","0","","","1","1","0","0","0","0","0","1","0","1","","03","","N","","","","","","","","","",""
"2023042093","1607","2","0","0","0","0","0","0","0","0","4","0","","14","5","2023","5","40.914753","-77.747105","1602","2","0","0","0","0","0","0","1","0","","0","0","0","","","1","N","0","","40 54:53.110","4","7","77 44:49.579","3","0","0","0","14221","0","0","0","N","0","0","0","3","14221","0","","1.0","1635.0","1","N","N","N","0","","1","0","0","","0","N","","2","1","0","0","0","0","0","1","0","2","","","","N","","","","","","","","","",""
"2023042868","1917","0","0","0","0","0","0","0","0","0","4","0","","14","5","2023","6","40.967614","-77.355372","1850","2","0","0","0","0","0","0","0","0","","0","0","0","","","2","N","0","","40 58:03.410","4","0","77 21:19.338","3","0","0","0","14215","0","0","0","N","0","0","0","2","68G07","1","","1.0","2030.0","1","N","N","N","0","","1","0","0","","0","N","","2","2","0","0","0","0","0","1","1","2","","","","N","","","","","","","","","",""
"2023041319","2257","0","0","0","0","0","0","0","0","0","1","0","","14","5","2023","7","40.833096","-77.979339","2252","2","0","0","0","0","0","2","0","0","","0","0","0","","","4","N","0","","40 49:59.147","2","0","77 58:45.619","4","0","0","0","14212","0","0","0","N","0","0","0","5","68G07","1","","1.0","1130.0","1","N","N","N","0","","0","0","2","","0","N","","2","4","0","0","0","3","0","1","0","2","","03","","N","","","","","","","","","",""
"2023043255","1907","0","0","0","0","0","0","0","0","0","2","0","","14","5","2023","2","40.804751","-77.852226","1907","2","0","0","0","0","0","0","0","0","","0","0","0","","","1","","1","","40 48:17.103","7","0","77 51:08.012","2","0","1","1","14410","0","0","0","N","0","0","0","2","14410","0","","1.0","2130.0","1","N","N","N","0","","0","1","1","","2","Y","","2","1","0","0","0","0","0","2","0","2","","03","","N","","","","","","","","","",""
"2023039457","1858","1","0","0","0","0","0","0","0","0","7","0","","14","5","2023","2","40.877961","-77.889828","1858","2","0","0","0","0","0","0","0","0","","0","0","0","","","0","N","0","","40 52:40.660","","0","77 53:23.380","0","0","0","0","14201","0","0","0","N","0","0","0","2","68G07","0","","5.0","","9","N","N","N","0","","0","0","0","","0","","","1","0","0","0","0","0","0","1","0","1","","","","N","","","","","","","","","",""
"2023059295","1052","0","0","0","0","0","0","0","0","0","7","0","","14","6","2023","5","40.751658","-78.218259","1041","2","0","0","0","0","0","1","0","0","","0","0","0","","","0","N","0","","40 45:05.970","","0","78 13:05.733","0","0","0","0","14222","0","0","0","N","0","0","0","1","68G07","0","","4.0","","1","N","N","N","0","","0","0","1","","0","","","1","0","0","0","0","0","0","1","0","1","","","","N","","","","","","","","","",""
"2023045762","2353","0","0","1","0","0","0","0","0","0","7","0","","14","5","2023","2","40.824868","-77.869473","2348","2","0","0","0","0","0","0","0","0","","0","0","0","","","1","N","0","","40 49:29.526","3","0","77 52:10.102","2","0","0","0","14216","0","0","0","N","0","0","0","1","14216","0","","4.0","205.0","1","N","N","N","0","","0","1","1","","0","N","","1","1","0","0","0","0","0","1","0","1","","03","","N","","","","","","","","","",""
"2023040259","1521","1","0","0","0","0","0","0","0","0","1","0","","14","5","2023","6","40.803624","-77.866524","1509","2","0","0","0","0","0","0","0","0","","0","0","0","","","0","N","0","","40 48:13.045","4","0","77 51:59.485","0","0","0","0","14410","0","0","0","N","0","0","0","3","14410","0","","1.0","1556.0","1","N","N","N","0","","0","0","1","","0","N","","2","0","0","0","0","0","0","1","0","2","","03","","N","","","","","","","","","",""
"2023039636","1438","0","0","0","0","0","0","0","0","0","4","0","","14","5","2023","5","40.799331","-77.848019","1433","2","0","0","0","0","0","1","0","0","","0","0","0","","","0","N","0","","40 47:57.590","1","7","77 50:52.870","0","0","0","0","14410","0","0","0","N","0","0","0","3","14410","0","","1.0","1430.0","9","N","N","N","0","","0","0","2","","0","N","","2","0","0","0","0","0","0","2","0","2","","","","N","","","","","","","","","",""
"2023058348","1453","1","0","0","0","0","0","0","0","0","7","0","","14","7","2023","1","40.826288","-77.808848","1444","2","0","0","0","0","0","0","0","0","","0","0","0","","","0","N","1","","40 49:34.635","","0","77 48:31.851","0","0","0","0","14204","0","0","0","N","0","0","0","1","14410","0","","5.0","","9","N","N","N","0","","0","0","0","","2","","","1","0","0","0","0","0","0","2","0","1","","","","N","","","","","","","","","",""
"2023053500","1727","0","0","0","0","0","0","0","0","0","1","0","","14","5","2023","5","40.936483","-77.785343","1719","2","0","0","0","0","0","0","0","1","","0","0","0","","","4","N","0","","40 56:11.337","2","0","77 47:07.233","3","0","0","0","14404","0","0","0","N","0","0","0","5","68G07","1","","1.0","1825.0","1","N","N","N","0","","3","0","3","","0","N","","3","4","0","0","0","0","0","2","0","3","","","","N","","","","","","","","","",""
"2023040356","1628","1","0","0","0","0","0","0","0","0","4","0","","14","5","2023","7","40.749324","-77.896323","1624","2","0","0","0","0","0","0","1","0","","0","0","0","","","4","","1","","40 44:57.565","3","0","77 53:46.762","3","0","0","0","14206","0","0","0","N","0","0","0","4","14206","1","","1.0","1515.0","1","N","N","N","0","","2","0","1","","3","Y","","2","4","0","0","0","1","0","1","0","2","","03","","N","","","","","","","","","",""
"2023050779","1743","0","0","0","0","0","0","0","0","0","4","0","","14","5","2023","2","40.896961","-78.219572","1710","2","0","0","0","0","1","0","1","0","","0","0","0","","","0","","1","","40 53:49.058","","0","78 13:10.460","0","0","0","0","14406","0","0","0","N","0","0","0","3","68G07","0","","1.0","","1","N","N","N","0","","0","0","2","","3","","","2","0","0","0","0","0","0","2","0","2","","","","N","","","","","","","","","",""
"2023044454","1537","1","0","0","0","0","0","0","0","0","5","0","","14","5","2023","6","40.782357","-77.810843","1532","2","0","0","0","0","0","0","0","0","","0","0","0","","","0","Y","0","","40 46:56.485","","0","77 48:39.035","0","0","0","0","14210","0","0","0","N","0","0","0","1","14410","0","","1.0","","1","N","N","N","0","","0","0","0","","0","","","2","0","0","0","0","0","0","2","0","1","","","","N","","","","","","","","","",""
"2023059335","1040","1","0","0","0","0","0","0","0","0","2","0","","14","6","2023","6","40.813843","-78.084528","1038","2","0","0","0","0","0","2","0","0","","0","0","0","","","2","N","0","","40 48:49.835","3","0","78 05:04.299","3","0","0","0","14225","0","0","0","N","0","0","0","2","68G07","0","","1.0","1148.0","1","N","N","N","0","","2","0","1","","8","N","","2","2","0","0","0","0","0","1","0","2","","03","","N","","","","","","","","","",""
"2023058968","1729","0","0","0","0","0","0","0","0","0","1","0","","14","7","2023","3","40.807271","-77.816862","1723","2","0","0","0","0","0","0","0","0","","0","0","0","","","0","N","0","","40 48:26.175","","0","77 49:00.703","0","0","0","0","14204","0","0","0","N","0","0","0","3","14410","0","","1.0","","1","N","N","N","0","","0","0","2","","0","","","2","0","0","0","0","0","0","2","0","2","","03","","N","","","","","","","","","",""
"2023040955","0948","2","0","0","0","0","0","0","0","0","4","0","","14","5","2023","7","40.900143","-78.224881","0925","2","0","0","0","0","1","0","1","0","","0","0","0","","","0","","1","","40 54:00.514","7","0","78 13:29.571","0","0","0","0","14406","0","0","0","N","0","0","0","2","68G07","0","","1.0","1030.0","1","N","N","N","0","","0","0","0","","3","Y","","2","0","0","0","0","0","0","2","0","2","","","","N","","","","","","","","","",""
"2023046181","0849","3","0","0","0","0","0","0","0","0","1","0","","14","5","2023","4","40.890931","-77.476771","0818","2","0","0","0","0","1","1","0","0","","0","0","0","","","0","","1","","40 53:27.350","4","0","77 28:36.375","0","0","0","0","14405","0","0","0","N","0","0","0","3","68G07","0","","1.0","945.0","1","N","N","N","0","","0","0","0","","2","N","","3","0","0","0","0","0","0","1","0","3","","","","N","","","","","","","","","",""
"2023043826","1145","1","0","0","0","0","0","0","0","0","1","0","35","14","5","2023","4","40.808078","-77.896775","1139","2","0","0","1","0","0","1","0","0","","0","0","0","","","2","Y","0","","40 48:29.081","","0","77 53:48.391","3","0","0","0","14216","0","0","0","N","0","0","0","6","14216","0","","1.0","","1","N","N","N","0","","2","0","2","","0","","","3","2","0","0","0","0","0","2","0","3","","03","Y","Y","3","3","","","N","Y","","","","N"
"2023059470","0811","1","0","0","0","0","0","0","0","0","1","0","","14","6","2023","3","40.893174","-77.785373","0803","2","0","0","1","0","0","0","0","0","","0","0","0","","","0","N","0","","40 53:35.426","","0","77 47:07.341","0","0","0","0","14201","0","0","0","N","0","0","0","2","68F04","0","","1.0","","1","N","N","N","1","","0","0","0","","0","","","2","0","0","0","0","0","0","2","0","2","","","","N","","","","","","","","","",""
"2023043278","1611","0","0","0","0","0","0","0","0","0","4","0","","14","5","2023","2","40.781119","-77.801084","1604","2","0","0","0","0","0","0","0","1","","0","0","0","","","0","","1","","40 46:52.027","","0","77 48:03.904","0","0","0","0","14210","0","0","0","N","0","0","0","4","14410","0","","1.0","","1","N","N","N","0","","0","0","1","","2","","","2","0","0","0","0","0","0","2","1","2","","03","","N","","","","","","","","","",""
"2023044907","1149","0","0","0","0","0","0","0","0","0","98","0","","14","5","2023","5","40.850909","-77.968301","1137","2","0","0","0","0","0","0","0","0","","0","0","0","","","1","N","0","","40 51:03.271","","0","77 58:05.883","4","0","0","0","14212","0","0","0","N","0","0","0","4","68G07","1","","1.0","","1","N","N","N","0","","0","0","1","","0","","","1","1","0","0","0","0","0","1","0","1","","","","N","","","","","","","","","",""
"2023041014","2251","1","0","0","0","0","0","0","0","0","7","0","","14","5","2023","5","40.875667","-77.741556","2248","2","0","0","0","0","0","0","0","0","","0","0","0","","","0","N","0","","40 52:32.400","","0","77 44:29.600","0","0","0","0","14221","0","0","0","N","0","0","0","1","14221","0","","5.0","","9","N","N","N","0","","0","0","0","","0","","","1","0","1","0","0","0","0","2","0","1","","","","N","","","","","","","","","",""
"2023041595","0818","0","0","0","0","0","0","0","0","0","7","0","","14","5","2023","3","41.030518","-77.660248","0801","2","0","0","0","0","0","1","0","0","","0","0","0","","","0","N","0","","41 01:49.863","","0","77 39:36.891","0","0","0","0","14211","0","0","0","N","0","0","0","1","68G07","0","","4.0","","9","N","N","N","0","","0","0","1","","0","","","1","0","0","0","0","0","0","1","0","1","","","","N","","","","","","","","","",""
"2023040936","0812","0","0","0","0","0","0","0","0","0","8","0","","14","5","2023","5","40.894576","-78.220188","0810","2","0","0","0","0","0","0","0","0","","0","0","0","","","1","","1","","40 53:40.473","7","0","78 13:12.676","3","0","0","0","14406","1","0","0","N","1","0","0","2","68G07","0","","1.0","900.0","9","N","N","N","0","","1","0","1","","3","Y","","2","1","0","0","0","0","0","2","0","1","","03","","N","","","","","","","","","",""
"2023041456","0705","0","0","0","0","0","0","0","0","0","7","0","","14","5","2023","4","40.80406","-77.815405","0656","2","0","0","0","0","0","0","0","0","","0","0","0","","","1","N","0","","40 48:14.617","2","0","77 48:55.457","4","0","0","0","14204","0","0","0","N","0","0","0","1","14410","1","","5.0","815.0","1","N","N","N","1","","0","0","0","","0","N","","1","1","0","0","0","0","0","2","0","1","","","","N","","","","","","","","","",""
"2023064416","2006","1","0","0","0","0","0","0","0","0","8","0","","14","7","2023","3","40.92352","-77.512693","1950","2","0","0","0","0","0","1","0","0","","0","0","1","","","1","N","0","","40 55:24.673","3","7","77 30:45.693","3","0","0","0","14215","1","0","0","N","0","0","0","2","68G07","0","","1.0","2040.0","1","N","N","N","0","","1","0","0","","0","N","","2","1","0","0","0","0","0","1","0","1","","03","","N","","","","","","","","","",""
"2023044305","0018","1","0","0","0","0","0","0","0","0","98","0","","14","5","2023","3","41.060435","-78.02611","2354","2","0","0","0","0","1","0","0","0","","0","0","0","","","0","N","0","","41 03:37.567","1","0","78 01:33.996","0","0","0","0","14203","0","0","0","N","0","0","0","1","68G07","0","","1.0","1250.0","1","N","N","N","0","","0","0","0","","0","N","","1","0","0","0","0","0","0","1","0","1","","","","N","","","","","","","","","",""
"2023045136","0309","0","0","0","0","0","0","0","0","0","7","0","","14","5","2023","7","40.880013","-77.761421","0304","2","0","0","0","0","0","0","0","0","","0","0","0","","","0","N","0","","40 52:48.046","5","0","77 45:41.114","0","0","0","0","14221","0","0","0","N","0","0","0","1","14221","0","","5.0","415.0","1","N","N","N","0","","0","0","1","","0","Y","","1","0","0","0","0","0","0","2","0","1","","03","","N","","","","","","","","","",""
"2023047607","0656","1","0","0","0","0","0","0","0","0","1","0","","14","5","2023","7","41.007881","-77.869701","0649","2","0","0","0","0","0","1","0","0","","0","0","0","","","2","N","0","","41 00:28.373","4","0","77 52:10.923","3","0","0","0","14202","0","0","0","N","0","0","0","2","68G07","1","","1.0","650.0","1","N","N","N","1","","1","0","0","","0","N","","2","2","0","0","0","0","0","1","0","2","","","","N","","","","","","","","","",""
"2023046155","1636","1","0","0","0","0","0","0","0","0","4","0","","14","5","2023","4","40.773248","-77.887385","1631","2","0","1","0","0","0","0","0","0","","0","0","0","","","1","","1","","40 46:23.694","3","0","77 53:14.587","3","0","0","0","14206","0","0","0","N","0","0","0","2","14206","0","","1.0","1728.0","1","N","N","N","0","","1","0","1","","2","N","","2","1","0","0","0","0","0","2","0","2","","","","N","","","","","","","","","",""
"2023057830","1537","0","0","0","1","0","0","0","0","0","8","0","","14","6","2023","6","40.794314","-77.859166","1530","2","0","0","0","0","0","0","0","0","","0","0","0","","","1","","1","","40 47:39.530","","0","77 51:32.997","3","0","0","0","14410","1","0","0","N","0","0","0","2","14410","0","","1.0","","1","N","N","N","0","","1","0","1","","2","","","2","1","0","0","0","0","1","2","0","1","","","","N","","","","","","","","","",""
"2023040812","1904","0","0","0","0","0","0","0","0","0","4","0","","14","5","2023","6","40.811677","-77.8585","1850","2","0","0","1","0","0","0","0","0","","0","0","0","","","4","Y","0","","40 48:42.036","5","7","77 51:30.600","3","0","0","0","14204","0","0","0","N","0","0","0","5","14501","2","","1.0","1945.0","1","N","N","N","1","","2","0","1","","0","N","","2","4","0","0","0","0","0","2","0","2","","03","","N","","","","","","","","","",""
"2023043009","1550","2","0","0","0","0","0","0","0","0","2","0","","14","5","2023","2","40.807157","-77.837793","1547","2","0","0","0","0","0","1","0","0","","0","0","0","","","2","N","0","","40 48:25.766","3","7","77 50:16.055","3","0","0","0","14204","0","0","0","N","0","0","0","3","14410","0","","1.0","1642.0","1","N","N","N","0","","2","0","0","","0","N","","2","2","0","0","0","0","0","2","0","2","","03","","N","","","","","","","","","",""
"2023056014","1827","0","0","0","0","0","0","0","0","0","0","0","","14","6","2023","7","40.785234","-77.837032","1827","2","0","0","0","0","0","0","0","0","","0","0","0","","","1","","1","","40 47:06.844","","0","77 50:13.316","3","0","0","1","14410","0","0","0","N","0","0","0","1","14410","0","","1.0","","4","N","N","N","0","","1","0","0","","2","","","1","1","0","0","0","0","0","2","0","1","","03","","N","","","","","","","","","",""
"2023059363","1022","1","0","0","0","0","0","0","0","0","7","0","","14","7","2023","2","41.016639","-77.584273","1010","2","0","0","0","0","1","0","0","0","","0","0","0","","","0","N","0","","41 00:59.899","4","0","77 35:03.384","0","0","0","0","14214","0","0","0","Y","0","0","0","1","68G07","0","","4.0","1130.0","1","N","N","N","0","","0","0","0","","0","N","","1","0","0","0","0","0","0","1","0","1","","","","N","","","","","","","","","",""
"2023068892","0834","0","0","0","0","0","0","0","0","0","1","0","","14","8","2023","6","40.829441","-77.988681","0834","2","0","0","0","0","0","0","0","0","","0","0","0","","","0","N","0","","40 49:45.989","","0","77 59:19.252","0","0","0","0","14212","0","0","0","N","0","0","0","2","68G07","0","","1.0","","1","N","N","N","0","","0","0","2","","7","","","2","0","0","0","0","0","0","1","0","2","","03","","N","","","","","","","","","",""
"2023068607","1605","0","0","0","0","0","0","1","0","0","1","2","","14","7","2023","2","40.944353","-77.720715","1548","2","0","0","0","0","0","0","1","0","","0","1","0","","","2","","2","","40 56:39.669","5","0","77 43:14.573","3","0","0","0","14214","0","0","0","N","0","0","0","33","68G07","0","","1.0","1742.0","1","Y","N","N","0","","2","0","0","","3","Y","","2","2","0","0","0","0","0","1","0","2","","","","N","","","","","","","","","",""
"2023065365","0015","0","0","1","0","0","0","0","0","0","2","1","","14","6","2023","3","40.968437","-77.786649","0005","2","0","0","0","0","0","0","0","0","","3","1","0","","","2","N","0","","40 58:06.373","4","0","77 47:11.938","1","0","0","0","14202","1","0","1","Y","1","0","1","5","68G07","0","2","1.0","1703.0","1","N","N","Y","0","0","0","2","1","","0","Y","","3","2","2","2","0","0","0","1","0","2","","03","","N","","","","","","","","","",""
"2023069693","1408","0","0","0","0","0","0","0","0","0","7","0","","14","8","2023","2","40.955339","-77.754482","1356","2","0","0","0","0","0","0","0","0","","0","0","0","","","0","N","0","","40 57:19.222","","3","77 45:16.135","0","0","0","0","14202","0","0","0","N","0","0","0","3","68G07","0","","4.0","","9","N","N","N","0","","0","0","1","","0","","","1","0","0","0","0","0","0","1","0","1","","","","N","","","","","","","","","",""
"2023064956","1203","1","0","0","0","0","0","0","0","0","4","0","","14","7","2023","1","40.781119","-77.801084","1159","2","0","0","0","0","0","1","1","0","","0","0","0","","","0","","1","","40 46:52.027","","0","77 48:03.904","0","0","0","0","14210","0","0","0","N","0","0","0","4","14410","0","","1.0","","1","N","N","N","0","","0","0","1","","2","","","2","0","0","0","0","0","0","2","0","2","","","","N","","","","","","","","","",""
"2023065888","1229","1","0","0","0","0","0","0","0","0","7","0","","14","7","2023","1","41.026845","-77.935728","1210","2","0","0","0","0","0","0","0","1","","0","0","0","","","0","N","0","","41 01:36.643","","0","77 56:08.621","0","0","0","0","14220","0","0","0","N","0","0","0","1","68G07","0","","4.0","","9","N","N","N","0","","0","0","0","","0","","","1","0","0","0","0","0","0","1","0","1","","","","N","","","","","","","","","",""
"2023064799","0047","0","0","0","0","0","0","0","0","0","7","0","","14","7","2023","7","40.761056","-77.733306","0039","2","0","0","0","0","0","0","0","0","","0","0","0","","","1","N","0","","40 45:39.800","","0","77 43:59.900","3","0","0","1","14210","0","0","0","N","0","0","0","1","14410","0","","2.0","","3","N","N","N","0","","1","0","0","","0","","","1","1","0","0","0","0","0","1","0","1","","03","","N","","","","","","","","","",""
"2023069569","2348","1","0","0","0","0","0","0","0","0","7","0","","14","8","2023","1","40.915488","-77.741418","2343","2","0","0","0","0","0","0","0","0","","0","0","0","","","1","N","0","","40 54:55.756","1","0","77 44:29.106","3","0","0","0","14221","0","0","0","N","0","0","0","1","68G07","0","","5.0","34.0","9","N","N","N","0","","1","0","0","","0","N","","1","1","1","0","0","0","0","1","0","1","","","","N","","","","","","","","","",""
"2023070775","1956","0","0","1","0","0","0","0","0","0","4","0","","14","8","2023","5","40.836012","-77.801083","1954","2","0","0","0","0","0","1","0","0","","0","0","0","","","2","","1","","40 50:09.642","2","0","77 48:03.899","2","0","0","0","14204","0","0","0","N","0","0","0","4","14410","0","","1.0","2048.0","1","N","N","N","0","","0","1","2","","2","N","","2","2","0","0","0","1","0","2","0","2","","","","N","","","","","","","","","",""
"2023049277","1522","0","0","0","0","0","0","0","0","0","0","0","","14","6","2023","7","40.875795","-77.446722","1501","2","0","0","0","0","0","1","0","0","","0","0","0","","","1","N","0","","40 52:32.862","6","0","77 26:48.200","3","0","0","1","14208","0","0","0","N","0","0","0","1","68G07","0","","1.0","1530.0","98","N","N","N","0","","1","0","0","","0","N","","1","1","0","0","0","0","0","1","0","1","","03","","N","","","","","","","","","",""
"2023050821","1210","0","0","0","0","0","0","0","0","0","1","0","","14","6","2023","5","40.747111","-78.207237","1158","2","0","0","0","0","0","2","0","0","","0","0","0","","","2","N","0","","40 44:49.601","4","0","78 12:26.052","2","0","0","0","14222","0","0","0","N","0","0","0","2","68G07","0","","1.0","1210.0","1","N","N","N","1","","1","1","0","","0","N","","2","2","0","0","0","0","0","1","0","2","","","","N","","","","","","","","","",""
"2023066073","1338","0","0","0","0","0","0","0","0","0","7","0","","14","5","2023","1","40.970276","-78.07023","1317","2","0","0","0","0","0","1","0","0","","0","0","0","","","1","N","0","","40 58:12.992","4","0","78 04:12.829","8","0","0","1","14219","0","0","0","N","0","0","0","1","68G07","0","","4.0","1354.0","1","N","N","N","0","","0","0","0","","0","N","","1","1","0","0","0","1","0","1","0","1","","","","N","","","","","","","","","",""
"2023055069","2359","0","0","0","0","0","0","0","0","0","7","0","","14","6","2023","7","40.882699","-77.761448","2358","2","0","0","0","0","0","0","0","0","","0","0","0","","","1","N","0","","40 52:57.716","5","0","77 45:41.212","3","0","0","0","14221","0","0","0","N","0","0","0","1","14221","0","","5.0","230.0","1","N","N","N","1","","1","0","0","","0","Y","","1","1","0","0","0","0","0","1","0","1","","03","","N","","","","","","","","","",""
"2023049626","1209","1","0","0","0","0","0","0","0","0","1","0","","14","6","2023","2","40.822225","-77.814066","1201","2","0","1","0","0","0","0","0","0","","0","0","0","","","0","","2","","40 49:20.010","3","0","77 48:50.638","0","0","0","0","14204","0","0","0","N","0","0","0","3","14410","0","","1.0","1300.0","1","Y","N","N","0","","0","0","1","","0","N","","2","0","0","0","0","0","0","2","0","2","","03","","N","","","","","","","","","",""
"2023072658","1312","0","0","0","0","0","0","0","0","0","7","0","","14","8","2023","7","40.858725","-77.4619","1250","2","0","0","0","0","0","0","0","0","","0","0","0","","","0","N","0","","40 51:31.410","5","0","77 27:42.840","0","0","0","0","14217","0","0","0","N","0","0","0","1","68G07","0","","4.0","130.0","1","N","N","N","0","","0","0","1","","0","N","","1","0","0","0","0","0","0","1","0","1","","","","N","","","","","","","","","",""
"2023048839","1730","1","0","0","0","0","0","0","0","0","7","0","","14","6","2023","5","40.805361","-77.842719","1729","2","0","0","0","0","1","0","0","0","","0","0","0","","","0","N","2","","40 48:19.301","","7","77 50:33.789","0","0","0","0","14204","0","0","0","N","0","0","0","1","14501","0","","5.0","","1","N","N","N","0","","0","0","0","","2","","","1","0","1","0","0","0","0","1","0","1","","03","","N","","","","","","","","","",""
"2023055664","2205","1","0","0","0","0","0","0","0","0","7","0","","14","5","2023","7","40.772791","-78.080741","2144","2","0","0","0","1","0","0","0","0","","0","0","0","","","1","N","0","","40 46:22.048","1","0","78 04:50.666","2","0","0","0","14222","0","0","0","Y","0","0","0","1","68G07","0","","4.0","2316.0","1","N","N","N","0","","0","1","0","","0","N","","1","1","1","0","1","0","0","1","0","1","","","","N","","","","","","","","","",""
"2023051105","1655","1","0","0","0","0","0","0","0","0","1","0","","14","6","2023","5","40.815608","-77.984916","1650","2","0","0","0","0","1","1","0","0","","0","0","0","","","0","Y","0","","40 48:56.190","4","0","77 59:05.698","0","0","0","0","14216","0","0","0","N","0","0","0","2","14216","0","","1.0","1730.0","1","N","N","Y","0","","0","0","0","","0","N","","2","0","0","0","0","0","0","1","1","2","","","","N","","","","","","","","","",""
"2023063997","1520","0","0","0","0","0","0","0","0","0","1","0","","14","7","2023","6","40.941199","-77.641163","1503","2","0","0","0","0","0","0","1","0","","0","0","0","","","1","N","0","","40 56:28.315","1","0","77 38:28.186","3","0","0","0","14224","0","0","0","N","0","0","0","2","68G07","0","","1.0","1545.0","1","N","N","N","0","","1","0","0","","0","N","","2","1","0","0","0","0","0","1","1","2","","03","","N","","","","","","","","","",""
"2023051716","0540","0","0","0","0","0","0","0","0","0","98","0","","14","6","2023","7","40.842693","-77.866852","0530","2","0","0","0","0","0","1","0","0","","0","0","0","","","0","N","0","","40 50:33.693","","0","77 52:00.668","0","0","0","0","14216","0","0","0","N","0","0","0","1","14216","0","","1.0","","1","N","N","N","0","","0","0","1","","0","","","1","0","0","0","0","0","0","1","0","1","","","","N","","","","","","","","","",""