"CRN","ARRIVAL_TM","AUTOMOBILE_COUNT","BELTED_DEATH_COUNT","BELTED_SUSP_SERIOUS_INJ_COUNT","BICYCLE_COUNT","BICYCLE_DEATH_COUNT","BICYCLE_SUSP_SERIOUS_INJ_COUNT","BUS_COUNT","CHLDPAS_DEATH_COUNT","CHLDPAS_SUSP_SERIOUS_INJ_COUNT","COLLISION_TYPE","COMM_VEH_COUNT","CONS_ZONE_SPD_LIM","COUNTY","CRASH_MONTH","CRASH_YEAR","DAY_OF_WEEK","DEC_LATITUDE","DEC_LONGITUDE","DISPATCH_TM","DISTRICT","DRIVER_COUNT_16YR","DRIVER_COUNT_17YR","DRIVER_COUNT_18YR","DRIVER_COUNT_19YR","DRIVER_COUNT_20YR","DRIVER_COUNT_50_64YR","DRIVER_COUNT_65_74YR","DRIVER_COUNT_75PLUS","EST_HRS_CLOSED","FATAL_COUNT","HEAVY_TRUCK_COUNT","HORSE_BUGGY_COUNT","HOUR_OF_DAY","ILLUMINATION","INJURY_COUNT","INTERSECTION_RELATED","INTERSECT_TYPE","LANE_CLOSED","LATITUDE","LN_CLOSE_DIR","LOCATION_TYPE","LONGITUDE","MAX_SEVERITY_LEVEL","MCYCLE_DEATH_COUNT","MCYCLE_SUSP_SERIOUS_INJ_COUNT","MOTORCYCLE_COUNT","MUNICIPALITY","NONMOTR_COUNT","NONMOTR_DEATH_COUNT","NONMOTR_SUSP_SERIOUS_INJ_COUNT","NTFY_HIWY_MAINT","PED_COUNT","PED_DEATH_COUNT","PED_SUSP_SERIOUS_INJ_COUNT","PERSON_COUNT","POLICE_AGCY","POSSIBLE_INJ_COUNT","RDWY_SURF_TYPE_CD","RELATION_TO_ROAD","ROADWAY_CLEARED","ROAD_CONDITION","SCH_BUS_IND","SCH_ZONE_IND","SECONDARY_CRASH","SMALL_TRUCK_COUNT","SPEC_JURIS_CD","SUSP_MINOR_INJ_COUNT","SUSP_SERIOUS_INJ_COUNT","SUV_COUNT","TCD_FUNC_CD","TCD_TYPE","TFC_DETOUR_IND","TIME_OF_DAY","TOTAL_UNITS","TOT_INJ_COUNT","UNBELTED_OCC_COUNT","UNB_DEATH_COUNT","UNB_SUSP_SERIOUS_INJ_COUNT","UNK_INJ_DEG_COUNT","UNK_INJ_PER_COUNT","URBAN_RURAL","VAN_COUNT","VEHICLE_COUNT","WEATHER1","WEATHER2","WORKERS_PRES","WORK_ZONE_IND","WORK_ZONE_LOC","WORK_ZONE_TYPE","WZ_CLOSE_DETOUR","WZ_FLAGGER","WZ_LAW_OFFCR_IND","WZ_LN_CLOSURE","WZ_MOVING","WZ_OTHER","WZ_SHLDER_MDN","WZ_WORKERS_INJ_KILLED"
"2023053506","0900","0","0","0","0","0","0","0","0","0","7","0","","14","5","2023","1","41.024155","-77.910583","0900","2","0","0","0","0","0","1","0","0","","0","0","0","","","0","N","0","","41 01:26.957","","0","77 54:38.099","0","0","0","0","14220","0","0","0","N","0","0","0","2","68G07","0","","4.0","","1","N","N","N","0","","0","0","0","","0","","","1","0","0","0","0","0","0","1","1","1","","","","N","","","","","","","","","",""
"2023051989","0625","1","0","0","0","0","0","0","0","0","7","0","","14","5","2023","4","40.80784","-78.227716","0616","2","0","0","1","0","0","0","0","0","","0","0","0","","","1","N","3","","40 48:28.224","","0","78 13:39.779","3","0","0","0","14219","0","0","0","N","0","0","0","1","68G07","0","","4.0","","1","N","N","N","0","","1","0","0","","0","","","1","1","1","0","0","0","0","1","0","1","","","","N","","","","","","","","","",""
"2023052109","0844","1","0","0","0","0","0","0","0","0","98","0","","14","6","2023","5","40.818994","-77.900598","0829","2","0","0","0","0","0","0","0","0","","0","0","0","","","0","N","0","","40 49:08.378","","0","77 54:02.153","0","0","0","0","14216","0","0","0","N","0","0","0","1","68G07","0","","1.0","","1","N","N","N","0","","0","0","0","","0","","","1","0","0","0","0","0","0","2","0","1","","","","N","","","","","","","","","",""
"2023071821","0455","1","0","0","0","0","0","0","0","0","7","0","","14","8","2023","1","40.763145","-77.614266","0439","2","0","0","0","0","0","0","1","0","","0","0","0","","","0","","2","","40 45:47.321","","0","77 36:51.356","0","0","0","0","14218","0","0","0","Y","0","0","0","1","68G07","0","","5.0","","1","N","N","N","0","","0","0","0","","3","","","1","0","0","0","0","0","0","1","0","1","","03","","N","","","","","","","","","",""
"2023069548","1620","1","0","0","0","0","0","0","0","0","7","0","","14","8","2023","6","40.904819","-77.390169","1550","2","0","1","0","0","0","0","0","0","","0","0","0","","","0","N","0","","40 54:17.350","","0","77 23:24.607","0","0","0","0","14208","0","0","0","N","0","0","0","1","68G07","0","","4.0","","9","N","N","N","0","","0","0","0","","0","","","1","0","0","0","0","0","0","1","0","1","","","","N","","","","","","","","","",""
"2023053080","2324","1","0","0","0","0","0","0","0","0","7","0","","14","6","2023","5","41.012637","-77.680598","2314","2","0","1","0","0","0","0","0","0","","0","0","0","","","0","N","0","","41 00:45.492","5","0","77 40:50.151","0","0","0","0","14211","0","0","0","N","0","0","0","1","68G07","0","","5.0","2355.0","1","N","N","N","0","","0","0","0","","0","N","","1","0","0","0","0","0","0","1","0","1","","","","N","","","","","","","","","",""
"2023053106","1854","0","0","0","0","0","0","0","0","0","1","2","","14","6","2023","3","40.955277","-77.764218","1854","2","0","0","0","0","0","1","0","0","","0","2","0","","","0","N","0","","40 57:18.998","3","0","77 45:51.185","0","0","0","0","14202","0","0","0","N","0","0","0","2","68G07","0","","1.0","1948.0","1","N","N","N","0","","0","0","0","","0","N","","2","0","0","0","0","0","0","1","0","2","","","","N","","","","","","","","","",""
"2023053115","0824","2","0","0","0","0","0","0","0","0","1","0","","14","6","2023","4","40.885825","-78.185396","0801","2","0","0","0","0","0","1","0","0","","0","0","0","","","0","N","0","","40 53:08.969","3","0","78 11:07.424","0","0","0","0","14219","0","0","0","N","0","0","0","4","68G07","0","","1.0","130.0","9","N","N","N","0","","0","0","1","","0","N","","3","0","0","0","0","0","0","1","0","3","","04","","N","","","","","","","","","",""
"2023052055","0650","0","0","0","0","0","0","0","0","0","98","0","","14","6","2023","1","41.014756","-77.585774","0634","2","0","0","0","0","0","0","0","0","","0","0","0","","","0","N","0","","41 00:53.120","","0","77 35:08.788","0","0","0","0","14214","0","0","0","N","0","0","0","1","68G07","0","","1.0","","1","N","N","N","1","","0","0","0","","0","","","1","0","0","0","0","0","0","1","0","1","","","","N","","","","","","","","","",""
"2023053114","0741","0","0","0","0","0","0","0","0","0","7","1","","14","6","2023","4","40.825899","-77.954641","0718","2","0","0","0","0","0","0","0","0","","0","1","0","","","0","N","0","","40 49:33.238","2","0","77 57:16.706","0","0","0","0","14216","0","0","0","Y","0","0","0","1","68G07","0","","4.0","1030.0","9","N","N","N","0","","0","0","0","","0","N","","1","0","0","0","0","0","0","2","0","1","","","","N","","","","","","","","","",""
"2023052076","0953","0","0","0","0","0","0","0","0","0","98","0","","14","5","2023","1","41.012465","-77.877317","0951","2","0","0","0","0","0","0","0","0","","0","0","0","","","0","N","0","","41 00:44.875","","0","77 52:38.342","0","0","0","0","14202","0","0","0","N","0","0","0","2","68G07","0","","1.0","","1","N","N","N","1","","0","0","0","","0","","","1","0","0","0","0","0","0","1","0","1","","","","N","","","","","","","","","",""
"2023065905","0947","0","0","0","0","0","0","0","0","0","7","1","","14","7","2023","4","40.904381","-77.403109","0922","2","0","0","0","0","0","0","0","0","","0","1","0","","","0","N","0","","40 54:15.772","","0","77 24:11.191","0","0","0","0","14208","0","0","0","N","0","0","0","1","68G07","0","","2.0","","9","N","N","N","0","","0","0","0","","0","","","1","0","1","0","0","0","0","1","0","1","","","","N","","","","","","","","","",""
"2023048814","1610","2","0","0","0","0","0","0","0","0","0","0","","14","6","2023","6","40.768483","-77.886524","1556","2","0","0","0","0","0","1","0","0","","0","0","0","","","0","N","0","","40 46:06.539","","0","77 53:11.486","0","0","0","0","14204","0","0","0","N","0","0","0","2","14410","0","","1.0","","1","N","N","N","0","","0","0","0","","0","","","2","0","0","0","0","0","0","2","0","2","","03","","N","","","","","","","","","",""
"2023050799","1758","2","0","0","0","0","0","0","0","0","4","0","","14","5","2023","6","40.905062","-78.220614","1746","2","0","0","0","0","0","1","0","1","","0","0","0","","","0","","1","","40 54:18.223","","0","78 13:14.210","0","0","0","0","14219","0","0","0","N","0","0","0","3","68G07","0","","1.0","","1","N","N","N","0","","0","0","0","","2","","","2","0","0","0","0","0","0","2","0","2","","","","N","","","","","","","","","",""
"2023052496","1204","0","0","0","0","0","0","0","0","0","0","0","","14","6","2023","2","40.805425","-78.063221","1138","2","0","0","0","0","0","1","0","0","","0","0","0","","","0","N","0","","40 48:19.531","","0","78 03:47.596","0","0","0","0","14225","0","0","0","N","0","0","0","1","68G07","0","","1.0","","9","N","N","N","0","","0","0","1","","0","","","1","0","0","0","0","0","0","1","0","1","","","","N","","","","","","","","","",""
"2023059687","0121","1","0","0","0","0","0","0","0","0","2","0","","14","5","2023","5","40.886138","-77.830728","0110","2","0","0","0","0","0","0","0","0","","0","0","0","","","2","N","0","","40 53:10.096","5","0","77 49:50.620","2","0","0","0","14201","1","0","1","N","1","0","1","2","68G07","0","","2.0","553.0","1","N","N","N","0","","0","2","0","","0","N","","3","2","1","0","1","0","0","1","1","2","","","","N","","","","","","","","","",""
"2023066433","0222","0","0","0","0","0","0","0","0","0","5","0","","14","7","2023","7","40.931972","-78.026625","0204","2","0","0","0","0","0","0","0","0","","0","0","0","","","1","N","0","","40 55:55.100","6","0","78 01:35.850","2","0","0","0","14219","0","0","0","N","0","0","0","2","68G07","0","","4.0","1327.0","3","N","N","Y","2","","0","1","0","","0","Y","","2","1","0","0","0","0","0","1","0","2","","","","N","","","","","","","","","",""
"2023044124","1211","1","1","0","0","0","0","0","0","0","2","0","","14","4","2023","6","40.898263","-77.752241","1211","2","0","0","0","0","0","0","0","1","","1","0","0","","","1","N","0","","40 53:53.746","3","0","77 45:08.067","1","0","0","0","14221","0","0","0","N","0","0","0","2","14221","0","2","1.0","1530.0","9","N","N","N","0","0","0","1","1","","0","Y","","2","1","1","0","1","0","0","1","0","2","","","","N","","","","","","","","","",""
"2023051095","1655","0","0","0","0","0","0","0","0","0","1","0","","14","6","2023","5","40.815608","-77.984916","1650","2","0","0","0","0","0","1","1","0","","0","0","0","","","1","Y","0","","40 48:56.190","4","0","77 59:05.698","3","0","0","0","14216","0","0","0","N","0","0","0","2","14216","0","","1.0","1730.0","1","N","N","Y","1","","1","0","1","","0","N","","2","1","0","0","0","0","0","1","0","2","","","","N","","","","","","","","","",""
"2023054031","1443","0","0","0","1","0","1","0","0","0","8","0","","14","6","2023","5","40.913156","-77.782993","1441","2","0","0","0","0","0","1","0","0","","0","0","0","","","1","N","0","","40 54:47.361","","0","77 46:58.774","2","0","0","0","14401","1","0","1","N","0","0","0","2","14401","0","","1.0","","1","N","N","N","1","","0","1","0","","0","","","2","1","0","0","0","0","0","2","0","1","","","","N","","","","","","","","","",""
"2023065281","1200","1","0","0","1","1","0","0","0","0","8","0","","14","7","2023","2","40.782305","-77.809647","1200","2","0","0","0","0","0","0","0","0","","1","0","0","","","0","N","0","","40 46:56.298","1","0","77 48:34.730","1","0","0","0","14204","1","1","0","N","0","0","0","2","14410","0","2","1.0","1437.0","1","N","N","N","0","0","0","0","0","","0","Y","","2","0","0","0","0","0","0","2","0","1","","","","N","","","","","","","","","",""
"2023050876","0505","0","0","0","0","0","0","0","0","0","98","0","","14","6","2023","4","40.738361","-77.8877","0459","2","0","0","0","1","0","0","0","0","","0","0","0","","","0","N","0","","40 44:18.100","","0","77 53:15.720","0","0","0","0","14206","0","0","0","N","0","0","0","1","14206","0","","5.0","","1","N","N","N","0","","0","0","1","","0","","","1","0","0","0","0","0","0","2","0","1","","05","","N","","","","","","","","","",""
"2023049045","1305","0","0","0","0","0","0","0","0","0","7","0","","14","6","2023","7","40.729514","-77.878635","1300","2","0","0","0","0","0","1","0","0","","0","0","0","","","1","N","0","","40 43:46.250","5","0","77 52:43.087","2","0","1","1","14206","0","0","0","N","0","0","0","1","14206","0","","2.0","1330.0","1","N","N","N","0","","0","1","0","","0","N","","1","1","0","0","0","0","0","1","0","1","","03","","N","","","","","","","","","",""
"2023065780","1841","0","0","0","0","0","0","0","0","0","1","2","","14","7","2023","5","40.989548","-77.819912","1834","2","0","0","0","0","0","0","0","0","","1","2","0","","","0","N","0","","40 59:22.373","4","0","77 49:11.683","1","0","0","0","14202","1","1","0","Y","1","1","0","2","68G07","0","2","1.0","2346.0","1","N","N","Y","0","0","0","0","0","","0","Y","","3","0","0","0","0","0","0","1","0","2","","","","N","","","","","","","","","",""
"2023065968","1047","1","0","0","0","0","0","0","0","0","4","0","","14","7","2023","4","40.809058","-77.83368","1047","2","0","0","0","0","0","1","1","0","","0","0","0","","","2","","1","","40 48:32.608","","0","77 50:01.248","3","0","0","0","14204","0","0","0","N","0","0","0","2","14410","0","","1.0","","1","N","N","N","1","","2","0","0","","2","","","2","2","0","0","0","0","0","2","0","2","","03","","N","","","","","","","","","",""
"2023064942","1540","0","0","0","0","0","0","0","0","0","4","2","","14","7","2023","6","40.942175","-77.72566","1533","2","0","0","0","0","0","2","0","0","","0","2","0","","","0","","2","","40 56:31.829","5","2","77 43:32.376","0","0","0","0","14221","0","0","0","N","0","0","0","2","14221","0","","1.0","1723.0","1","N","N","N","0","","0","0","0","","3","N","","2","0","0","0","0","0","0","1","0","2","","","","N","","","","","","","","","",""
"2023065566","1746","2","0","0","0","0","0","0","0","0","4","0","","14","7","2023","2","40.835206","-77.672489","1739","2","0","0","0","0","0","0","0","1","","0","0","0","","","2","","1","","40 50:06.742","7","0","77 40:20.959","3","0","0","0","14218","0","0","0","N","0","0","0","3","68G07","0","","1.0","1800.0","1","N","N","N","0","","2","0","0","","2","N","","2","2","0","0","0","0","0","1","0","2","","03","","N","","","","","","","","","",""
"2023049525","0713","0","0","0","0","0","0","0","0","0","6","0","","14","6","2023","2","40.811657","-77.829006","0708","2","0","0","0","1","0","1","0","0","","0","0","0","","","0","","1","","40 48:41.966","4","8","77 49:44.423","0","0","0","0","14204","0","0","0","N","0","0","0","2","14410","0","","1.0","800.0","1","N","N","N","0","","0","0","2","","2","N","","2","0","0","0","0","0","0","2","0","2","","03","","N","","","","","","","","","",""
"2023049160","1600","1","0","0","0","0","0","0","0","0","7","0","","14","5","2023","4","40.853721","-77.768166","1554","2","0","0","0","0","0","0","0","0","","0","0","0","","","0","N","0","","40 51:13.394","4","0","77 46:05.398","0","0","0","0","14201","0","0","0","N","0","0","0","1","68G07","0","","4.0","1630.0","1","Y","N","N","0","","0","0","0","","0","N","","1","0","0","0","0","0","0","2","0","1","","","","N","","","","","","","","","",""
"2023050023","1042","0","0","0","0","0","0","0","0","0","5","1","","14","6","2023","3","40.823243","-77.846462","1037","2","0","0","0","0","0","0","1","0","","0","1","0","","","0","","6","","40 49:23.673","","2","77 50:47.264","0","0","0","0","14204","0","0","0","N","0","0","0","2","14410","0","","1.0","","1","N","N","N","0","","0","0","1","","4","","","2","0","0","0","0","0","0","2","0","2","","03","","N","","","","","","","","","",""
"2023077541","1835","1","0","0","0","0","0","0","0","0","4","0","","14","9","2023","6","40.796749","-77.872483","1827","2","0","1","1","0","1","0","0","0","","0","0","0","","","0","","1","","40 47:48.298","","0","77 52:20.938","0","0","0","0","14410","0","0","0","N","0","0","0","8","14410","0","","1.0","","1","N","N","N","0","","0","0","1","","2","","","3","0","0","0","0","0","0","2","1","3","","03","","N","","","","","","","","","",""
"2023077754","2217","1","0","0","0","0","0","0","0","0","4","0","","14","9","2023","6","40.791183","-77.856278","2214","2","0","1","0","0","0","0","0","0","","0","0","0","","","0","","1","","40 47:28.259","2","0","77 51:22.602","9","0","0","0","14410","0","0","0","N","0","0","0","9","14410","0","","1.0","2240.0","1","N","N","N","0","","0","0","1","","3","N","","2","0","1","0","0","0","2","2","0","2","","","","N","","","","","","","","","",""
"2023078578","2315","1","0","0","0","0","0","0","0","0","4","0","","14","8","2023","5","40.796139","-77.8535","2315","2","0","0","0","0","1","0","0","0","","0","0","0","","","1","N","0","","40 47:46.100","","0","77 51:12.600","3","0","0","1","14410","0","0","0","N","0","0","0","1","14410","0","","4.0","","1","N","N","N","0","","1","0","0","","0","","","2","1","0","0","0","0","0","2","0","2","","03","","N","","","","","","","","","",""
"2023079611","0646","1","0","0","0","0","0","0","0","0","4","0","","14","9","2023","5","40.876849","-77.631394","0636","2","0","0","0","0","0","1","1","0","","0","0","0","","","0","","2","","40 52:36.658","","0","77 37:53.019","0","0","0","0","14207","0","0","0","N","0","0","0","2","68G07","0","","1.0","","1","N","N","N","0","","0","0","1","","3","","","2","0","0","0","0","0","0","1","0","2","","03","","N","","","","","","","","","",""
"2023079616","1427","1","0","0","0","0","0","0","0","0","7","0","","14","9","2023","5","40.997057","-77.856231","1411","2","0","0","0","0","1","0","0","0","","0","0","0","","","0","N","0","","40 59:49.404","","0","77 51:22.433","0","0","0","0","14202","0","0","0","N","0","0","0","1","68G07","0","","4.0","","9","N","N","N","0","","0","0","0","","0","","","1","0","0","0","0","0","0","1","0","1","","","","N","","","","","","","","","",""
"2023066769","1603","0","0","0","0","0","0","0","0","0","7","0","","14","7","2023","5","40.891506","-77.472214","1543","2","0","0","0","0","0","0","1","0","","0","0","0","","","0","N","0","","40 53:29.420","4","0","77 28:19.969","0","0","0","0","14405","0","0","0","N","0","0","0","1","68G07","0","","4.0","1643.0","1","N","N","N","1","","0","0","0","","0","N","","1","0","0","0","0","0","0","1","0","1","","03","","N","","","","","","","","","",""
"2023078782","1642","0","0","0","0","0","0","0","0","0","1","0","","14","9","2023","4","40.800457","-77.849549","1640","2","1","0","0","0","0","0","0","0","","0","0","0","","","2","","2","","40 48:01.646","1","0","77 50:58.375","8","0","0","0","14410","0","0","0","N","0","0","0","3","14410","0","","1.0","1710.0","1","N","N","N","0","","0","0","2","","0","N","","2","2","0","0","0","2","0","2","0","2","","03","","N","","","","","","","","","",""
"2023066102","1437","0","0","0","0","0","0","0","0","0","4","0","","14","7","2023","7","40.896408","-78.220695","1407","2","0","1","0","0","0","0","0","0","","0","0","0","","","1","","1","","40 53:47.070","","0","78 13:14.502","4","0","0","0","14406","0","0","0","N","0","0","0","3","68G07","1","","1.0","","1","N","N","N","0","","0","0","1","","2","","","2","1","0","0","0","0","0","2","1","2","","","","N","","","","","","","","","",""
"2023048493","1620","0","0","1","0","0","0","0","0","0","6","1","","14","5","2023","3","40.779211","-77.775142","1614","2","0","0","0","0","0","0","0","0","","0","1","0","","","1","N","0","","40 46:45.161","7","3","77 46:30.510","2","0","0","0","14210","0","0","0","N","0","0","0","2","14410","0","","1.0","1935.0","1","N","N","N","0","","0","1","1","","0","Y","","2","1","0","0","0","0","0","2","0","2","","","","N","","","","","","","","","",""
"2023049984","0736","1","0","0","0","0","0","0","0","0","7","0","","14","6","2023","2","41.02225","-77.569367","0718","2","0","0","0","0","0","0","0","0","","0","0","0","","","1","N","0","","41 01:20.099","4","0","77 34:09.722","3","0","0","0","14214","0","0","0","Y","0","0","0","1","68G07","0","","4.0","815.0","1","N","N","N","0","","1","0","0","","0","Y","","1","1","0","0","0","0","0","1","0","1","","","","N","","","","","","","","","",""
"2023049226","2100","0","0","0","0","0","0","0","0","0","98","0","","14","6","2023","7","40.809037","-77.824955","2054","2","0","0","0","0","0","1","0","0","","0","0","0","","","0","N","0","","40 48:32.534","","0","77 49:29.837","0","0","0","0","14204","0","0","0","N","0","0","0","1","14410","0","","1.0","","1","N","N","N","0","","0","0","0","","0","","","1","0","0","0","0","0","0","2","1","1","","03","","N","","","","","","","","","",""
"2023077956","1930","2","0","0","0","0","0","0","0","0","1","0","","14","9","2023","1","40.784434","-77.844596","1926","2","0","0","0","0","0","0","0","0","","0","0","0","","","0","","2","","40 47:03.964","2","0","77 50:40.546","0","0","0","0","14410","0","0","0","N","0","0","0","3","14410","0","","1.0","1954.0","1","N","N","N","0","","0","0","0","","0","N","","2","0","0","0","0","0","0","2","0","2","","","","N","","","","","","","","","",""
"2023077599","0007","0","0","0","0","0","0","0","0","0","7","0","","14","9","2023","7","40.799167","-77.847806","0006","2","0","0","0","0","1","0","0","0","","0","0","0","","","0","","2","","40 47:57.000","","0","77 50:52.100","0","0","0","0","14410","0","0","0","N","0","0","0","1","14410","0","","4.0","","1","N","N","N","0","","0","0","1","","0","","","1","0","0","0","0","0","0","2","0","1","","","","N","","","","","","","","","",""
"2023078610","1401","1","0","0","0","0","0","0","0","0","7","0","","14","9","2023","3","40.801025","-77.879161","1350","2","0","0","0","0","0","1","0","0","","0","0","0","","","2","N","0","","40 48:03.691","","7","77 52:44.981","3","0","0","0","14206","0","0","0","N","0","0","0","2","14206","1","","5.0","","1","N","N","N","0","","1","0","1","","0","","","2","2","0","0","0","0","0","2","0","2","","","","N","","","","","","","","","",""
"2023088611","1420","0","0","0","0","0","0","0","0","0","98","0","","14","8","2023","3","40.895016","-78.219251","1414","2","0","0","0","0","0","0","0","0","","0","0","0","","","1","","1","","40 53:42.056","","0","78 13:09.304","4","0","0","1","14406","0","0","0","N","0","0","0","2","68C03","1","","4.0","","1","N","N","N","0","","0","0","0","","3","","","1","1","0","0","0","0","0","2","0","1","","","","N","","","","","","","","","",""
"2023078264","1944","0","0","0","0","0","0","0","0","0","7","0","","14","9","2023","1","41.001771","-77.604668","1931","2","0","0","0","0","0","1","0","0","","0","0","0","","","0","N","0","","41 00:06.377","","0","77 36:16.806","0","0","0","0","14214","0","0","0","N","0","0","0","2","68G07","0","","2.0","","1","N","N","N","0","","0","0","1","","0","","","1","0","0","0","0","0","0","1","0","1","","03","","N","","","","","","","","","",""
"2023077793","2354","0","0","0","0","0","0","0","0","0","7","0","","14","9","2023","7","40.792817","-77.845996","2346","2","0","0","0","0","0","0","0","0","","0","0","0","","","0","","1","","40 47:34.141","","0","77 50:45.585","9","0","0","0","14410","0","0","0","N","0","0","0","4","14410","0","","4.0","","1","N","N","N","0","","0","0","1","","0","","","1","0","0","0","0","0","2","2","0","1","","03","","N","","","","","","","","","",""
"2023078545","1243","0","0","0","0","0","0","0","0","0","1","1","65","14","6","2023","2","40.994464","-77.8449","1223","2","0","0","0","0","0","1","0","0","","0","1","0","","","2","N","0","","40 59:40.072","4","0","77 50:41.641","3","0","0","0","14202","0","0","0","N","0","0","0","5","68G07","0","","1.0","1320.0","1","N","N","N","0","","2","0","1","","8","N","","2","2","0","0","0","0","0","1","0","2","","","Y","Y","8","2","N","N","N","N","N","Y","N","N"
"2023079111","0916","1","0","0","0","0","0","0","0","0","4","1","","14","9","2023","4","40.798391","-77.871148","0911","2","0","0","0","0","0","0","0","0","","0","1","0","","","0","","2","","40 47:54.209","4","0","77 52:16.131","0","0","0","0","14410","0","0","0","N","0","0","0","2","14410","0","","1.0","1016.0","1","N","N","N","0","","0","0","0","","3","N","","2","0","0","0","0","0","0","2","0","2","","","","N","","","","","","","","","",""
"2023078530","1506","0","0","0","0","0","0","0","0","0","4","0","","14","9","2023","7","40.797737","-77.64303","1505","2","0","0","0","0","0","0","1","0","","0","0","0","","","1","N","0","","40 47:51.853","3","0","77 38:34.909","4","0","0","0","14218","0","0","0","Y","0","0","0","2","68G07","1","","1.0","15.0","1","N","N","N","1","","0","0","1","","3","N","","2","1","1","0","0","0","0","1","0","2","","98","","N","","","","","","","","","",""
"2023078471","0925","0","0","0","0","0","0","0","0","0","7","0","","14","8","2023","5","40.904695","-77.397872","0859","2","0","0","0","0","0","0","0","0","","0","0","0","","","0","N","0","","40 54:16.902","","0","77 23:52.339","9","0","0","0","14208","0","0","0","N","0","0","0","1","68G07","0","","5.0","","9","N","N","N","1","","0","0","0","","0","","","1","0","1","0","0","0","1","1","0","1","","04","","N","","","","","","","","","",""
"2023078127","1713","0","0","0","0","0","0","0","0","0","4","0","","14","9","2023","2","40.831681","-77.804083","1710","2","0","0","0","0","0","1","0","0","","0","0","0","","","1","","1","","40 49:54.051","3","7","77 48:14.699","3","0","0","0","14204","0","0","0","N","0","0","0","5","14410","0","","1.0","1737.0","1","N","N","N","1","","1","0","1","","2","N","","2","1","0","0","0","0","0","2","0","2","","","","N","","","","","","","","","",""
"2023086822","1656","0","0","0","0","0","0","0","0","0","0","0","","14","9","2023","3","40.820022","-77.836304","1656","2","0","0","0","0","0","0","1","0","","0","0","0","","","0","","6","","40 49:12.078","","0","77 50:10.695","0","0","0","0","14204","0","0","0","N","0","0","0","1","14410","0","","1.0","","1","N","N","N","1","","0","0","0","","0","","","1","0","0","0","0","0","0","1","0","1","","03","","N","","","","","","","","","",""
"2023078051","1220","1","0","0","0","0","0","0","0","0","7","0","","14","9","2023","2","40.793869","-77.735713","1214","2","0","0","0","0","0","1","0","0","","0","0","0","","","1","N","0","","40 47:37.927","4","0","77 44:08.567","8","0","0","0","14210","0","0","0","N","0","0","0","1","14410","0","","5.0","1345.0","1","N","N","N","0","","0","0","0","","0","N","","1","1","0","0","0","1","0","1","0","1","","03","","N","","","","","","","","","",""
"2023077643","1005","1","0","0","0","0","0","0","0","0","4","1","","14","9","2023","7","40.733988","-77.885492","0958","2","0","0","0","0","0","0","2","0","","0","1","0","","","1","","2","","40 44:02.358","3","7","77 53:07.771","3","0","0","0","14206","0","0","0","N","0","0","0","2","14206","0","","1.0","1100.0","1","N","N","N","0","","1","0","0","","1","N","","2","1","0","0","0","0","0","2","0","2","","03","","N","","","","","","","","","",""
"2023079118","1102","1","0","0","0","0","0","0","0","0","4","0","","14","9","2023","5","40.779479","-77.880339","1059","2","0","0","0","0","0","0","0","0","","0","0","0","","","1","N","1","","40 46:46.125","3","0","77 52:49.222","3","0","0","0","14206","0","0","0","N","0","0","0","3","14206","0","","1.0","1138.0","1","N","N","N","1","","1","0","0","","2","N","","2","1","0","0","0","0","0","2","0","2","","","","N","","","","","","","","","",""
"2023078240","1340","0","0","0","0","0","0","0","0","0","1","0","","14","8","2023","5","40.773248","-77.887385","1332","2","0","1","0","0","0","0","1","0","","0","0","0","","","0","","1","","40 46:23.694","","0","77 53:14.587","0","0","0","0","14206","0","0","0","N","0","0","0","2","14206","0","","1.0","","1","N","N","N","1","","0","0","1","","2","","","2","0","0","0","0","0","0","2","0","2","","","","N","","","","","","","","","",""
"2023079275","0215","0","0","0","1","0","0","0","0","0","8","0","","14","9","2023","1","40.796694","-77.851833","0203","2","0","0","0","0","0","0","0","0","","0","0","0","","","1","Y","0","","40 47:48.100","","0","77 51:06.600","3","0","0","0","14410","1","0","0","N","0","0","0","2","14410","0","","1.0","","1","N","N","N","0","","1","0","0","","0","","","2","1","0","0","0","0","1","2","0","1","","03","","N","","","","","","","","","",""
"2023072512","1702","0","0","0","0","0","0","0","0","0","4","0","","14","7","2023","3","40.942175","-77.72566","1650","2","0","0","0","0","0","1","0","0","","0","0","0","","","0","","2","","40 56:31.829","","2","77 43:32.376","0","0","0","0","14221","0","0","0","N","0","0","0","2","14221","0","","1.0","","1","","","N","0","","0","0","2","","3","","","2","0","0","0","0","0","0","1","0","2","","03","","N","","","","","","","","","",""
"2023080448","1717","1","0","0","0","0","0","0","0","0","4","0","","14","9","2023","2","40.812464","-77.827979","1712","2","0","0","0","0","0","1","0","0","","0","0","0","","","2","","1","","40 48:44.872","","2","77 49:40.723","3","0","0","0","14204","0","0","0","Y","0","0","0","2","14410","0","","1.0","","1","N","N","Y","0","","2","0","0","","2","","","2","2","0","0","0","0","0","2","1","2","","03","","N","","","","","","","","","",""