"CRN","ARRIVAL_TM","AUTOMOBILE_COUNT","BELTED_DEATH_COUNT","BELTED_SUSP_SERIOUS_INJ_COUNT","BICYCLE_COUNT","BICYCLE_DEATH_COUNT","BICYCLE_SUSP_SERIOUS_INJ_COUNT","BUS_COUNT","CHLDPAS_DEATH_COUNT","CHLDPAS_SUSP_SERIOUS_INJ_COUNT","COLLISION_TYPE","COMM_VEH_COUNT","CONS_ZONE_SPD_LIM","COUNTY","CRASH_MONTH","CRASH_YEAR","DAY_OF_WEEK","DEC_LATITUDE","DEC_LONGITUDE","DISPATCH_TM","DISTRICT","DRIVER_COUNT_16YR","DRIVER_COUNT_17YR","DRIVER_COUNT_18YR","DRIVER_COUNT_19YR","DRIVER_COUNT_20YR","DRIVER_COUNT_50_64YR","DRIVER_COUNT_65_74YR","DRIVER_COUNT_75PLUS","EST_HRS_CLOSED","FATAL_COUNT","HEAVY_TRUCK_COUNT","HORSE_BUGGY_COUNT","HOUR_OF_DAY","ILLUMINATION","INJURY_COUNT","INTERSECTION_RELATED","INTERSECT_TYPE","LANE_CLOSED","LATITUDE","LN_CLOSE_DIR","LOCATION_TYPE","LONGITUDE","MAX_SEVERITY_LEVEL","MCYCLE_DEATH_COUNT","MCYCLE_SUSP_SERIOUS_INJ_COUNT","MOTORCYCLE_COUNT","MUNICIPALITY","NONMOTR_COUNT","NONMOTR_DEATH_COUNT","NONMOTR_SUSP_SERIOUS_INJ_COUNT","NTFY_HIWY_MAINT","PED_COUNT","PED_DEATH_COUNT","PED_SUSP_SERIOUS_INJ_COUNT","PERSON_COUNT","POLICE_AGCY","POSSIBLE_INJ_COUNT","RDWY_SURF_TYPE_CD","RELATION_TO_ROAD","ROADWAY_CLEARED","ROAD_CONDITION","SCH_BUS_IND","SCH_ZONE_IND","SECONDARY_CRASH","SMALL_TRUCK_COUNT","SPEC_JURIS_CD","SUSP_MINOR_INJ_COUNT","SUSP_SERIOUS_INJ_COUNT","SUV_COUNT","TCD_FUNC_CD","TCD_TYPE","TFC_DETOUR_IND","TIME_OF_DAY","TOTAL_UNITS","TOT_INJ_COUNT","UNBELTED_OCC_COUNT","UNB_DEATH_COUNT","UNB_SUSP_SERIOUS_INJ_COUNT","UNK_INJ_DEG_COUNT","UNK_INJ_PER_COUNT","URBAN_RURAL","VAN_COUNT","VEHICLE_COUNT","WEATHER1","WEATHER2","WORKERS_PRES","WORK_ZONE_IND","WORK_ZONE_LOC","WORK_ZONE_TYPE","WZ_CLOSE_DETOUR","WZ_FLAGGER","WZ_LAW_OFFCR_IND","WZ_LN_CLOSURE","WZ_MOVING","WZ_OTHER","WZ_SHLDER_MDN","WZ_WORKERS_INJ_KILLED"
"2023079002","2125","3","0","0","0","0","0","0","0","0","1","0","25","14","9","2023","4","40.791711","-77.865217","2125","2","0","0","0","0","1","1","0","0","","0","0","0","","","0","","1","","40 47:30.158","","0","77 51:54.781","0","0","0","0","14410","0","0","0","N","0","0","0","6","14410","0","","1.0","","1","N","N","Y","0","","0","0","0","","2","","","3","0","0","0","0","0","0","2","0","3","","","N","Y","4","1","","","N","Y","","","","N"
"2023076807","1440","1","0","0","0","0","0","0","0","0","8","0","","14","8","2023","4","40.790069","-77.854103","1436","2","0","0","0","0","0","0","0","0","","0","0","0","","","1","","1","","40 47:24.248","","0","77 51:14.770","3","0","0","0","14410","1","0","0","N","1","0","0","2","14410","0","","1.0","","1","N","N","N","0","","1","0","0","","3","","","2","1","0","0","0","0","1","2","0","1","","","","N","","","","","","","","","",""
"2023078310","1059","0","0","0","0","0","0","0","0","0","8","1","","14","8","2023","2","40.796472","-77.856259","1053","2","0","0","0","0","0","0","0","0","","0","1","0","","","1","N","2","","40 47:47.300","","0","77 51:22.531","3","0","0","0","14410","1","0","0","N","1","0","0","2","14410","0","","1.0","","1","N","N","N","0","","1","0","0","","0","","","2","1","0","0","0","0","0","2","0","1","","03","","N","","","","","","","","","",""
"2023088527","0825","2","0","0","0","0","0","0","0","0","1","0","","14","10","2023","5","40.812796","-77.82721","0822","2","0","0","0","0","0","0","0","0","","0","0","0","","","1","","1","","40 48:46.064","","0","77 49:37.955","4","0","0","0","14204","0","0","0","N","0","0","0","3","14410","1","","1.0","","1","N","N","N","0","","0","0","0","","3","","","2","1","0","0","0","0","0","2","0","2","","03","","N","","","","","","","","","",""
"2023082375","1117","1","0","0","0","0","0","0","0","0","7","0","","14","9","2023","2","40.805256","-77.842724","1115","2","0","0","0","0","1","0","0","0","","0","0","0","","","0","N","2","","40 48:18.922","","0","77 50:33.805","0","0","0","0","14204","0","0","0","N","0","0","0","1","14410","0","","2.0","","1","N","N","N","0","","0","0","0","","2","","","1","0","0","0","0","0","0","2","0","1","","","","N","","","","","","","","","",""
"2023078534","1805","0","0","0","0","0","0","0","0","0","7","0","","14","9","2023","7","40.859458","-77.791929","1800","2","0","0","0","0","0","0","0","0","","0","0","0","","","1","N","0","","40 51:34.049","","0","77 47:30.944","4","0","0","0","14201","0","0","0","Y","0","0","0","1","68G07","1","","4.0","","1","N","N","N","0","","0","0","1","","0","","","1","1","0","0","0","0","0","1","0","1","","","","N","","","","","","","","","",""
"2023077766","1731","2","0","0","0","0","0","0","0","0","4","0","","14","9","2023","7","40.823678","-77.889372","1731","2","0","0","0","0","0","0","0","0","","0","0","0","","","0","N","0","","40 49:25.240","","7","77 53:21.739","0","0","0","0","14216","0","0","0","N","0","0","0","3","14216","0","","1.0","","1","N","N","N","0","","0","0","0","","0","","","2","0","0","0","0","0","0","2","0","2","","03","","N","","","","","","","","","",""
"2023082592","1644","0","0","0","0","0","0","0","0","0","7","0","","14","9","2023","1","40.855742","-77.556586","1628","2","0","0","1","0","0","0","0","0","","0","0","0","","","1","N","0","","40 51:20.670","2","0","77 33:23.710","3","0","0","0","14207","0","0","0","N","0","0","0","1","68G07","0","","4.0","1800.0","9","N","N","N","0","","1","0","1","","0","Y","","1","1","1","0","0","0","0","1","0","1","","","","N","","","","","","","","","",""
"2023089559","0332","1","0","0","0","0","0","0","0","0","7","0","","14","10","2023","1","40.792521","-77.740817","0322","2","0","0","0","0","0","0","0","0","","0","0","0","","","0","","2","","40 47:33.075","","0","77 44:26.942","0","0","0","0","14210","0","0","0","Y","0","0","0","1","14410","0","","5.0","","1","N","N","N","0","","0","0","0","","0","","","1","0","0","0","0","0","0","1","0","1","","","","N","","","","","","","","","",""
"2023087973","2000","2","0","0","0","0","0","0","0","0","1","0","","14","10","2023","3","40.811657","-77.829006","1953","2","1","0","0","0","1","0","0","0","","0","0","0","","","0","N","6","","40 48:41.966","3","2","77 49:44.423","0","0","0","0","14204","0","0","0","N","0","0","0","4","14410","0","","7.0","2036.0","1","N","N","N","0","","0","0","0","","0","N","","2","0","0","0","0","0","0","2","0","2","","","","N","","","","","","","","","",""
"2023090514","1208","0","0","0","0","0","0","0","0","0","7","0","","14","10","2023","4","40.786209","-77.762133","1205","2","0","0","0","0","0","0","0","0","","0","0","0","","","0","N","0","","40 47:10.352","4","0","77 45:43.680","0","0","0","0","14210","0","0","0","N","0","0","0","2","14410","0","","5.0","1251.0","1","N","N","N","0","","0","0","1","","0","N","","2","0","0","0","0","0","0","2","0","1","","","","N","","","","","","","","","",""
"2023089992","1756","0","0","0","0","0","0","0","0","0","7","0","","14","7","2023","7","41.034906","-78.046603","1735","2","0","0","0","0","0","0","1","0","","0","0","0","","","0","N","0","","41 02:05.662","2","0","78 02:47.772","0","0","0","0","14220","0","0","0","N","0","0","0","1","68G07","0","","4.0","1928.0","1","N","N","N","0","","0","0","0","","0","N","","1","0","0","0","0","0","0","1","1","1","","","","N","","","","","","","","","",""
"2023090662","1054","2","0","0","0","0","0","0","0","0","1","0","","14","10","2023","3","40.818782","-77.646691","1035","2","0","0","0","0","0","1","0","0","","0","0","0","","","0","N","0","","40 49:07.615","","0","77 38:48.086","0","0","0","0","14218","0","0","0","N","0","0","0","2","68G07","0","","1.0","","1","N","N","N","0","","0","0","0","","0","","","2","0","0","0","0","0","0","1","0","2","","","","N","","","","","","","","","",""
"2023091208","0846","0","0","0","0","0","0","0","0","0","4","0","","14","10","2023","6","40.810714","-77.830786","0846","2","0","0","0","0","0","0","0","0","","0","0","0","","","1","","1","","40 48:38.570","","0","77 49:50.828","3","0","0","0","14204","0","0","0","N","0","0","0","2","14410","0","","1.0","","1","N","N","N","0","","1","0","2","","2","","","2","1","0","0","0","0","0","2","0","2","","03","","N","","","","","","","","","",""
"2023088469","0901","1","0","0","0","0","0","0","0","0","1","0","","14","10","2023","5","40.791711","-77.865217","0901","2","0","0","0","0","0","1","0","0","","0","0","0","","","1","","1","","40 47:30.158","","0","77 51:54.781","4","0","0","0","14410","0","0","0","N","0","0","0","3","14410","1","","1.0","","1","N","N","N","0","","0","0","1","","4","","","2","1","0","0","0","0","0","2","0","2","","03","","N","","","","","","","","","",""
"2023082605","1601","0","0","0","0","0","0","0","0","0","7","0","","14","7","2023","6","40.815386","-77.919203","1600","2","0","0","0","0","0","0","0","0","","0","0","0","","","2","N","0","","40 48:55.388","1","0","77 55:09.131","3","0","0","0","14216","0","0","0","N","0","0","0","2","68G07","0","","4.0","1635.0","9","N","N","N","0","","1","0","0","","0","N","","1","2","0","0","0","1","0","2","1","1","","","","N","","","","","","","","","",""
"2023079955","1440","1","0","0","0","0","0","0","0","0","5","0","","14","9","2023","7","40.809618","-77.909876","1427","2","0","1","0","0","0","0","0","0","","0","0","0","","","2","N","0","","40 48:34.624","2","0","77 54:35.555","8","0","0","0","14216","0","0","0","N","0","0","0","4","14216","0","","1.0","1545.0","1","N","N","N","0","","0","0","1","","0","N","","2","2","0","0","0","2","0","2","0","2","","","","N","","","","","","","","","",""
"2023067486","1731","0","0","0","0","0","0","0","0","0","4","0","","14","7","2023","2","40.812041","-77.922428","1728","2","0","0","0","1","0","0","0","0","","0","0","0","","","3","","1","","40 48:43.348","4","0","77 55:20.741","3","0","0","0","14216","0","0","0","N","0","0","0","3","14216","0","","1.0","1755.0","1","N","N","N","0","","3","0","2","","2","N","","2","3","0","0","0","0","0","2","0","2","","03","","N","","","","","","","","","",""
"2023068394","1830","0","0","0","0","0","0","0","0","0","4","0","","14","8","2023","4","40.779479","-77.880339","1830","2","0","0","0","0","0","0","0","0","","0","0","0","","","2","","1","","40 46:46.125","2","0","77 52:49.222","8","0","0","0","14206","0","0","0","N","0","0","0","4","14206","0","","1.0","1853.0","1","N","N","N","0","","0","0","2","","2","N","","2","2","0","0","0","2","0","2","0","2","","03","","N","","","","","","","","","",""
"2023066612","1057","0","0","0","0","0","0","0","0","0","7","0","","14","7","2023","6","40.834194","-77.795986","1052","2","0","0","0","0","0","0","0","0","","0","0","0","","","1","","2","","40 50:03.099","","0","77 47:45.551","4","0","0","0","14204","0","0","0","N","0","0","0","1","14410","1","","5.0","","1","N","N","N","0","","0","0","1","","2","","","1","1","0","0","0","0","0","2","0","1","","03","","N","","","","","","","","","",""
"2023067821","1316","0","0","0","0","0","0","0","0","0","7","0","","14","8","2023","3","40.803972","-77.846255","1312","2","0","0","0","0","0","1","0","0","","0","0","0","","","1","N","0","","40 48:14.298","4","0","77 50:46.519","8","0","0","0","14204","0","0","0","N","0","0","0","1","14410","0","","5.0","1350.0","1","N","N","N","0","","0","0","1","","0","N","","1","1","0","0","0","1","0","2","0","1","","03","","N","","","","","","","","","",""
"2023068412","1454","0","0","0","0","0","0","0","0","0","7","0","","14","8","2023","5","40.835173","-77.800198","1441","2","0","0","0","0","0","0","0","0","","0","0","0","","","0","N","0","","40 50:06.621","","7","77 48:00.711","0","0","0","0","14204","0","0","0","N","0","0","0","1","14410","0","","4.0","","1","N","N","N","0","","0","0","1","","0","","","1","0","0","0","0","0","0","1","0","1","","","","N","","","","","","","","","",""
"2023075018","1016","1","0","0","0","0","0","0","0","0","7","0","","14","8","2023","1","40.988575","-77.293734","0957","2","0","0","0","1","0","0","0","0","","0","0","0","","","0","N","0","","40 59:18.870","","0","77 17:37.442","0","0","0","0","14215","0","0","0","N","0","0","0","1","68F04","0","","4.0","","1","N","N","N","0","","0","0","0","","0","","","1","0","0","0","0","0","0","1","0","1","","","","N","","","","","","","","","",""
"2023075430","2217","2","0","0","0","0","0","0","0","0","4","0","","14","8","2023","6","40.780767","-77.780621","2214","2","0","0","1","0","0","0","0","0","","0","0","0","","","0","N","2","","40 46:50.762","","0","77 46:50.235","0","0","0","0","14210","0","0","0","N","0","0","0","3","14410","0","","1.0","","1","N","N","N","0","","0","0","0","","0","","","2","0","0","0","0","0","0","2","0","2","","03","","N","","","","","","","","","",""
"2023074368","1220","1","0","0","0","0","0","0","0","0","1","0","","14","8","2023","3","40.804751","-77.852226","1212","2","0","0","0","0","0","0","0","0","","0","0","0","","","0","","1","","40 48:17.103","","0","77 51:08.012","0","0","0","0","14410","0","0","0","N","0","0","0","2","14410","0","","1.0","","1","N","N","N","0","","0","0","1","","2","","","2","0","0","0","0","0","0","2","0","2","","","","N","","","","","","","","","",""
"2023067015","1813","1","0","0","1","0","1","0","0","0","4","0","","14","7","2023","7","40.828455","-77.87651","1810","2","0","0","0","0","0","0","0","0","","0","0","0","","","1","N","2","","40 49:42.439","3","0","77 52:35.436","2","0","0","0","14216","1","0","1","N","0","0","0","2","14216","0","","1.0","1830.0","1","N","N","N","0","","0","1","0","","2","N","","2","1","0","0","0","0","0","2","0","1","","03","","N","","","","","","","","","",""
"2023068286","1931","1","0","0","0","0","0","0","0","0","4","0","","14","8","2023","4","40.830293","-77.802657","1917","2","0","0","0","0","0","0","0","0","","0","0","0","","","0","Y","0","","40 49:49.054","","7","77 48:09.564","0","0","0","0","14204","0","0","0","N","0","0","0","8","14410","0","","1.0","","1","N","N","N","0","","0","0","0","","3","","","2","0","0","0","0","0","0","2","1","2","","03","","N","","","","","","","","","",""
"2023072739","1400","1","0","0","0","0","0","0","0","0","4","0","","14","8","2023","5","40.790857","-77.866388","1351","2","0","1","0","0","0","0","0","0","","0","0","0","","","0","","1","","40 47:27.084","4","0","77 51:58.997","0","0","0","0","14410","0","0","0","N","0","0","0","2","14410","0","","1.0","1430.0","1","N","N","N","0","","0","0","1","","3","N","","2","0","0","0","0","0","0","2","0","2","","","","N","","","","","","","","","",""
"2023089256","1915","1","0","0","0","0","0","0","0","0","7","0","","14","10","2023","3","41.023322","-77.927441","1915","2","0","0","0","0","0","0","0","0","","0","0","0","","","1","N","0","","41 01:23.960","3","0","77 55:38.787","4","0","0","0","14220","0","0","0","N","0","0","0","1","68G07","1","","4.0","1910.0","1","N","N","N","0","","0","0","0","","0","N","","1","1","0","0","0","0","0","1","0","1","","","","N","","","","","","","","","",""
"2023072266","1814","1","0","0","0","0","0","0","0","0","7","0","","14","8","2023","3","40.783531","-77.78236","1807","2","0","0","0","0","0","0","0","0","","0","0","0","","","0","N","0","","40 47:00.712","3","0","77 46:56.495","0","0","0","0","14210","0","0","0","N","0","0","0","1","14410","0","","5.0","1852.0","1","N","N","N","0","","0","0","0","","0","N","","1","0","0","0","0","0","0","2","0","1","","","","N","","","","","","","","","",""
"2023074738","0036","0","0","0","0","0","0","0","0","0","7","0","","14","8","2023","7","40.810581","-77.62626","0032","2","0","0","0","0","0","1","0","0","","0","0","0","","","0","N","0","","40 48:38.093","5","0","77 37:34.536","0","0","0","0","14218","0","0","0","N","0","0","0","1","68G07","0","","4.0","130.0","1","N","N","N","0","","0","0","1","","0","N","","1","0","0","0","0","0","0","1","0","1","","","","N","","","","","","","","","",""
"2023073413","0645","1","0","0","0","0","0","0","0","0","98","0","","14","8","2023","6","40.743746","-78.084827","0619","2","0","0","0","0","0","0","0","0","","0","0","0","","","0","N","0","","40 44:37.484","","0","78 05:05.376","0","0","0","0","14209","0","0","0","N","0","0","0","1","68G07","0","","1.0","","1","N","N","N","0","","0","0","0","","0","","","1","0","0","0","0","0","0","1","0","1","","","","N","","","","","","","","","",""
"2023066586","1025","2","0","0","0","0","0","0","0","0","4","0","","14","7","2023","6","40.940261","-77.729442","1015","2","0","0","0","0","0","1","0","1","","0","0","0","","","0","N","0","","40 56:24.940","","0","77 43:45.990","9","0","0","0","14221","0","0","0","N","0","0","0","5","14221","0","","1.0","","1","N","N","N","0","","0","0","0","","0","","","2","0","1","0","0","0","1","1","0","2","","","","N","","","","","","","","","",""
"2023069392","1012","1","0","0","0","0","0","0","0","0","1","0","","14","8","2023","2","40.791844","-77.744976","1004","2","0","0","0","0","0","0","0","0","","0","0","0","","","0","N","0","","40 47:30.640","","0","77 44:41.913","0","0","0","0","14210","0","0","0","N","0","0","0","2","14410","0","","1.0","","9","N","N","N","0","","0","0","0","","0","","","2","0","1","0","0","0","0","1","1","2","","","","N","","","","","","","","","",""
"2023071662","1558","1","0","0","0","0","0","0","0","0","4","0","","14","8","2023","2","40.831713","-77.804163","1352","2","0","0","0","0","0","0","1","1","","0","0","0","","","2","","1","","40 49:54.167","4","7","77 48:14.986","3","0","0","0","14204","0","0","0","N","0","0","0","3","14410","0","","1.0","1417.0","1","N","N","N","0","","1","0","1","","2","N","","2","2","0","0","0","1","0","2","0","2","","03","","N","","","","","","","","","",""
"2023065925","1156","0","0","0","0","0","0","0","0","0","4","0","","14","7","2023","2","40.862259","-77.755126","1145","2","0","0","0","0","0","1","0","1","","0","0","0","","","2","","2","","40 51:44.134","1","0","77 45:18.453","8","0","0","0","14201","0","0","0","N","0","0","0","3","68G07","0","","1.0","1230.0","1","N","N","N","1","","0","0","1","","0","N","","2","2","0","0","0","2","0","1","0","2","","","","N","","","","","","","","","",""
"2023038223","2012","0","0","0","0","0","0","0","0","0","7","0","","14","4","2023","1","40.789859","-77.865103","0210","2","0","0","0","0","0","0","0","0","","0","0","0","","","1","N","0","","40 47:23.491","4","0","77 51:54.370","4","0","0","0","14410","0","0","0","N","0","0","0","1","14410","1","","5.0","300.0","9","N","N","N","0","","0","0","1","","0","Y","","1","1","0","0","0","0","0","2","0","1","","07","","N","","","","","","","","","",""
"2023074164","1555","0","0","0","0","0","0","0","0","0","8","0","","14","8","2023","1","40.986137","-77.575274","1543","2","0","0","0","0","0","0","0","0","","0","0","1","","","3","N","0","","40 59:10.094","6","0","77 34:30.987","3","0","0","0","14224","3","0","0","N","0","0","0","4","68G07","0","","1.0","1645.0","1","N","N","N","0","","3","0","1","","0","Y","","2","3","1","0","0","0","0","1","0","1","","03","","N","","","","","","","","","",""
"2023072638","","1","0","0","0","0","0","0","0","0","7","0","","14","8","2023","1","40.820861","-77.876004","","2","0","0","0","0","0","0","1","0","","0","0","0","","","0","N","0","","40 49:15.098","","0","77 52:33.614","0","0","0","0","14204","0","0","0","Y","0","0","0","1","68G07","0","","2.0","","9","N","N","N","0","","0","0","0","","0","","","1","0","0","0","0","0","0","2","0","1","","","","N","","","","","","","","","",""
"2023053505","","0","0","0","0","0","0","0","0","0","7","0","","14","5","2023","4","41.106041","-78.09715","","2","0","0","0","0","0","1","0","0","","0","0","0","","","0","N","0","","41 06:21.747","","0","78 05:49.739","0","0","0","0","14203","0","0","0","N","0","0","0","1","68G07","0","","5.0","","1","N","N","N","0","","0","0","1","","0","","","1","0","0","0","0","0","0","1","0","1","","","","N","","","","","","","","","",""
"2023074228","","0","0","0","0","0","0","0","0","0","4","0","","14","8","2023","3","40.804751","-77.852226","","2","0","0","0","0","0","0","0","0","","0","0","0","","","1","","1","","40 48:17.103","","0","77 51:08.012","8","0","0","0","14410","0","0","0","N","0","0","0","2","14410","0","","1.0","","1","N","N","N","0","","0","0","1","","2","N","","2","1","0","0","0","1","0","2","0","2","","03","","N","","","","","","","","","",""
"2023052046","","1","0","0","0","0","0","0","0","0","7","0","","14","6","2023","7","40.820022","-77.882221","","2","0","0","0","0","0","0","0","0","","0","0","0","","","1","N","0","","40 49:12.078","","0","77 52:55.994","3","0","0","0","14216","0","0","0","N","0","0","0","2","68G07","0","","4.0","","1","N","N","N","0","","1","0","0","","0","","","1","1","0","0","0","0","0","2","0","1","","","","N","","","","","","","","","",""
"2023064781","","0","0","0","0","0","0","0","0","0","8","0","","14","7","2023","6","40.803583","-77.860361","","2","0","0","0","0","1","0","0","0","","0","0","0","","","1","","2","","40 48:12.900","3","0","77 51:37.300","3","0","0","0","14410","1","0","0","N","1","0","0","2","14501","0","","1.0","1620.0","1","N","N","N","0","","1","0","1","","3","Y","","2","1","0","0","0","0","0","2","0","1","","03","","N","","","","","","","","","",""
"2023070442","","1","0","0","0","0","0","0","0","0","1","0","","14","8","2023","5","40.728165","-77.884164","","2","0","0","0","0","0","0","0","0","","0","0","0","","","0","N","0","","40 43:41.393","","0","77 53:02.992","0","0","0","0","14206","0","0","0","N","0","0","0","3","14206","0","","1.0","","9","N","N","N","0","","0","0","2","","0","","","3","0","0","0","0","0","0","1","0","3","","07","","N","","","","","","","","","",""
"2023073961","","1","1","0","0","0","0","0","0","0","2","1","","14","8","2023","4","40.976831","-77.591074","","2","0","0","0","0","0","1","1","0","","1","1","0","","","0","N","0","","40 58:36.593","5","0","77 35:27.865","1","0","0","0","14224","0","0","0","N","0","0","0","2","68G07","0","2","1.0","1720.0","1","N","N","N","0","0","0","0","0","","0","Y","","2","0","0","0","0","0","0","1","0","2","","","","N","","","","","","","","","",""
"2023074878","","1","0","0","0","0","0","0","0","0","1","0","","14","8","2023","1","40.829124","-77.805149","","2","0","0","0","0","0","0","0","0","","0","0","0","","","0","N","0","","40 49:44.848","","0","77 48:18.538","0","0","0","0","14204","0","0","0","N","0","0","0","4","14410","0","","1.0","","1","N","N","N","1","","0","0","0","","0","","","2","0","0","0","0","0","0","2","0","2","","03","","N","","","","","","","","","",""
"2023070877","","0","0","0","0","0","0","0","0","0","4","0","","14","8","2023","6","40.783442","-77.819008","","2","0","0","0","0","0","1","0","1","","0","0","0","","","2","","2","","40 47:00.390","1","0","77 49:08.429","3","0","0","0","14204","0","0","0","N","0","0","0","2","14410","0","","1.0","1140.0","1","N","N","N","0","","2","0","2","","2","N","","2","2","0","0","0","0","0","1","0","2","","03","","N","","","","","","","","","",""
"2023072609","","0","0","0","0","0","0","0","0","0","0","0","","14","8","2023","4","40.801721","-77.886947","","2","0","0","0","0","1","0","0","0","","0","0","0","","","1","N","0","","40 48:06.196","2","7","77 53:13.009","3","0","0","1","14206","0","0","0","N","0","0","0","1","14206","0","","1.0","2252.0","1","N","N","N","0","","1","0","0","","0","N","","1","1","0","0","0","0","0","2","0","1","","03","","N","","","","","","","","","",""
"2023069267","","1","0","0","0","0","0","0","0","0","0","0","","14","8","2023","7","40.816561","-77.899604","","2","0","0","0","0","0","0","0","0","","0","0","0","","","0","N","0","","40 48:59.621","3","0","77 53:58.574","0","0","0","0","14216","0","0","0","N","0","0","0","1","14216","0","","1.0","1805.0","1","N","N","N","0","","0","0","0","","0","N","","1","0","0","0","0","0","0","2","0","1","","03","","N","","","","","","","","","",""
"2023074416","","0","0","0","0","0","0","0","0","0","1","0","","14","8","2023","1","40.82901","-77.989908","","2","0","0","0","0","0","0","0","0","","0","0","0","","","1","N","0","","40 49:44.435","1","0","77 59:23.668","3","0","0","0","14212","0","0","0","N","0","0","0","6","68G07","0","","1.0","345.0","1","N","N","N","0","","1","0","0","","0","N","","2","1","0","0","0","0","0","1","2","2","","","","N","","","","","","","","","",""
"2023067370","","1","0","0","0","0","0","0","0","0","4","0","","14","7","2023","2","40.831681","-77.804083","","2","0","0","0","0","0","0","1","0","","0","0","0","","","1","","1","","40 49:54.051","","7","77 48:14.699","3","0","0","0","14204","0","0","0","N","0","0","0","3","14410","0","","1.0","","1","N","N","N","1","","1","0","0","","2","","","2","1","0","0","0","0","0","2","0","2","","98","","N","","","","","","","","","",""
"2023065810","","0","0","0","0","0","0","0","0","0","0","0","","14","7","2023","1","40.783488","-78.077207","","2","0","0","0","0","0","0","0","0","","0","0","0","","","0","N","0","","40 47:00.558","","0","78 04:37.945","9","0","0","1","14225","0","0","0","N","0","0","0","1","68G07","0","","1.0","","1","N","N","N","0","","0","0","0","","0","","","1","0","0","0","0","0","1","1","0","1","","","","N","","","","","","","","","",""
"2023073415","","0","0","0","0","0","0","0","0","0","5","0","","14","8","2023","6","40.898834","-78.215749","","2","0","0","0","0","0","0","0","0","","0","0","0","","","0","N","0","","40 53:55.802","","0","78 12:56.695","0","0","0","0","14406","0","0","0","N","0","0","0","1","68G07","0","","2.0","","1","N","N","N","0","","0","0","2","","0","","","2","0","0","0","0","0","0","2","0","2","","03","","N","","","","","","","","","",""
"2023066614","","1","0","0","0","0","0","0","0","0","4","0","","14","7","2023","6","40.77943","-77.759476","","2","0","0","0","0","0","0","0","0","","0","0","0","","","1","","1","","40 46:45.948","3","0","77 45:34.112","4","0","0","0","14210","0","0","0","N","0","0","0","2","14410","1","","1.0","1140.0","1","N","N","N","1","","0","0","0","","3","N","","2","1","0","0","0","0","0","1","0","2","","","","N","","","","","","","","","",""
"2023094597","","1","0","0","0","0","0","0","0","0","1","0","","14","10","2023","2","40.826371","-77.808888","","2","0","0","0","0","1","0","0","0","","0","0","0","","","3","","1","","40 49:34.937","","0","77 48:31.997","3","0","0","0","14204","0","0","0","N","0","0","0","3","14410","1","","1.0","","1","N","N","N","0","","2","0","1","","2","","","2","3","0","0","0","0","0","2","0","2","","03","","N","","","","","","","","","",""
"2023074134","","1","0","0","0","0","0","0","0","0","7","0","","14","8","2023","2","41.038148","-77.648163","","2","0","0","0","0","0","0","0","0","","0","0","0","","","1","N","0","","41 02:17.332","","0","77 38:53.386","3","0","0","0","14213","0","0","0","N","0","0","0","1","68G07","0","","4.0","","8","N","N","N","0","","1","0","0","","0","","","1","1","0","0","0","0","0","1","0","1","","","","N","","","","","","","","","",""
"2023092836","","1","0","1","0","0","0","0","0","0","7","0","","14","10","2023","3","41.062934","-77.608756","","2","0","0","0","0","0","1","0","0","","0","0","0","","","1","N","0","","41 03:46.563","2","0","77 36:31.523","2","0","0","0","14213","0","0","0","N","0","0","0","1","68G07","0","","4.0","1115.0","1","N","N","N","0","","0","1","0","","0","N","","1","1","0","0","0","0","0","1","0","1","","03","","N","","","","","","","","","",""
"2023068612","","1","0","0","0","0","0","0","0","0","1","0","","14","8","2023","4","40.828344","-77.956993","","2","0","0","0","0","0","0","0","1","","0","0","0","","","2","N","0","","40 49:42.037","2","0","77 57:25.174","3","0","0","0","14216","0","0","0","N","0","0","0","7","68G01","0","","1.0","1200.0","1","N","N","N","1","","2","0","0","","0","N","","2","2","0","0","0","0","0","2","0","2","","","","N","","","","","","","","","",""
"2023089862","","1","0","0","0","0","0","0","0","0","7","0","","14","10","2023","6","40.991078","-77.830686","","2","0","0","0","0","0","0","0","0","","0","0","0","","","0","N","0","","40 59:27.879","3","0","77 49:50.469","0","0","0","0","14202","0","0","0","N","0","0","0","1","68G07","0","","4.0","2100.0","8","N","N","N","0","","0","0","0","","0","N","","1","0","0","0","0","0","0","1","0","1","","05","","N","","","","","","","","","",""
"2023094809","","1","0","0","0","0","0","0","0","0","7","0","","14","10","2023","6","40.990252","-77.316259","","2","0","0","0","0","0","0","0","0","","0","0","0","","","0","N","0","","40 59:24.906","5","0","77 18:58.533","0","0","0","0","14215","0","0","0","N","0","0","0","3","68G07","0","","4.0","1158.0","1","N","N","N","0","","0","0","0","","0","Y","","1","0","0","0","0","0","0","1","0","1","","","","N","","","","","","","","","",""
"2023068675","","0","0","0","0","0","0","0","0","0","7","0","","14","8","2023","6","40.815617","-77.832388","","2","0","0","0","0","0","1","0","0","","0","0","0","","","0","N","7","","40 48:56.221","","2","77 49:56.595","0","0","0","0","14204","0","0","0","Y","0","0","0","1","14410","0","","5.0","","1","N","N","N","0","","0","0","1","","0","","","1","0","0","0","0","0","0","2","0","1","","03","","N","","","","","","","","","",""