"CRN","ARRIVAL_TM","AUTOMOBILE_COUNT","BELTED_DEATH_COUNT","BELTED_SUSP_SERIOUS_INJ_COUNT","BICYCLE_COUNT","BICYCLE_DEATH_COUNT","BICYCLE_SUSP_SERIOUS_INJ_COUNT","BUS_COUNT","CHLDPAS_DEATH_COUNT","CHLDPAS_SUSP_SERIOUS_INJ_COUNT","COLLISION_TYPE","COMM_VEH_COUNT","CONS_ZONE_SPD_LIM","COUNTY","CRASH_MONTH","CRASH_YEAR","DAY_OF_WEEK","DEC_LATITUDE","DEC_LONGITUDE","DISPATCH_TM","DISTRICT","DRIVER_COUNT_16YR","DRIVER_COUNT_17YR","DRIVER_COUNT_18YR","DRIVER_COUNT_19YR","DRIVER_COUNT_20YR","DRIVER_COUNT_50_64YR","DRIVER_COUNT_65_74YR","DRIVER_COUNT_75PLUS","EST_HRS_CLOSED","FATAL_COUNT","HEAVY_TRUCK_COUNT","HORSE_BUGGY_COUNT","HOUR_OF_DAY","ILLUMINATION","INJURY_COUNT","INTERSECTION_RELATED","INTERSECT_TYPE","LANE_CLOSED","LATITUDE","LN_CLOSE_DIR","LOCATION_TYPE","LONGITUDE","MAX_SEVERITY_LEVEL","MCYCLE_DEATH_COUNT","MCYCLE_SUSP_SERIOUS_INJ_COUNT","MOTORCYCLE_COUNT","MUNICIPALITY","NONMOTR_COUNT","NONMOTR_DEATH_COUNT","NONMOTR_SUSP_SERIOUS_INJ_COUNT","NTFY_HIWY_MAINT","PED_COUNT","PED_DEATH_COUNT","PED_SUSP_SERIOUS_INJ_COUNT","PERSON_COUNT","POLICE_AGCY","POSSIBLE_INJ_COUNT","RDWY_SURF_TYPE_CD","RELATION_TO_ROAD","ROADWAY_CLEARED","ROAD_CONDITION","SCH_BUS_IND","SCH_ZONE_IND","SECONDARY_CRASH","SMALL_TRUCK_COUNT","SPEC_JURIS_CD","SUSP_MINOR_INJ_COUNT","SUSP_SERIOUS_INJ_COUNT","SUV_COUNT","TCD_FUNC_CD","TCD_TYPE","TFC_DETOUR_IND","TIME_OF_DAY","TOTAL_UNITS","TOT_INJ_COUNT","UNBELTED_OCC_COUNT","UNB_DEATH_COUNT","UNB_SUSP_SERIOUS_INJ_COUNT","UNK_INJ_DEG_COUNT","UNK_INJ_PER_COUNT","URBAN_RURAL","VAN_COUNT","VEHICLE_COUNT","WEATHER1","WEATHER2","WORKERS_PRES","WORK_ZONE_IND","WORK_ZONE_LOC","WORK_ZONE_TYPE","WZ_CLOSE_DETOUR","WZ_FLAGGER","WZ_LAW_OFFCR_IND","WZ_LN_CLOSURE","WZ_MOVING","WZ_OTHER","WZ_SHLDER_MDN","WZ_WORKERS_INJ_KILLED"
"2023096206","","1","0","0","0","0","0","0","0","0","98","0","","14","10","2023","4","40.880673","-77.517658","","2","0","0","0","0","0","0","0","0","","0","0","0","","","0","N","0","","40 52:50.423","","0","77 31:03.570","0","0","0","0","14217","0","0","0","N","0","0","0","1","68G07","0","","1.0","","1","N","N","N","0","","0","0","0","","0","","","1","0","0","0","0","0","0","1","0","1","","","","N","","","","","","","","","",""
"2023095555","","0","0","0","0","0","0","0","0","0","1","0","","14","10","2023","4","40.791821","-77.860758","","2","0","0","0","0","0","0","1","1","","0","0","0","","","1","N","0","","40 47:30.557","","0","77 51:38.727","3","0","0","0","14410","0","0","0","N","0","0","0","2","14410","0","","4.0","","1","N","N","N","0","","1","0","2","","0","","","2","1","0","0","0","0","0","2","0","2","","03","","N","","","","","","","","","",""
"2023067678","","0","0","0","0","0","0","0","0","0","7","0","","14","7","2023","2","40.749324","-77.896323","","2","0","0","0","0","0","0","0","1","","0","0","0","","","1","","1","","40 44:57.565","","0","77 53:46.762","3","0","0","0","14206","0","0","0","N","0","0","0","1","14206","0","","2.0","","1","N","N","N","0","","1","0","1","","3","","","1","1","0","0","0","0","0","1","0","1","","03","","N","","","","","","","","","",""
"2023089658","","1","0","0","0","0","0","0","0","0","1","0","","14","10","2023","2","40.798533","-77.875316","","2","0","0","0","0","0","0","0","0","","0","0","0","","","1","","1","","40 47:54.718","2","0","77 52:31.139","8","0","0","0","14410","0","0","0","N","0","0","0","2","14410","0","","1.0","845.0","1","N","N","N","0","","0","0","1","","2","N","","2","1","0","0","0","1","0","2","0","2","","03","","N","","","","","","","","","",""
"2023096199","","0","0","0","0","0","0","0","0","0","98","0","","14","10","2023","3","40.98013","-77.628299","","2","0","0","0","0","0","1","0","0","","0","0","0","","","0","N","0","","40 58:48.469","2","0","77 37:41.877","0","0","0","0","14214","0","0","0","N","0","0","0","1","68G07","0","","1.0","740.0","1","N","N","N","1","","0","0","0","","0","N","","1","0","0","0","0","0","0","1","0","1","","","","N","","","","","","","","","",""
"2023076936","","0","0","0","0","0","0","0","0","0","4","0","","14","8","2023","3","40.832366","-77.678534","","2","0","0","0","0","0","1","1","0","","0","0","0","","","1","","2","","40 49:56.518","4","0","77 40:42.723","3","0","0","0","14218","0","0","0","N","0","0","0","5","68G07","0","","1.0","1700.0","1","N","N","Y","2","","1","0","1","","0","Y","","3","1","0","0","0","0","0","1","0","3","","03","","N","","","","","","","","","",""
"2023071964","","0","0","0","0","0","0","0","0","0","7","0","","14","8","2023","1","40.822821","-78.027633","","2","0","0","0","0","0","0","0","1","","0","0","0","","","1","","2","","40 49:22.155","5","0","78 01:39.480","3","0","0","0","14225","0","0","0","Y","0","0","0","1","68G07","0","","4.0","1432.0","1","N","N","N","0","","1","0","1","","0","N","","1","1","0","0","0","0","0","1","0","1","","03","","N","","","","","","","","","",""
"2023075123","","0","0","0","0","0","0","0","0","0","4","0","","14","8","2023","1","40.82482","-78.105974","","2","0","0","0","1","0","1","0","0","","0","0","0","","","4","","3","","40 49:29.353","3","0","78 06:21.507","3","0","0","0","14225","0","0","0","N","0","0","0","4","68G07","0","","1.0","2100.0","1","N","N","N","0","","4","0","2","","3","N","","2","4","1","0","0","0","0","1","0","2","","03","","N","","","","","","","","","",""
"2023076199","","1","0","0","1","0","0","0","0","0","8","0","","14","8","2023","1","41.080463","-78.049503","","2","0","0","0","0","0","0","0","0","","0","0","0","","","1","N","0","","41 04:49.668","1","0","78 02:58.210","3","0","0","0","14203","1","0","0","N","0","0","0","2","68G07","0","","1.0","2100.0","1","N","N","N","0","","1","0","0","","0","N","","2","1","0","0","0","0","0","1","0","1","","","","N","","","","","","","","","",""
"2023077372","","0","0","0","0","0","0","0","0","0","7","0","","14","8","2023","5","40.974735","-78.045331","","2","0","0","0","0","0","0","0","0","","0","0","0","","","1","N","0","","40 58:29.046","3","0","78 02:43.192","3","0","0","0","14219","0","0","0","Y","0","0","0","1","68G07","0","","4.0","1834.0","1","N","N","N","0","","1","0","1","","0","N","","1","1","0","0","0","0","0","1","0","1","","","","N","","","","","","","","","",""
"2023074064","","2","0","0","0","0","0","0","0","0","1","0","90","14","8","2023","2","40.8081","-77.896161","","2","0","0","0","0","1","0","0","0","","0","0","0","","","0","N","0","","40 48:29.161","1","0","77 53:46.179","0","0","0","0","14216","0","0","0","N","0","0","0","4","14216","0","","1.0","2110.0","1","N","N","N","0","","0","0","1","","0","N","","3","0","0","0","0","0","0","2","0","3","","03","N","Y","3","1","","","N","Y","","","Y","N"
"2023072719","","0","0","0","0","0","0","0","0","0","0","0","","14","8","2023","5","40.779828","-77.7966","","2","0","0","0","0","0","0","0","0","","0","0","0","","","0","N","0","","40 46:47.381","","0","77 47:47.760","0","0","0","0","14210","0","0","0","N","0","0","0","2","14410","0","","1.0","","1","N","N","N","0","","0","0","2","","0","","","2","0","0","0","0","0","0","2","0","2","","","","N","","","","","","","","","",""
"2023073418","","0","0","0","0","0","0","0","0","0","4","0","","14","8","2023","7","40.899905","-77.453865","","2","0","0","0","0","0","0","0","0","","0","0","0","","","0","","1","","40 53:59.659","4","0","77 27:13.915","0","0","0","0","14208","0","0","0","N","0","0","0","4","68G07","0","","1.0","1015.0","1","N","N","N","1","","0","0","1","","0","Y","","2","0","0","0","0","0","0","1","0","2","","03","","N","","","","","","","","","",""
"2023076894","","1","0","0","0","0","0","0","0","0","7","0","","14","8","2023","4","40.894713","-77.892924","","2","0","0","0","0","1","0","0","0","","0","0","0","","","0","N","0","","40 53:40.966","2","0","77 53:34.526","0","0","0","0","14223","0","0","0","N","0","0","0","2","68G07","0","","2.0","535.0","1","N","N","N","0","","0","0","0","","0","N","","1","0","0","0","0","0","0","1","0","1","","","","N","","","","","","","","","",""
"2023095058","","1","0","0","0","0","0","0","0","0","1","0","","14","10","2023","4","40.907495","-77.782517","","2","0","0","0","1","0","0","1","0","","0","0","0","","","0","N","2","","40 54:26.982","2","0","77 46:57.061","0","0","0","0","14401","0","0","0","N","0","0","0","2","14401","0","","1.0","1600.0","1","N","N","N","0","","0","0","1","","3","N","","2","0","0","0","0","0","0","2","0","2","","","","N","","","","","","","","","",""
"2023072945","","1","0","0","0","0","0","0","0","0","7","0","","14","8","2023","5","40.80966","-77.893464","","2","0","0","0","0","1","0","0","0","","0","0","0","","","0","","2","","40 48:34.775","","0","77 53:36.472","0","0","0","0","14216","0","0","0","N","0","0","0","1","14216","0","","4.0","","9","N","N","N","0","","0","0","0","","2","","","1","0","0","0","0","0","0","2","0","1","","","","N","","","","","","","","","",""
"2023077370","","2","0","0","0","0","0","0","0","0","4","0","","14","8","2023","5","40.795362","-77.732326","","2","0","0","0","0","0","0","0","0","","0","0","0","","","0","N","0","","40 47:43.303","","7","77 43:56.373","0","0","0","0","14210","0","0","0","N","0","0","0","2","68G07","0","","1.0","","1","N","N","N","0","","0","0","0","","0","","","2","0","0","0","0","0","0","1","0","2","","","","N","","","","","","","","","",""
"2023074413","","1","0","0","0","0","0","0","0","0","7","0","","14","8","2023","7","40.812742","-77.603544","","2","0","0","0","0","0","0","0","0","","0","0","0","","","1","N","0","","40 48:45.870","3","0","77 36:12.760","4","0","0","0","14218","0","0","0","N","0","0","0","1","68G07","1","","5.0","121.0","1","N","N","N","0","","0","0","0","","0","N","","1","1","0","0","0","0","0","1","0","1","","","","N","","","","","","","","","",""
"2023092827","","1","0","0","0","0","0","0","0","0","7","0","","14","10","2023","2","40.822613","-77.869881","","2","0","0","0","0","0","0","1","0","","0","0","0","","","0","N","0","","40 49:21.408","","0","77 52:11.573","0","0","0","0","14204","0","0","0","N","0","0","0","1","68G07","0","","1.0","","1","N","N","N","0","","0","0","0","","0","","","1","0","0","0","0","0","0","1","0","1","","03","","N","","","","","","","","","",""
"2023072663","","1","0","0","0","0","0","0","0","0","7","0","","14","8","2023","2","40.854653","-77.829936","","2","0","0","0","1","0","0","0","0","","0","0","0","","","1","N","0","","40 51:16.750","2","0","77 49:47.770","3","0","0","0","14201","0","0","0","N","0","0","0","1","68G07","0","","5.0","1730.0","9","N","N","N","0","","1","0","0","","0","N","","1","1","0","0","0","0","0","1","0","1","","","","N","","","","","","","","","",""
"2023076929","","0","0","0","0","0","0","0","0","0","7","0","","14","8","2023","2","40.875894","-77.446044","","2","0","0","0","0","0","0","0","0","","0","0","0","","","0","","3","","40 52:33.217","1","0","77 26:45.760","0","0","0","0","14208","0","0","0","N","0","0","0","1","68G07","0","","4.0","100.0","9","N","N","N","1","","0","0","0","","0","N","","1","0","0","0","0","0","0","1","0","1","","","","N","","","","","","","","","",""
"2023092272","","1","0","0","0","0","0","0","0","0","98","0","","14","10","2023","2","40.781834","-77.805803","","2","0","0","0","1","0","0","0","0","","0","0","0","","","0","N","0","","40 46:54.603","1","0","77 48:20.890","0","0","0","0","14210","0","0","0","N","0","0","0","1","14410","0","","1.0","2136.0","1","N","N","N","0","","0","0","0","","0","N","","1","0","0","0","0","0","0","2","0","1","","03","","N","","","","","","","","","",""
"2023074166","","0","0","0","0","0","0","0","0","0","8","0","","14","8","2023","1","40.946306","-77.439465","","2","0","0","1","0","0","0","0","0","","0","0","1","","","1","","1","","40 56:46.700","3","0","77 26:22.074","3","0","0","0","14215","1","0","0","N","0","0","0","2","68G07","0","","1.0","2243.0","1","N","N","N","1","","1","0","0","","3","N","","2","1","0","0","0","0","0","1","0","1","","","","N","","","","","","","","","",""
"2023076260","","0","0","0","0","0","0","0","0","0","7","0","","14","7","2023","7","40.889378","-78.213806","","2","0","0","0","0","0","1","0","0","","0","0","0","","","0","N","0","","40 53:21.759","","0","78 12:49.700","0","0","0","0","14406","0","0","0","N","0","0","0","1","68G07","0","","2.0","","1","N","N","N","1","","0","0","0","","0","","","1","0","0","0","0","0","0","2","0","1","","","","N","","","","","","","","","",""
"2023092726","","1","0","0","0","0","0","0","0","0","7","0","","14","10","2023","4","40.79591","-77.857015","","2","0","0","0","0","0","0","0","0","","0","0","0","","","0","N","0","","40 47:45.277","3","0","77 51:25.255","0","0","0","0","14410","0","0","0","N","0","0","0","1","14410","0","","2.0","215.0","1","N","N","N","0","","0","0","0","","0","N","","1","0","0","0","0","0","0","2","0","1","","","","N","","","","","","","","","",""
"2023093578","","1","0","0","0","0","0","0","0","0","7","0","","14","10","2023","6","40.810368","-78.035134","","2","0","0","0","0","0","0","0","0","","0","0","0","","","0","N","0","","40 48:37.323","","0","78 02:06.481","0","0","0","0","14225","0","0","0","Y","0","0","0","1","68G07","0","","4.0","","1","N","N","N","0","","0","0","0","","0","","","1","0","0","0","0","0","0","1","0","1","","03","","N","","","","","","","","","",""
"2023077298","","0","0","0","1","0","0","0","0","0","8","0","","14","8","2023","5","40.802639","-77.863083","","2","0","0","0","0","0","0","0","0","","0","0","0","","","1","N","0","","40 48:09.500","","7","77 51:47.100","3","0","0","0","14410","1","0","0","N","0","0","0","2","14501","0","","1.0","","1","N","N","N","0","","1","0","1","","0","","","2","1","0","0","0","0","0","2","0","1","","03","","N","","","","","","","","","",""
"2023074423","","0","0","0","0","0","0","0","0","0","7","0","","14","8","2023","3","40.870186","-77.780035","","2","0","0","0","0","0","0","0","0","","0","0","0","","","0","N","0","","40 52:12.670","","2","77 46:48.125","0","0","0","0","14201","0","0","0","N","0","0","0","1","68G07","0","","5.0","","1","N","N","N","0","","0","0","0","","0","","","1","0","0","0","0","0","0","2","1","1","","","","N","","","","","","","","","",""
"2023074889","","1","0","0","0","0","0","0","0","0","7","0","","14","8","2023","5","40.752268","-77.860243","","2","0","0","0","1","0","0","0","0","","0","0","0","","","1","N","0","","40 45:08.163","","0","77 51:36.874","4","0","0","0","14206","0","0","0","N","0","0","0","1","14206","1","","5.0","","1","N","N","N","0","","0","0","0","","0","","","1","1","0","0","0","0","0","1","0","1","","04","","N","","","","","","","","","",""
"2023073017","","0","0","0","0","0","0","0","0","0","4","0","","14","8","2023","6","40.803588","-77.884223","","2","0","0","0","0","0","0","1","0","","0","0","0","","","2","N","1","","40 48:12.916","2","0","77 53:03.203","4","0","0","0","14206","0","0","0","N","0","0","0","3","14206","2","","1.0","1030.0","1","N","N","N","0","","0","0","2","","2","N","","2","2","0","0","0","0","0","2","0","2","","03","","N","","","","","","","","","",""
"2023076236","","1","0","1","0","0","0","0","0","0","7","0","","14","8","2023","1","41.055971","-77.623804","","2","0","0","0","0","1","0","0","0","","0","0","0","","","1","N","0","","41 03:21.497","1","0","77 37:25.694","2","0","0","0","14213","0","0","0","N","0","0","0","1","68G07","0","","5.0","100.0","1","N","N","N","0","","0","1","0","","0","N","","1","1","0","0","0","0","0","1","0","1","","","","N","","","","","","","","","",""
"2023076979","","2","0","0","0","0","0","0","0","0","4","0","","14","8","2023","4","40.808211","-77.857704","","2","0","0","0","1","1","0","0","0","","0","0","0","","","1","","1","","40 48:29.561","","0","77 51:27.735","3","0","0","0","14204","0","0","0","N","0","0","0","3","14410","0","","1.0","","1","N","N","N","0","","1","0","0","","2","","","2","1","1","0","0","0","0","2","0","2","","","","N","","","","","","","","","",""
"2023076248","","0","0","0","0","0","0","0","0","0","1","0","","14","7","2023","6","40.888211","-78.212925","","2","0","0","0","0","0","0","1","0","","0","0","0","","","1","N","0","","40 53:17.558","","0","78 12:46.531","3","0","0","0","14406","0","0","0","N","0","0","0","2","68G07","0","","1.0","","1","N","N","N","0","","1","0","1","","0","","","2","1","0","0","0","0","0","2","1","2","","","","N","","","","","","","","","",""
"2023072199","","0","0","0","0","0","0","0","0","0","1","0","","14","8","2023","1","41.020686","-77.571477","","2","0","0","0","0","0","0","0","0","","0","0","0","","","3","N","0","","41 01:14.470","3","0","77 34:17.316","8","0","0","0","14214","0","0","0","Y","0","0","0","4","68G07","0","","1.0","50.0","1","N","N","N","0","","0","0","1","","0","N","","2","3","0","0","0","3","1","1","0","2","","03","","N","","","","","","","","","",""
"2023092121","","1","0","0","0","0","0","0","0","0","1","0","","14","10","2023","2","40.808562","-77.834744","","2","0","0","0","0","1","0","0","0","","0","0","0","","","1","N","0","","40 48:30.822","3","0","77 50:05.079","3","0","0","0","14204","0","0","0","N","0","0","0","2","14410","0","","1.0","1644.0","1","N","N","N","0","","1","0","0","","0","Y","","2","1","0","0","0","0","0","2","1","2","","","","N","","","","","","","","","",""
"2023074445","","2","0","0","0","0","0","0","0","0","4","0","","14","8","2023","3","40.787648","-77.895306","","2","0","0","0","1","0","0","0","0","","0","0","0","","","1","","2","","40 47:15.533","","7","77 53:43.100","3","0","0","0","14206","0","0","0","N","0","0","0","2","14206","0","","1.0","","1","N","N","N","0","","1","0","0","","0","","","2","1","0","0","0","0","0","2","0","2","","","","N","","","","","","","","","",""
"2023092755","","0","0","0","0","0","0","0","0","0","7","0","","14","9","2023","4","40.98434","-77.579858","","2","0","0","0","0","0","0","1","0","","0","0","0","","","0","N","0","","40 59:03.624","1","0","77 34:47.490","0","0","0","0","14224","0","0","0","N","0","0","0","1","68G07","0","","4.0","1612.0","1","N","N","N","0","","0","0","1","","0","N","","1","0","0","0","0","0","0","1","0","1","","","","N","","","","","","","","","",""
"2023075886","","0","0","0","0","0","0","0","0","0","7","0","","14","8","2023","1","40.793513","-77.737023","","2","0","0","0","0","0","1","0","0","","0","0","0","","","0","N","0","","40 47:36.648","","0","77 44:13.282","0","0","0","0","14210","0","0","0","N","0","0","0","1","14410","0","","5.0","","1","N","N","N","0","","0","0","1","","0","","","1","0","0","0","0","0","0","1","0","1","","03","","N","","","","","","","","","",""
"2023076921","","0","0","1","0","0","0","0","0","0","7","0","","14","8","2023","7","41.082503","-77.844333","","2","0","0","0","0","0","1","0","0","","0","0","0","","","1","N","0","","41 04:57.010","5","0","77 50:39.600","2","0","0","0","14220","0","0","0","N","0","0","0","1","68G07","0","","4.0","2130.0","1","N","N","N","0","","0","1","1","","0","Y","","1","1","0","0","0","0","0","1","0","1","","03","","N","","","","","","","","","",""
"2023074784","","1","0","0","0","0","0","0","0","0","8","0","","14","8","2023","4","40.801167","-77.859083","","2","0","0","0","1","0","0","0","0","","0","0","0","","","1","N","0","","40 48:04.200","3","0","77 51:32.700","3","0","0","0","14410","1","0","0","N","1","0","0","4","14501","0","","1.0","2019.0","1","N","N","N","0","","1","0","0","","0","N","","2","1","0","0","0","0","0","2","0","1","","04","","N","","","","","","","","","",""
"2023076569","","0","0","0","0","0","0","0","0","0","1","0","","14","8","2023","4","40.894179","-77.735424","","2","0","0","0","0","0","0","0","0","","0","0","0","","","1","","2","","40 53:39.045","2","0","77 44:07.525","3","0","0","0","14221","0","0","0","N","0","0","0","2","68G07","0","","1.0","1431.0","1","N","N","N","1","","1","0","1","","3","N","","2","1","0","0","0","0","0","1","0","2","","","","N","","","","","","","","","",""
"2023072033","","0","0","0","0","0","0","0","0","0","4","0","","14","8","2023","3","40.812041","-77.922428","","2","1","0","0","0","0","0","0","0","","0","0","0","","","1","","1","","40 48:43.348","2","0","77 55:20.741","3","0","0","0","14216","0","0","0","N","0","0","0","3","14216","0","","1.0","1040.0","1","N","N","N","0","","1","0","2","","2","N","","2","1","0","0","0","0","0","2","0","2","","04","","N","","","","","","","","","",""
"2023073408","","0","0","0","0","0","0","0","0","0","7","0","","14","8","2023","5","40.941679","-77.785393","","2","1","0","0","0","0","0","0","0","","0","0","0","","","0","","1","","40 56:30.046","","0","77 47:07.414","0","0","0","0","14404","0","0","0","N","0","0","0","3","68G07","0","","5.0","","1","N","N","N","0","","0","0","1","","0","","","1","0","0","0","0","0","0","2","0","1","","","","N","","","","","","","","","",""
"2023074689","","0","0","0","0","0","0","0","0","0","7","0","","14","8","2023","4","40.79868","-77.875335","","2","0","0","0","0","0","0","1","0","","0","0","0","","","0","N","0","","40 47:55.249","","0","77 52:31.207","0","0","0","0","14410","0","0","0","N","0","0","0","1","14410","0","","4.0","","1","N","N","N","0","","0","0","1","","0","","","1","0","0","0","0","0","0","2","0","1","","04","","N","","","","","","","","","",""
"2023076184","","0","0","0","0","0","0","0","0","0","7","0","","14","8","2023","4","40.882703","-78.178638","","2","0","0","0","0","0","0","0","0","","0","0","0","","","0","N","0","","40 52:57.730","","0","78 10:43.096","0","0","0","0","14219","0","0","0","N","0","0","0","1","68G07","0","","4.0","","1","N","N","N","0","","0","0","1","","0","","","1","0","0","0","0","0","0","1","0","1","","03","","N","","","","","","","","","",""
"2023089942","","2","0","0","0","0","0","0","0","0","5","0","","14","10","2023","2","40.716587","-77.939033","","2","0","0","0","0","0","0","0","0","","0","0","0","","","0","N","0","","40 42:59.714","","0","77 56:20.517","0","0","0","0","14206","0","0","0","N","0","0","0","1","14206","0","","5.0","","1","N","N","N","0","","0","0","0","","0","","","2","0","0","0","0","0","0","1","0","2","","","","N","","","","","","","","","",""
"2023072656","","0","0","0","0","0","0","0","0","0","7","0","","14","8","2023","6","40.857553","-77.567517","","2","0","0","0","0","0","0","0","0","","0","0","0","","","0","N","0","","40 51:27.190","3","0","77 34:03.060","0","0","0","0","14207","0","0","0","N","0","0","0","1","68G07","0","","5.0","100.0","1","N","N","N","0","","0","0","0","","0","N","","1","0","0","0","0","0","0","1","1","1","","","","N","","","","","","","","","",""
"2023074294","","1","0","0","0","0","0","0","0","0","4","0","","14","8","2023","3","40.790069","-77.854103","","2","0","0","0","0","0","0","0","1","","0","0","0","","","1","","1","","40 47:24.248","","0","77 51:14.770","3","0","0","0","14410","0","0","0","N","0","0","0","2","14410","0","","1.0","","1","N","N","N","0","","1","0","1","","3","","","2","1","0","0","0","0","0","2","0","2","","","","N","","","","","","","","","",""
"2023076242","","1","0","0","0","0","0","0","0","0","7","0","","14","6","2023","1","41.032742","-78.010138","","2","0","0","0","0","0","0","0","0","","0","0","0","","","1","N","0","","41 01:57.871","","0","78 00:36.497","4","0","0","0","14220","0","0","0","N","0","0","0","1","68G07","1","","5.0","","1","N","N","N","0","","0","0","0","","0","","","1","1","1","0","0","0","0","1","0","1","","","","N","","","","","","","","","",""
"2023073628","","2","0","0","0","0","0","0","0","0","4","0","","14","8","2023","1","40.728176","-77.936471","","2","0","0","0","0","0","0","0","0","","0","0","0","","","0","","1","","40 43:41.432","3","0","77 56:11.294","0","0","0","0","14206","0","0","0","N","0","0","0","3","14206","0","","1.0","1916.0","1","N","N","N","0","","0","0","0","","3","N","","2","0","0","0","0","0","0","1","0","2","","","","N","","","","","","","","","",""
"2023077421","","0","0","0","0","0","0","0","0","0","4","0","","14","9","2023","6","40.765787","-77.883864","","2","0","0","0","0","0","1","0","0","","0","0","0","","","0","","1","","40 45:56.832","2","0","77 53:01.910","0","0","0","0","14206","0","0","0","N","0","0","0","4","14206","0","","1.0","1058.0","1","N","N","N","0","","0","0","2","","2","N","","2","0","0","0","0","0","0","2","0","2","","","","N","","","","","","","","","",""
"2023073207","","1","0","0","0","0","0","0","0","0","7","0","","14","8","2023","6","40.829275","-77.841893","","2","0","0","0","0","0","0","0","0","","0","0","0","","","0","N","0","","40 49:45.390","","2","77 50:30.815","0","0","0","0","14204","0","0","0","N","0","0","0","2","14410","0","","2.0","","1","N","N","N","0","","0","0","0","","0","","","1","0","0","0","0","0","0","1","0","1","","03","","N","","","","","","","","","",""
"2023093594","","0","0","0","0","0","0","0","0","0","4","1","","14","10","2023","5","40.875337","-77.532459","","2","0","0","0","0","0","1","0","0","","0","1","0","","","0","","2","","40 52:31.214","4","0","77 31:56.852","0","0","0","0","14217","0","0","0","N","0","0","0","2","68G07","0","","1.0","820.0","1","N","N","N","0","","0","0","1","","3","N","","2","0","0","0","0","0","0","1","0","2","","03","","N","","","","","","","","","",""
"2023076214","","0","0","0","0","0","0","0","0","0","7","0","","14","8","2023","5","41.039751","-77.943028","","2","0","0","0","0","0","0","1","0","","0","0","0","","","1","N","0","","41 02:23.105","1","0","77 56:34.902","3","0","0","0","14220","0","0","0","N","0","0","0","1","68G07","0","","5.0","1425.0","1","N","N","N","0","","1","0","1","","0","N","","1","1","0","0","0","0","0","1","0","1","","","","N","","","","","","","","","",""
"2023093560","","0","0","0","0","0","0","0","0","0","7","1","","14","10","2023","4","40.99882","-77.99374","","2","0","0","0","0","0","0","0","0","","0","1","0","","","1","N","0","","40 59:55.751","","0","77 59:37.465","3","0","0","0","14220","0","0","0","N","0","0","0","1","68G07","0","","4.0","","1","N","N","N","0","","1","0","0","","0","","","1","1","0","0","0","0","0","1","0","1","","","","N","","","","","","","","","",""
"2023084262","","0","0","0","0","0","0","0","0","0","98","0","","14","9","2023","4","40.928853","-77.749839","","2","0","0","0","0","0","0","0","0","","0","0","0","","","0","N","0","","40 55:43.870","2","0","77 44:59.420","0","0","0","0","14221","0","0","0","N","0","0","0","2","68G07","0","","1.0","725.0","1","N","N","N","0","","0","0","1","","0","N","","1","0","0","0","0","0","0","1","0","1","","","","N","","","","","","","","","",""
"2023075783","","2","0","0","0","0","0","0","0","0","4","0","","14","8","2023","1","40.790459","-77.863309","","2","0","0","0","0","1","0","0","0","","0","0","0","","","0","","1","","40 47:25.651","","0","77 51:47.914","0","0","0","0","14410","0","0","0","N","0","0","0","4","14410","0","","1.0","","1","N","N","N","0","","0","0","0","","3","","","2","0","0","0","0","0","0","2","0","2","","03","","N","","","","","","","","","",""
"2023092420","","1","0","0","0","0","0","0","0","0","4","0","","14","10","2023","3","40.799389","-77.848167","","2","0","0","0","0","0","0","1","1","","0","0","0","","","0","N","0","","40 47:57.800","","7","77 50:53.400","0","0","0","0","14410","0","0","0","N","0","0","0","2","14410","0","","1.0","","1","N","N","N","0","","0","0","1","","0","","","2","0","0","0","0","0","0","2","0","2","","","","N","","","","","","","","","",""
"2023086658","","1","0","0","0","0","0","0","0","0","7","0","","14","9","2023","6","40.893367","-77.865975","","2","0","0","0","0","1","0","0","0","","0","0","0","","","0","N","0","","40 53:36.120","","0","77 51:57.510","0","0","0","0","14201","0","0","0","N","0","0","0","1","68G07","0","","4.0","","1","N","N","N","0","","0","0","0","","0","","","1","0","0","0","0","0","0","1","0","1","","","","N","","","","","","","","","",""
"2023076916","","1","0","0","0","0","0","0","0","0","98","0","","14","8","2023","6","40.797776","-77.643482","","2","0","0","0","0","0","1","0","0","","0","0","0","","","0","N","0","","40 47:51.995","","0","77 38:36.536","0","0","0","0","14218","0","0","0","N","0","0","0","1","68G07","0","","1.0","","9","N","N","N","0","","0","0","0","","0","","","1","0","0","0","0","0","0","1","0","1","","","","N","","","","","","","","","",""
"2023086446","","0","0","0","0","0","0","0","0","0","7","0","","14","9","2023","5","40.779741","-77.752691","","2","0","0","0","0","0","0","0","1","","0","0","0","","","0","N","0","","40 46:47.066","","0","77 45:09.689","0","0","0","0","14210","0","0","0","Y","0","0","0","3","14410","0","","2.0","","1","N","N","N","0","","0","0","0","","0","","","1","0","0","0","0","0","0","1","1","1","","03","","N","","","","","","","","","",""