"CRN","ARRIVAL_TM","AUTOMOBILE_COUNT","BELTED_DEATH_COUNT","BELTED_SUSP_SERIOUS_INJ_COUNT","BICYCLE_COUNT","BICYCLE_DEATH_COUNT","BICYCLE_SUSP_SERIOUS_INJ_COUNT","BUS_COUNT","CHLDPAS_DEATH_COUNT","CHLDPAS_SUSP_SERIOUS_INJ_COUNT","COLLISION_TYPE","COMM_VEH_COUNT","CONS_ZONE_SPD_LIM","COUNTY","CRASH_MONTH","CRASH_YEAR","DAY_OF_WEEK","DEC_LATITUDE","DEC_LONGITUDE","DISPATCH_TM","DISTRICT","DRIVER_COUNT_16YR","DRIVER_COUNT_17YR","DRIVER_COUNT_18YR","DRIVER_COUNT_19YR","DRIVER_COUNT_20YR","DRIVER_COUNT_50_64YR","DRIVER_COUNT_65_74YR","DRIVER_COUNT_75PLUS","EST_HRS_CLOSED","FATAL_COUNT","HEAVY_TRUCK_COUNT","HORSE_BUGGY_COUNT","HOUR_OF_DAY","ILLUMINATION","INJURY_COUNT","INTERSECTION_RELATED","INTERSECT_TYPE","LANE_CLOSED","LATITUDE","LN_CLOSE_DIR","LOCATION_TYPE","LONGITUDE","MAX_SEVERITY_LEVEL","MCYCLE_DEATH_COUNT","MCYCLE_SUSP_SERIOUS_INJ_COUNT","MOTORCYCLE_COUNT","MUNICIPALITY","NONMOTR_COUNT","NONMOTR_DEATH_COUNT","NONMOTR_SUSP_SERIOUS_INJ_COUNT","NTFY_HIWY_MAINT","PED_COUNT","PED_DEATH_COUNT","PED_SUSP_SERIOUS_INJ_COUNT","PERSON_COUNT","POLICE_AGCY","POSSIBLE_INJ_COUNT","RDWY_SURF_TYPE_CD","RELATION_TO_ROAD","ROADWAY_CLEARED","ROAD_CONDITION","SCH_BUS_IND","SCH_ZONE_IND","SECONDARY_CRASH","SMALL_TRUCK_COUNT","SPEC_JURIS_CD","SUSP_MINOR_INJ_COUNT","SUSP_SERIOUS_INJ_COUNT","SUV_COUNT","TCD_FUNC_CD","TCD_TYPE","TFC_DETOUR_IND","TIME_OF_DAY","TOTAL_UNITS","TOT_INJ_COUNT","UNBELTED_OCC_COUNT","UNB_DEATH_COUNT","UNB_SUSP_SERIOUS_INJ_COUNT","UNK_INJ_DEG_COUNT","UNK_INJ_PER_COUNT","URBAN_RURAL","VAN_COUNT","VEHICLE_COUNT","WEATHER1","WEATHER2","WORKERS_PRES","WORK_ZONE_IND","WORK_ZONE_LOC","WORK_ZONE_TYPE","WZ_CLOSE_DETOUR","WZ_FLAGGER","WZ_LAW_OFFCR_IND","WZ_LN_CLOSURE","WZ_MOVING","WZ_OTHER","WZ_SHLDER_MDN","WZ_WORKERS_INJ_KILLED"
"2023084078","","1","0","0","0","0","0","0","0","0","7","0","","14","9","2023","6","40.784754","-77.830711","","2","0","0","0","0","0","0","0","1","","0","0","0","","","1","N","0","","40 47:05.113","","0","77 49:50.559","4","0","0","0","14204","0","0","0","N","0","0","0","1","14410","1","","6.0","","1","N","N","N","0","","0","0","0","","0","","","1","1","0","0","0","0","0","1","0","1","","","","N","","","","","","","","","",""
"2023085101","","0","0","0","0","0","0","0","0","0","7","0","","14","9","2023","6","40.813799","-77.704747","","2","0","0","0","0","0","0","0","0","","0","0","0","","","0","N","0","","40 48:49.676","","0","77 42:17.089","0","0","0","0","14218","0","0","0","N","0","0","0","2","68G07","0","","4.0","","1","N","N","N","0","","0","0","1","","0","","","1","0","0","0","0","0","0","1","0","1","","","","N","","","","","","","","","",""
"2023084263","","1","0","0","0","0","0","0","0","0","7","0","","14","9","2023","4","41.016936","-77.675686","","2","0","0","0","0","0","0","0","0","","0","0","0","","","0","N","0","","41 01:00.968","","0","77 40:32.469","0","0","0","0","14211","0","0","0","N","0","0","0","2","68G07","0","","2.0","","1","N","N","N","0","","0","0","0","","0","","","1","0","2","0","0","0","0","1","0","1","","03","","N","","","","","","","","","",""
"2023084433","","1","0","0","0","0","0","0","0","0","98","0","","14","9","2023","6","40.776406","-77.894208","","2","0","0","0","0","0","0","0","0","","0","0","0","","","0","N","0","","40 46:35.063","1","0","77 53:39.150","0","0","0","0","14206","0","0","0","N","0","0","0","1","14206","0","","1.0","2035.0","1","N","N","N","0","","0","0","0","","0","N","","1","0","0","0","0","0","0","2","0","1","","03","","N","","","","","","","","","",""
"2023086667","","1","0","0","0","0","0","0","0","0","1","0","","14","9","2023","1","40.797518","-77.664222","","2","0","0","0","0","0","0","0","0","","0","0","0","","","0","","2","","40 47:51.063","","0","77 39:51.198","0","0","0","0","14218","0","0","0","Y","0","0","0","2","68G07","0","","1.0","","9","N","N","N","0","","0","0","1","","3","","","2","0","0","0","0","0","0","1","0","2","","","","N","","","","","","","","","",""
"2023086309","","0","0","0","0","0","0","0","0","0","7","0","","14","9","2023","7","40.830734","-77.839213","","2","0","0","0","0","0","0","0","1","","0","0","0","","","0","N","0","","40 49:50.642","","0","77 50:21.166","0","0","0","0","14204","0","0","0","Y","0","0","0","3","68G07","0","","4.0","","1","N","N","N","0","","0","0","2","","0","","","2","0","0","0","0","0","0","1","0","2","","","","N","","","","","","","","","",""
"2023080961","2039","1","0","0","0","0","0","0","0","0","7","0","","14","9","2023","3","40.947276","-77.790254","2033","2","0","0","1","0","0","0","0","0","","0","0","0","","","0","Y","0","","40 56:50.193","1","2","77 47:24.916","0","0","0","0","14202","0","0","0","Y","0","0","0","1","68G07","0","","4.0","2110.0","9","N","N","N","0","","0","0","0","","4","N","","1","0","0","0","0","0","0","2","0","1","","","","N","","","","","","","","","",""
"2023082753","0643","0","0","0","1","0","0","0","0","0","8","0","","14","9","2023","3","40.800063","-77.869619","0638","2","0","0","0","0","0","1","0","0","","0","0","0","","","1","","1","","40 48:00.226","","0","77 52:10.630","8","0","0","0","14410","1","0","0","N","0","0","0","2","14410","0","","1.0","","1","N","N","N","0","","0","0","1","","2","","","2","1","0","0","0","1","0","2","0","1","","03","","N","","","","","","","","","",""
"2023082557","2103","1","0","0","0","0","0","0","0","0","5","1","","14","9","2023","5","40.994657","-77.848614","2053","2","0","0","0","0","0","0","1","0","","0","1","0","","","0","N","0","","40 59:40.765","","0","77 50:55.009","0","0","0","0","14202","0","0","0","N","0","0","0","2","68G07","0","","4.0","","1","N","N","N","0","","0","0","0","","0","","","2","0","0","0","0","0","0","1","0","2","","","","N","","","","","","","","","",""
"2023080729","1958","1","0","0","0","0","0","0","0","0","7","0","","14","9","2023","3","40.802845","-77.867193","1957","2","0","0","0","0","1","0","0","0","","1","0","0","","","0","N","0","","40 48:10.242","6","0","77 52:01.894","1","0","0","0","14410","1","1","0","N","1","1","0","2","14410","0","2","5.0","20.0","9","N","N","Y","0","0","0","0","0","","0","Y","","2","0","0","0","0","0","0","2","0","1","","","","N","","","","","","","","","",""
"2023079977","1557","0","0","0","0","0","0","0","0","0","7","0","","14","9","2023","1","40.839498","-77.804827","1542","2","0","0","0","0","0","0","0","0","","0","0","0","","","0","N","1","","40 50:22.192","","0","77 48:17.378","0","0","0","0","14204","0","0","0","N","0","0","0","1","14410","0","","2.0","","1","N","N","N","0","","0","0","1","","3","","","1","0","0","0","0","0","0","1","0","1","","","","N","","","","","","","","","",""
"2023079170","1622","0","0","0","0","0","0","0","0","0","8","0","","14","9","2023","5","40.786693","-77.85821","1622","2","0","0","0","0","0","0","0","1","","0","0","0","","","1","","2","","40 47:12.093","","0","77 51:29.557","3","0","0","0","14410","1","0","0","N","1","0","0","2","14410","0","","1.0","","1","N","N","N","1","","1","0","0","","3","","","2","1","0","0","0","0","0","2","0","1","","03","","N","","","","","","","","","",""
"2023078336","1130","1","0","0","0","0","0","0","0","0","7","0","","14","9","2023","3","40.796749","-77.872483","1123","2","0","0","0","0","0","0","0","0","","0","0","0","","","0","N","1","","40 47:48.298","","0","77 52:20.938","0","0","0","0","14410","0","0","0","Y","0","0","0","1","14410","0","","3.0","","1","N","N","N","0","","0","0","0","","2","","","1","0","0","0","0","0","0","2","0","1","","","","N","","","","","","","","","",""
"2023080779","0821","0","0","0","0","0","0","0","0","0","2","0","","14","9","2023","4","40.785339","-77.837116","0820","2","0","0","0","0","0","0","0","0","","0","0","0","","","1","N","1","","40 47:07.219","7","0","77 50:13.618","3","0","0","0","14410","0","0","0","N","0","0","0","4","14410","0","","1.0","900.0","1","N","N","N","0","","1","0","2","","2","N","","2","1","0","0","0","0","0","2","0","2","","03","","N","","","","","","","","","",""
"2023081475","1649","0","0","0","0","0","0","0","0","0","7","0","","14","9","2023","5","40.916018","-77.480034","1635","2","0","0","0","0","0","0","1","0","","0","0","0","","","0","N","0","","40 54:57.663","","0","77 28:48.123","0","0","0","0","14215","0","0","0","N","0","0","0","1","68G07","0","","4.0","","1","N","N","N","0","","0","0","1","","0","","","1","0","0","0","0","0","0","1","0","1","","03","","N","","","","","","","","","",""
"2023081166","1224","1","0","0","0","0","0","0","0","0","4","0","","14","9","2023","5","40.82392","-77.845816","1221","2","0","0","0","0","1","0","0","0","","0","0","0","","","2","","2","","40 49:26.111","5","2","77 50:44.939","3","0","0","0","14204","0","0","0","N","0","0","0","2","14410","0","","1.0","1259.0","1","N","N","N","0","","2","0","1","","2","N","","2","2","0","0","0","0","0","1","0","2","","03","","N","","","","","","","","","",""
"2023080935","0730","0","0","0","0","0","0","0","0","0","7","0","","14","9","2023","5","40.827142","-77.842629","0727","2","0","0","0","0","0","0","0","0","","0","0","0","","","0","N","0","","40 49:37.712","2","0","77 50:33.463","0","0","0","0","14204","0","0","0","Y","0","0","0","1","68G07","0","","4.0","100.0","1","N","N","N","1","","0","0","0","","0","N","","1","0","1","0","0","0","0","1","0","1","","","","N","","","","","","","","","",""
"2023079453","1003","1","0","0","0","0","0","0","0","0","7","0","","14","9","2023","6","40.758483","-77.974178","0955","2","0","0","0","1","0","0","0","0","","0","0","0","","","1","N","0","","40 45:30.540","","0","77 58:27.040","3","0","0","0","14206","0","0","0","N","0","0","0","1","14206","0","","5.0","","1","N","N","N","0","","1","0","0","","0","","","1","1","0","0","0","0","0","1","0","1","","03","","N","","","","","","","","","",""
"2023078382","1618","0","0","0","0","0","0","0","0","0","4","0","","14","9","2023","3","40.823522","-77.812439","1616","2","0","0","0","0","0","1","0","0","","0","0","0","","","1","","2","","40 49:24.680","3","7","77 48:44.779","3","0","0","0","14204","0","0","0","N","0","0","0","2","14410","0","","1.0","1640.0","1","N","N","N","1","","1","0","1","","2","N","","2","1","0","0","0","0","0","2","0","2","","03","","N","","","","","","","","","",""
"2023080891","1505","1","0","0","0","0","0","0","0","0","4","0","","14","9","2023","2","40.812478","-77.895963","1455","2","0","0","1","0","0","0","0","0","","0","0","0","","","1","","1","","40 48:44.919","4","0","77 53:45.466","3","0","0","0","14216","0","0","0","N","0","0","0","2","14216","0","","1.0","1530.0","1","N","N","N","0","","1","0","1","","2","N","","2","1","0","0","0","0","0","2","0","2","","03","","N","","","","","","","","","",""
"2023080126","1232","1","0","0","0","0","0","0","0","0","6","0","","14","9","2023","7","40.812532","-77.738413","1216","2","0","0","0","0","0","0","0","0","","0","0","0","","","1","N","0","","40 48:45.114","5","0","77 44:18.285","3","0","0","0","14218","0","0","0","N","0","0","0","7","68G07","0","","1.0","1320.0","1","N","N","N","1","","1","0","0","","0","Y","","2","1","0","0","0","0","0","1","0","2","","03","","N","","","","","","","","","",""
"2023083044","0818","1","0","0","0","0","0","0","0","0","7","0","","14","9","2023","3","40.831373","-78.224785","0747","2","1","0","0","0","0","0","0","0","","0","0","0","","","1","N","0","","40 49:52.942","","0","78 13:29.226","3","0","0","0","14219","0","0","0","N","0","0","0","1","68G07","0","","4.0","","1","N","N","N","0","","1","0","0","","0","","","1","1","0","0","0","0","0","1","0","1","","","","N","","","","","","","","","",""
"2023079623","1850","1","0","0","0","0","0","0","0","0","4","0","","14","9","2023","6","40.809245","-77.906673","1843","2","0","0","0","0","0","0","1","0","","0","0","0","","","0","Y","0","","40 48:33.282","2","7","77 54:24.024","0","0","0","0","14216","0","0","0","N","0","0","0","3","14216","0","","1.0","1930.0","1","N","N","N","0","","0","0","1","","0","N","","2","0","0","0","0","0","0","2","0","2","","03","","N","","","","","","","","","",""
"2023080122","1646","1","0","0","0","0","0","0","0","0","7","0","","14","8","2023","4","40.824881","-77.95311","1635","2","0","0","0","0","0","0","0","0","","0","0","0","","","0","N","0","","40 49:29.570","","0","77 57:11.196","0","0","0","0","14216","0","0","0","Y","0","0","0","1","68G07","0","","4.0","","1","N","N","N","0","","0","0","0","","0","","","1","0","0","0","0","0","0","2","0","1","","","","N","","","","","","","","","",""
"2023079866","0256","1","0","0","0","0","0","0","0","0","7","0","","14","9","2023","7","40.733932","-77.885815","0252","2","0","0","0","0","0","0","0","0","","0","0","0","","","0","","3","","40 44:02.156","3","0","77 53:08.935","9","0","0","0","14206","0","0","0","N","0","0","0","1","14206","0","","4.0","330.0","1","N","N","N","0","","0","0","0","","1","N","","1","0","0","0","0","0","1","2","0","1","","","","N","","","","","","","","","",""
"2023087316","1529","0","0","0","0","0","0","0","0","0","4","0","","14","10","2023","2","40.789676","-77.858055","1519","2","0","0","0","0","0","0","1","0","","0","0","0","","","2","N","1","","40 47:22.833","4","0","77 51:28.998","3","0","0","0","14410","0","0","0","N","0","0","0","2","14410","0","","1.0","1620.0","1","N","N","N","0","","2","0","2","","3","Y","","2","2","0","0","0","0","0","2","0","2","","","","N","","","","","","","","","",""
"2023088653","0510","0","0","0","0","0","0","0","0","0","7","0","","14","9","2023","1","41.093378","-78.05924","0441","2","0","0","0","0","0","0","0","0","","0","0","0","","","1","N","0","","41 05:36.161","5","0","78 03:33.264","3","0","0","0","14203","0","0","0","N","0","0","0","1","68G07","0","","4.0","608.0","9","N","N","N","1","","1","0","0","","0","N","","1","1","1","0","0","0","0","1","0","1","","98","","N","","","","","","","","","",""
"2023087886","2230","0","0","0","0","0","0","0","0","0","7","0","","14","9","2023","5","40.810023","-78.03717","2217","2","0","0","0","0","0","0","1","0","","0","0","0","","","0","N","0","","40 48:36.084","1","3","78 02:13.813","0","0","0","0","14225","0","0","0","N","0","0","0","1","68G07","0","","1.0","2330.0","1","N","N","N","0","","0","0","1","","0","N","","1","0","0","0","0","0","0","1","0","1","","","","N","","","","","","","","","",""
"2023062341","1600","0","0","0","0","0","0","0","0","0","7","0","","14","7","2023","6","40.789795","-77.799312","1556","2","0","0","0","0","0","0","0","0","","0","0","0","","","1","N","0","","40 47:23.263","","0","77 47:57.522","4","0","0","0","14204","0","0","0","Y","0","0","0","1","14410","1","","5.0","","9","N","N","N","0","","0","0","1","","0","","","1","1","0","0","0","0","0","1","0","1","","08","","N","","","","","","","","","",""
"2023095751","0655","0","0","0","0","0","0","0","0","0","98","0","","14","10","2023","3","40.936389","-77.816454","0647","2","0","0","0","0","0","1","0","0","","0","0","0","","","0","N","0","","40 56:10.999","2","0","77 48:59.233","0","0","0","0","14202","0","0","0","N","0","0","0","1","68G07","0","","4.0","900.0","1","N","N","N","1","","0","0","0","","0","N","","1","0","0","0","0","0","0","1","0","1","","","","N","","","","","","","","","",""
"2023096195","0553","1","0","0","0","0","0","0","0","0","98","0","","14","10","2023","1","40.825703","-77.853038","0553","2","0","0","0","0","0","1","0","0","","0","0","0","","","0","N","0","","40 49:32.532","","0","77 51:10.938","0","0","0","0","14204","0","0","0","N","0","0","0","2","68G07","0","","1.0","","1","N","N","Y","0","","0","0","0","","0","","","1","0","0","0","0","0","0","2","0","1","","03","","N","","","","","","","","","",""
"2023080203","0749","1","0","0","0","0","0","0","0","0","7","0","","14","9","2023","1","40.835","-77.826861","0731","2","0","0","0","0","0","0","1","0","","0","0","0","","","0","N","0","","40 50:06.000","1","0","77 49:36.700","0","0","0","0","14204","0","0","0","N","0","0","0","1","14410","0","","5.0","900.0","9","N","N","N","0","","0","0","0","","0","N","","1","0","0","0","0","0","0","1","0","1","","","","N","","","","","","","","","",""
"2023087857","1957","1","0","0","0","0","0","0","0","0","7","0","","14","9","2023","7","40.852686","-77.826131","1942","2","0","0","0","0","0","0","0","0","","0","0","0","","","0","N","0","","40 51:09.670","","0","77 49:34.070","0","0","0","0","14201","0","0","0","N","0","0","0","1","68G07","0","","4.0","","9","N","N","N","0","","0","0","0","","0","","","1","0","0","0","0","0","0","1","0","1","","","","N","","","","","","","","","",""
"2023094278","1905","0","0","0","0","0","0","0","0","0","8","0","","14","10","2023","3","40.788139","-77.905556","1900","2","0","0","0","0","0","0","0","0","","1","0","0","","","0","Y","0","","40 47:17.300","5","0","77 54:20.000","1","0","0","0","14206","1","1","0","N","1","1","0","2","14206","0","2","1.0","2120.0","1","N","N","N","0","0","0","0","1","","0","Y","","2","0","0","0","0","0","0","2","0","1","","","","N","","","","","","","","","",""
"2023093632","0850","0","0","0","0","0","0","0","0","0","4","0","","14","10","2023","6","40.776765","-77.787909","0842","2","0","0","0","0","0","1","0","0","","0","0","0","","","1","","1","","40 46:36.354","4","0","77 47:16.473","3","0","0","0","14210","0","0","0","N","0","0","0","3","14410","0","","1.0","930.0","9","N","N","N","1","","1","0","1","","2","N","","2","1","0","0","0","0","0","2","0","2","","04","","N","","","","","","","","","",""
"2023086538","1512","1","0","0","0","0","0","0","0","0","4","0","","14","9","2023","6","40.818285","-77.850445","1511","2","0","0","0","1","1","0","0","0","","0","0","0","","","1","","1","","40 49:05.826","4","0","77 51:01.603","8","0","0","0","14204","0","0","0","N","0","0","0","3","14410","0","","1.0","1600.0","1","N","N","N","1","","0","0","0","","3","N","","2","1","0","0","0","1","0","1","0","2","03","03","","N","","","","","","","","","",""
"2023094126","0605","0","0","0","0","0","0","0","0","0","7","0","","14","10","2023","7","40.848593","-77.698735","0601","2","0","0","0","0","0","1","0","0","","0","0","0","","","0","N","0","","40 50:54.933","2","0","77 41:55.445","0","0","0","0","14218","0","0","0","Y","0","0","0","1","68G07","0","","4.0","618.0","9","N","N","N","1","","0","0","0","","0","N","","1","0","0","0","0","0","0","1","0","1","03","03","","N","","","","","","","","","",""
"2023095050","1238","0","0","0","0","0","0","0","0","0","7","0","","14","10","2023","2","40.889906","-77.760575","1236","2","0","0","0","0","0","0","0","0","","0","0","0","","","0","","2","","40 53:23.663","1","3","77 45:38.071","0","0","0","0","14221","0","0","0","Y","0","0","0","1","14221","0","","2.0","1300.0","1","N","N","N","1","","0","0","0","","0","N","","1","0","0","0","0","0","0","1","0","1","03","","","N","","","","","","","","","",""
"2023095729","0539","1","0","0","0","0","0","0","0","0","98","0","","14","10","2023","1","40.823215","-77.865843","0530","2","0","0","0","0","0","0","0","0","","0","0","0","","","0","N","0","","40 49:23.573","","0","77 51:57.034","0","0","0","0","14204","0","0","0","N","0","0","0","1","68G07","0","","1.0","","1","N","N","N","0","","0","0","0","","0","","","1","0","0","0","0","0","0","1","0","1","03","03","","N","","","","","","","","","",""
"2023071653","0947","0","0","0","0","0","0","0","0","0","4","0","","14","8","2023","2","40.817978","-77.900233","0947","2","0","0","0","0","0","0","1","0","","0","0","0","","","2","N","1","","40 49:04.722","","0","77 54:00.839","3","0","0","0","14216","0","0","0","N","0","0","0","2","14216","0","","1.0","","1","N","N","N","0","","2","0","2","","2","","","2","2","0","0","0","0","0","2","0","2","03","03","","N","","","","","","","","","",""
"2023096198","0636","1","0","0","0","0","0","0","0","0","98","0","","14","10","2023","3","40.872944","-77.778566","0632","2","0","0","0","0","0","0","0","0","","0","0","0","","","1","N","0","","40 52:22.599","","0","77 46:42.836","3","0","0","0","14201","0","0","0","N","0","0","0","1","68G07","0","","1.0","","1","N","N","N","0","","1","0","0","","0","","","1","1","0","0","0","0","0","2","0","1","03","","","N","","","","","","","","","",""
"2023063800","1651","0","0","0","0","0","0","0","0","0","98","0","","14","7","2023","6","40.932444","-77.72675","1647","2","0","0","0","0","0","1","0","0","","0","0","0","","","0","N","0","","40 55:56.800","","0","77 43:36.300","0","0","0","0","14221","0","0","0","N","0","0","0","2","14221","0","","1.0","","9","N","N","N","1","","0","0","0","","0","","","1","0","0","0","0","0","0","1","0","1","04","07","","N","","","","","","","","","",""
"2023095760","0758","0","0","0","0","0","0","0","0","0","7","0","","14","10","2023","4","40.751446","-78.217848","0729","2","0","0","0","0","1","0","0","0","","0","0","0","","","0","N","0","","40 45:05.207","","0","78 13:04.252","0","0","0","0","14222","0","0","0","N","0","0","0","1","68G07","0","","2.0","","1","N","N","N","0","","0","0","0","","0","","","1","0","0","0","0","0","0","1","1","1","03","03","","N","","","","","","","","","",""
"2023092393","1029","0","0","0","1","0","0","0","0","0","8","0","","14","10","2023","6","40.79175","-77.85735","1028","2","0","0","0","0","0","1","0","0","","0","0","0","","","1","","1","","40 47:30.299","6","0","77 51:26.459","3","0","0","0","14410","1","0","0","N","0","0","0","2","14410","0","","1.0","1116.0","1","N","N","N","0","","1","0","1","","0","Y","","2","1","0","0","0","0","0","2","0","1","03","","","N","","","","","","","","","",""
"2023101763","1735","0","0","0","0","0","0","0","0","0","98","0","","14","11","2023","5","40.809615","-78.056176","1718","2","0","0","0","0","0","0","0","0","","0","0","0","","","0","N","0","","40 48:34.613","","0","78 03:22.234","0","0","0","0","14225","0","0","0","N","0","0","0","1","68G07","0","","1.0","","1","N","N","N","0","","0","0","1","","0","","","1","0","0","0","0","0","0","1","0","1","03","","","N","","","","","","","","","",""
"2023101437","1301","1","0","0","0","0","0","0","0","0","6","0","","14","11","2023","5","40.796778","-77.855831","1256","2","0","0","0","0","0","0","0","0","","0","0","0","","","0","N","1","","40 47:48.402","3","0","77 51:20.992","0","0","0","0","14410","0","0","0","N","0","0","0","2","14410","0","","1.0","1323.0","1","N","N","N","0","","0","0","1","","2","N","","2","0","0","0","0","0","0","2","0","2","03","03","","N","","","","","","","","","",""
"2023103022","0244","1","1","0","0","0","0","0","0","0","1","1","","14","11","2023","2","40.846731","-77.811068","0239","2","0","0","0","0","0","0","1","1","","1","1","0","","","0","N","0","","40 50:48.231","1","0","77 48:39.846","1","0","0","0","14201","0","0","0","N","0","0","0","2","68G07","0","2","1.0","320.0","1","N","N","N","0","0","0","0","0","","0","N","","2","0","0","0","0","0","0","1","0","2","03","","","N","","","","","","","","","",""
"2023101169","0157","1","0","0","0","0","0","0","0","0","7","0","","14","10","2023","7","40.813214","-77.7056","0148","2","0","0","0","0","0","0","0","0","","0","0","0","","","0","N","0","","40 48:47.571","6","0","77 42:20.161","9","0","0","0","14218","0","0","0","N","0","0","0","1","68G07","0","","5.0","230.0","9","N","N","N","0","","0","0","0","","0","N","","1","0","0","0","0","0","1","1","0","1","03","03","","N","","","","","","","","","",""
"2023101687","1752","0","0","0","0","0","0","0","0","0","8","0","","14","11","2023","5","40.790459","-77.863309","1746","2","0","0","0","0","0","1","0","0","","0","0","0","","","1","N","0","","40 47:25.651","","7","77 51:47.914","3","0","0","0","14410","1","0","0","N","1","0","0","2","14410","0","","1.0","","1","N","N","N","0","","1","0","1","","0","","","2","1","0","0","0","0","0","2","0","1","03","","","N","","","","","","","","","",""
"2023098904","1000","0","0","0","0","0","0","0","0","0","7","1","","14","10","2023","2","41.098834","-77.988156","0916","2","0","0","0","0","0","1","0","0","","0","1","0","","","0","N","0","","41 05:55.804","","0","77 59:17.361","0","0","0","0","14203","0","0","0","N","0","0","0","1","68G07","0","","4.0","","1","N","N","N","0","","0","0","0","","0","","","1","0","0","0","0","0","0","1","0","1","03","","","N","","","","","","","","","",""
"2023100413","0903","0","0","0","0","0","0","0","0","0","2","0","","14","10","2023","7","40.922273","-77.482491","0842","2","0","0","0","0","0","0","1","0","","0","0","0","","","1","N","0","","40 55:20.183","5","0","77 28:56.967","3","0","0","0","14215","0","0","0","N","0","0","0","2","68G07","0","","1.0","944.0","1","N","N","N","1","","1","0","0","","0","N","","2","1","0","0","0","0","0","1","1","2","03","","","N","","","","","","","","","",""
"2023105684","2039","0","0","0","0","0","0","0","0","0","98","0","","14","11","2023","1","40.8214","-77.873693","2033","2","0","0","0","0","1","0","0","0","","0","0","0","","","0","N","0","","40 49:17.040","1","0","77 52:25.295","0","0","0","0","14204","0","0","0","N","0","0","0","1","68G07","0","","1.0","2110.0","1","N","N","N","0","","0","0","1","","0","N","","1","0","0","0","0","0","0","1","0","1","03","","","N","","","","","","","","","",""
"2023100803","1740","0","0","0","0","0","0","0","0","0","7","0","","14","11","2023","2","40.905012","-77.481528","1723","2","0","0","0","0","0","0","0","0","","0","0","0","","","1","N","0","","40 54:18.044","2","0","77 28:53.500","2","0","0","0","14217","0","0","0","N","0","0","0","1","68G07","0","","4.0","1800.0","1","N","N","N","0","","0","1","0","","0","N","","1","1","0","0","0","0","0","1","0","1","03","03","","N","","","","","","","","","",""
"2023102579","1224","0","0","0","0","0","0","0","0","0","4","0","","14","11","2023","7","40.798049","-77.660338","1209","2","0","0","0","0","0","1","0","0","","0","0","0","","","1","N","0","","40 47:52.975","6","0","77 39:37.216","3","0","0","0","14218","0","0","0","N","0","0","0","2","68G07","0","","1.0","1300.0","1","N","N","N","2","","1","0","0","","0","N","","2","1","0","0","0","0","0","1","0","2","03","03","","N","","","","","","","","","",""
"2023104660","0315","0","0","0","0","0","0","0","0","0","98","0","","14","11","2023","5","40.98701","-77.813565","0257","2","0","0","0","0","0","0","0","0","","0","0","0","","","0","N","0","","40 59:13.237","3","0","77 48:48.834","0","0","0","0","14202","0","0","0","N","0","0","0","1","68G07","0","","1.0","100.0","1","N","N","N","0","","0","0","1","","0","N","","1","0","0","0","0","0","0","1","0","1","03","","","N","","","","","","","","","",""
"2023105312","0914","0","0","0","0","0","0","0","0","0","4","0","","14","11","2023","5","40.868336","-77.745757","0905","2","0","0","1","0","0","0","0","0","","0","0","0","","","0","N","0","","40 52:06.008","","7","77 44:44.725","0","0","0","0","14221","0","0","0","N","0","0","0","4","14221","0","","1.0","","1","N","N","N","0","","0","0","2","","0","","","2","0","0","0","0","0","0","2","0","2","03","","","N","","","","","","","","","",""
"2023104667","1326","1","0","0","0","0","0","0","0","0","1","0","","14","11","2023","6","40.795137","-77.679237","1308","2","0","0","0","1","0","0","1","0","","0","0","0","","","1","N","0","","40 47:42.492","","0","77 40:45.252","3","0","0","0","14218","0","0","0","N","0","0","0","4","68G07","0","","1.0","","1","N","N","N","0","","1","0","2","","0","","","3","1","0","0","0","0","0","1","0","3","03","03","","N","","","","","","","","","",""
"2023102569","1424","1","0","0","0","0","0","0","0","0","0","0","","14","11","2023","6","40.845447","-77.823397","1413","2","0","0","0","0","0","0","0","0","","0","0","0","","","0","N","0","","40 50:43.610","5","0","77 49:24.230","0","0","0","0","14201","0","0","0","N","0","0","0","3","68G07","0","","4.0","1545.0","1","N","N","N","0","","0","0","0","","0","Y","","1","0","0","0","0","0","0","1","0","1","03","","","N","","","","","","","","","",""
"2023101224","0355","0","0","0","0","0","0","0","0","0","98","0","","14","11","2023","1","40.821468","-78.010982","0335","2","0","0","0","0","0","1","0","0","","0","0","0","","","0","N","0","","40 49:17.285","","0","78 00:39.536","0","0","0","0","14225","0","0","0","N","0","0","0","1","68G07","0","","1.0","","1","N","N","N","0","","0","0","1","","0","","","1","0","0","0","0","0","0","1","0","1","03","03","","N","","","","","","","","","",""
"2023102964","1431","1","0","0","0","0","0","0","0","0","1","0","","14","11","2023","2","40.892418","-78.19385","1412","2","0","0","0","0","0","0","0","0","","0","0","0","","","0","N","0","","40 53:32.704","","0","78 11:37.861","0","0","0","0","14219","0","0","0","N","0","0","0","2","68G07","0","","1.0","","1","N","N","N","0","","0","0","1","","0","","","2","0","0","0","0","0","0","1","0","2","03","","","N","","","","","","","","","",""
"2023116492","1110","0","0","1","0","0","0","0","0","0","7","0","","14","12","2023","3","40.992864","-78.014611","1053","2","0","0","0","0","0","0","1","0","","0","0","0","","","1","N","0","","40 59:34.309","4","0","78 00:52.599","2","0","0","0","14220","0","0","0","N","0","0","0","1","68G07","0","","4.0","1200.0","9","N","N","N","0","","0","1","1","","0","N","","1","1","0","0","0","0","0","1","0","1","99","","","N","","","","","","","","","",""