"CRN","ARRIVAL_TM","AUTOMOBILE_COUNT","BELTED_DEATH_COUNT","BELTED_SUSP_SERIOUS_INJ_COUNT","BICYCLE_COUNT","BICYCLE_DEATH_COUNT","BICYCLE_SUSP_SERIOUS_INJ_COUNT","BUS_COUNT","CHLDPAS_DEATH_COUNT","CHLDPAS_SUSP_SERIOUS_INJ_COUNT","COLLISION_TYPE","COMM_VEH_COUNT","CONS_ZONE_SPD_LIM","COUNTY","CRASH_MONTH","CRASH_YEAR","DAY_OF_WEEK","DEC_LATITUDE","DEC_LONGITUDE","DISPATCH_TM","DISTRICT","DRIVER_COUNT_16YR","DRIVER_COUNT_17YR","DRIVER_COUNT_18YR","DRIVER_COUNT_19YR","DRIVER_COUNT_20YR","DRIVER_COUNT_50_64YR","DRIVER_COUNT_65_74YR","DRIVER_COUNT_75PLUS","EST_HRS_CLOSED","FATAL_COUNT","HEAVY_TRUCK_COUNT","HORSE_BUGGY_COUNT","HOUR_OF_DAY","ILLUMINATION","INJURY_COUNT","INTERSECTION_RELATED","INTERSECT_TYPE","LANE_CLOSED","LATITUDE","LN_CLOSE_DIR","LOCATION_TYPE","LONGITUDE","MAX_SEVERITY_LEVEL","MCYCLE_DEATH_COUNT","MCYCLE_SUSP_SERIOUS_INJ_COUNT","MOTORCYCLE_COUNT","MUNICIPALITY","NONMOTR_COUNT","NONMOTR_DEATH_COUNT","NONMOTR_SUSP_SERIOUS_INJ_COUNT","NTFY_HIWY_MAINT","PED_COUNT","PED_DEATH_COUNT","PED_SUSP_SERIOUS_INJ_COUNT","PERSON_COUNT","POLICE_AGCY","POSSIBLE_INJ_COUNT","RDWY_SURF_TYPE_CD","RELATION_TO_ROAD","ROADWAY_CLEARED","ROAD_CONDITION","SCH_BUS_IND","SCH_ZONE_IND","SECONDARY_CRASH","SMALL_TRUCK_COUNT","SPEC_JURIS_CD","SUSP_MINOR_INJ_COUNT","SUSP_SERIOUS_INJ_COUNT","SUV_COUNT","TCD_FUNC_CD","TCD_TYPE","TFC_DETOUR_IND","TIME_OF_DAY","TOTAL_UNITS","TOT_INJ_COUNT","UNBELTED_OCC_COUNT","UNB_DEATH_COUNT","UNB_SUSP_SERIOUS_INJ_COUNT","UNK_INJ_DEG_COUNT","UNK_INJ_PER_COUNT","URBAN_RURAL","VAN_COUNT","VEHICLE_COUNT","WEATHER1","WEATHER2","WORKERS_PRES","WORK_ZONE_IND","WORK_ZONE_LOC","WORK_ZONE_TYPE","WZ_CLOSE_DETOUR","WZ_FLAGGER","WZ_LAW_OFFCR_IND","WZ_LN_CLOSURE","WZ_MOVING","WZ_OTHER","WZ_SHLDER_MDN","WZ_WORKERS_INJ_KILLED"
"2023099359","0727","1","0","0","0","0","0","0","0","0","98","0","","14","11","2023","6","40.858189","-77.785676","0708","2","0","0","0","0","0","0","0","0","","0","0","0","","","0","N","0","","40 51:29.481","","0","77 47:08.432","0","0","0","0","14201","0","0","0","N","0","0","0","1","68G07","0","","1.0","","1","N","N","N","0","","0","0","0","","0","","","1","0","0","0","0","0","0","1","0","1","03","","","N","","","","","","","","","",""
"2023104638","0334","0","0","0","0","0","0","0","0","0","0","1","","14","11","2023","6","40.768194","-78.085302","0324","2","0","0","0","0","0","1","0","0","","0","1","0","","","0","N","0","","40 46:05.500","2","0","78 05:07.088","0","0","0","0","14222","0","0","0","N","0","0","0","1","68G07","0","","5.0","415.0","1","N","N","N","0","","0","0","0","","0","N","","1","0","0","0","0","0","0","1","0","1","03","03","","N","","","","","","","","","",""
"2023106094","0911","0","0","0","0","0","0","0","0","0","4","0","","14","10","2023","3","40.942466","-77.786158","0856","2","0","0","0","0","0","1","1","0","","0","0","0","","","2","Y","0","","40 56:32.879","2","0","77 47:10.169","3","0","0","0","14404","0","0","0","N","0","0","0","4","68G07","0","","1.0","941.0","1","N","N","N","0","","1","0","2","","3","N","","3","2","0","0","0","1","0","2","1","3","03","03","","N","","","","","","","","","",""
"2023102000","2230","0","0","0","0","0","0","0","0","0","98","0","","14","11","2023","4","41.013704","-77.879356","2217","2","0","0","0","0","0","0","0","0","","0","0","0","","","0","N","0","","41 00:49.335","","0","77 52:45.683","0","0","0","0","14202","0","0","0","N","0","0","0","4","68G07","0","","1.0","","1","N","N","N","0","","0","0","1","","0","","","1","0","0","0","0","0","0","1","0","1","03","","","N","","","","","","","","","",""
"2023116185","0537","0","0","0","0","0","0","0","0","0","5","2","","14","12","2023","6","40.944742","-77.723394","0529","2","0","0","0","0","0","1","0","0","","0","2","0","","","2","N","0","","40 56:41.071","4","0","77 43:24.217","3","0","0","0","14214","0","0","0","Y","0","0","0","2","68G07","0","","1.0","800.0","1","N","N","N","0","","1","0","0","","0","Y","","2","2","0","0","0","1","0","1","0","2","03","03","","N","","","","","","","","","",""
"2023101752","0929","1","0","0","0","0","0","0","0","0","98","1","","14","11","2023","2","40.841497","-77.829073","0905","2","0","0","0","0","0","1","0","0","","0","1","0","","","0","N","0","","40 50:29.390","","0","77 49:44.662","0","0","0","0","14201","0","0","0","N","0","0","0","2","68G07","0","","1.0","","1","N","N","N","0","","0","0","0","","0","","","2","0","1","0","0","0","0","1","0","2","03","","","N","","","","","","","","","",""
"2023111433","1902","0","0","0","0","0","0","0","0","0","7","0","","14","12","2023","3","40.83466","-77.671718","1853","2","0","0","0","1","0","0","0","0","","0","0","0","","","0","N","0","","40 50:04.776","","0","77 40:18.183","0","0","0","0","14218","0","0","0","N","0","0","0","1","68G07","0","","4.0","","9","N","N","N","0","","0","0","1","","0","","","1","0","0","0","0","0","0","1","0","1","03","03","","N","","","","","","","","","",""
"2023112806","0815","0","0","0","0","0","0","0","0","0","98","0","","14","12","2023","2","40.849332","-77.970543","0755","2","0","0","0","0","0","1","0","0","","0","0","0","","","0","N","0","","40 50:57.596","","0","77 58:13.955","0","0","0","0","14212","0","0","0","N","0","0","0","1","68G07","0","","1.0","","1","N","N","N","0","","0","0","1","","0","","","1","0","0","0","0","0","0","1","0","1","03","","","N","","","","","","","","","",""
"2023110648","1803","1","0","0","0","0","0","0","0","0","8","0","","14","12","2023","3","40.792339","-77.863433","1759","2","0","0","0","1","0","0","0","0","","0","0","0","","","1","","1","","40 47:32.420","","0","77 51:48.358","3","0","0","0","14410","1","0","0","N","1","0","0","2","14410","0","","1.0","","1","N","N","N","0","","1","0","0","","3","","","2","1","0","0","0","0","0","2","0","1","03","03","","N","","","","","","","","","",""
"2023113417","0748","0","0","0","0","0","0","0","0","0","7","0","","14","11","2023","1","40.794901","-78.067135","0739","2","0","0","1","0","0","0","0","0","","0","0","0","","","1","N","0","","40 47:41.643","2","0","78 04:01.685","3","0","0","0","14225","0","0","0","Y","0","0","0","1","68G07","0","","2.0","0.0","1","N","N","N","0","","1","0","1","","0","N","","1","1","1","0","0","0","0","1","0","1","03","","","N","","","","","","","","","",""
"2023113096","0850","0","0","0","0","0","0","0","0","0","7","0","","14","12","2023","3","40.988539","-77.816336","0830","2","0","0","0","0","0","0","0","0","","0","0","0","","","1","N","0","","40 59:18.740","4","0","77 48:58.808","3","0","0","0","14202","0","0","0","N","0","0","0","1","68G07","0","","4.0","948.0","1","N","N","N","1","","1","0","0","","0","N","","1","1","1","0","0","0","0","1","0","1","03","03","","N","","","","","","","","","",""
"2023113198","1411","0","0","0","0","0","0","0","0","0","7","0","","14","12","2023","6","40.764673","-78.23508","1355","2","0","0","0","0","0","0","0","1","","0","0","0","","","1","N","0","","40 45:52.822","","0","78 14:06.289","3","0","0","0","14219","0","0","0","N","0","0","0","2","68G01","0","","4.0","","9","N","N","N","0","","1","0","1","","0","","","1","1","0","0","0","0","1","1","0","1","03","03","","N","","","","","","","","","",""
"2023113441","1330","0","0","0","0","0","0","0","0","0","98","0","","14","11","2023","1","41.023748","-77.565241","1321","2","0","0","0","0","0","1","0","0","","0","0","0","","","0","N","0","","41 01:25.494","","0","77 33:54.868","0","0","0","0","14214","0","0","0","N","0","0","0","3","68F04","0","","1.0","","1","N","N","N","0","","0","0","1","","0","","","1","0","0","0","0","0","0","1","0","1","03","","","N","","","","","","","","","",""
"2023112868","1252","1","0","0","0","0","0","0","0","0","4","0","","14","12","2023","3","40.785125","-77.834388","1246","2","0","0","0","0","0","0","1","1","","0","0","0","","","0","","1","","40 47:06.451","","0","77 50:03.795","0","0","0","0","14410","0","0","0","N","0","0","0","3","14410","0","","1.0","","1","N","N","N","0","","0","0","1","","2","","","2","0","0","0","0","0","0","2","0","2","03","","","N","","","","","","","","","",""
"2023112793","1227","0","0","0","0","0","0","0","0","0","5","0","","14","12","2023","1","40.989495","-77.821925","1213","2","0","0","0","0","0","0","1","0","","0","0","0","","","2","N","0","","40 59:22.182","3","0","77 49:18.930","3","0","0","0","14202","0","0","0","N","0","0","0","3","68G07","0","","1.0","1330.0","9","N","N","N","0","","2","0","2","","0","Y","","2","2","0","0","0","0","0","1","0","2","07","04","","N","","","","","","","","","",""
"2023113506","1315","1","0","0","0","0","0","0","0","0","7","0","","14","12","2023","3","40.891081","-77.817388","1303","2","0","0","0","0","0","0","0","0","","0","0","0","","","0","N","0","","40 53:27.891","1","0","77 49:02.596","0","0","0","0","14201","0","0","0","N","0","0","0","1","68G07","0","","5.0","100.0","1","N","N","N","0","","0","0","0","","0","N","","1","0","0","0","0","0","0","1","0","1","03","","","N","","","","","","","","","",""
"2023111915","1830","0","0","0","0","0","0","0","0","0","4","0","","14","12","2023","7","40.810696","-77.830766","1822","2","0","0","0","0","0","0","0","0","","0","0","0","","","0","","1","","40 48:38.505","","0","77 49:50.757","0","0","0","0","14204","0","0","0","N","0","0","0","2","14410","0","","1.0","","1","N","N","N","0","","0","0","2","","2","","","2","0","0","0","0","0","0","2","0","2","03","03","","N","","","","","","","","","",""
"2023107872","0427","0","0","0","0","0","0","0","0","0","7","0","","14","11","2023","6","41.011023","-77.884113","0408","2","0","0","0","0","0","0","0","0","","0","0","0","","","0","N","0","","41 00:39.682","","0","77 53:02.808","0","0","0","0","14202","0","0","0","N","0","0","0","1","68G07","0","","5.0","","1","N","N","N","0","","0","0","1","","0","","","1","0","0","0","0","0","0","1","0","1","03","","","N","","","","","","","","","",""
"2023109264","1435","0","0","0","0","0","0","0","0","0","7","0","","14","11","2023","5","40.872414","-77.92967","1421","2","0","0","0","0","0","0","1","0","","0","0","0","","","2","N","0","","40 52:20.689","1","0","77 55:46.812","3","0","0","0","14212","0","0","0","N","0","0","0","2","68G07","0","","4.0","1804.0","1","N","N","N","1","","2","0","0","","0","Y","","1","2","0","0","0","0","0","1","0","1","03","03","","N","","","","","","","","","",""
"2023110614","1814","2","0","0","0","0","0","0","0","0","1","0","","14","12","2023","3","40.808211","-77.857704","1813","2","0","0","0","0","0","0","0","0","","0","0","0","","","1","","1","","40 48:29.561","","0","77 51:27.735","4","0","0","0","14204","0","0","0","N","0","0","0","3","14410","1","","1.0","","9","N","N","N","0","","0","0","0","","2","","","2","1","0","0","0","0","1","2","0","2","03","03","","N","","","","","","","","","",""
"2023107490","1803","0","0","0","0","0","0","0","0","0","5","1","","14","11","2023","4","40.769531","-77.616977","1751","2","0","0","0","0","0","1","0","0","","0","1","0","","","0","N","0","","40 46:10.311","","0","77 37:01.118","0","0","0","0","14218","0","0","0","N","0","0","0","2","44201","0","","1.0","","1","N","N","N","0","","0","0","1","","0","","","2","0","0","0","0","0","0","1","0","2","03","03","","N","","","","","","","","","",""
"2023108107","0319","0","0","0","0","0","0","0","0","0","98","0","","14","11","2023","3","40.977659","-77.630148","0307","2","0","0","0","0","0","0","0","0","","0","0","0","","","0","N","0","","40 58:39.571","","0","77 37:48.533","0","0","0","0","14214","0","0","0","N","0","0","0","1","68G07","0","","1.0","","1","N","N","N","0","","0","0","1","","0","","","1","0","0","0","0","0","0","1","0","1","03","03","","N","","","","","","","","","",""
"2023109251","0825","0","0","0","0","0","0","0","0","0","7","0","","14","11","2023","3","40.887461","-77.80795","0812","2","0","0","0","1","0","0","0","0","","0","0","0","","","0","N","0","","40 53:14.860","","0","77 48:28.620","0","0","0","0","14201","0","0","0","N","0","0","0","1","68G07","0","","5.0","","2","N","N","N","1","","0","0","0","","0","","","1","0","1","0","0","0","0","1","0","1","02","03","","N","","","","","","","","","",""
"2023104717","1345","0","0","0","0","0","0","0","0","0","8","1","","14","11","2023","6","40.804306","-77.8615","1343","2","0","0","0","0","0","0","0","0","","0","1","0","","","1","","1","","40 48:15.500","6","0","77 51:41.400","2","0","0","0","14410","1","0","1","N","1","0","1","2","14501","0","","1.0","1545.0","1","N","N","N","0","","0","1","0","","3","Y","","2","1","0","0","0","0","0","2","0","1","03","03","","N","","","","","","","","","",""
"2023108563","0537","0","0","0","0","0","0","0","0","0","7","0","","14","11","2023","3","40.986351","-77.810384","0513","2","0","0","0","0","0","0","0","0","","0","0","0","","","0","N","0","","40 59:10.863","4","0","77 48:37.382","0","0","0","0","14202","0","0","0","Y","0","0","0","1","68G07","0","","5.0","621.0","2","N","N","N","0","","0","0","0","","0","N","","1","0","0","0","0","0","0","1","1","1","10","","","N","","","","","","","","","",""
"2023107882","1803","1","0","0","0","0","0","0","0","0","7","0","","14","11","2023","7","40.830868","-77.985006","1803","2","0","0","0","0","0","0","0","0","","0","0","0","","","0","N","0","","40 49:51.123","2","0","77 59:06.023","0","0","0","0","14212","0","0","0","Y","0","0","0","1","68G07","0","","2.0","1845.0","1","N","N","N","0","","0","0","0","","0","N","","1","0","0","0","0","0","0","1","0","1","03","","","N","","","","","","","","","",""
"2023109221","1135","0","0","0","0","0","0","0","0","0","4","0","","14","11","2023","7","40.825751","-77.687908","1119","2","0","0","0","0","0","1","1","0","","0","0","0","","","0","N","0","","40 49:32.705","","0","77 41:16.468","0","0","0","0","14218","0","0","0","N","0","0","0","3","68G07","0","","1.0","","1","N","N","N","1","","0","0","0","","0","","","2","0","0","0","0","0","0","1","1","2","03","","","N","","","","","","","","","",""
"2023110725","1149","1","0","0","0","0","0","0","0","0","4","0","","14","12","2023","6","40.805924","-77.864585","1148","2","0","0","0","0","0","0","0","0","","0","0","0","","","0","","1","","40 48:21.327","","0","77 51:52.507","0","0","0","0","14410","0","0","0","N","0","0","0","2","14501","0","","1.0","","9","N","N","N","0","","0","0","1","","2","","","2","0","0","0","0","0","0","2","0","2","07","","","N","","","","","","","","","",""
"2023109589","0930","0","0","0","0","0","0","0","0","0","7","0","","14","11","2023","2","40.862896","-78.167612","0930","2","0","0","0","0","0","0","0","0","","0","0","0","","","0","N","0","","40 51:46.425","","0","78 10:03.403","0","0","0","0","14219","0","0","0","N","0","0","0","2","68G07","0","","4.0","","9","N","N","N","0","","0","0","0","","0","","","1","0","0","0","0","0","0","1","1","1","04","06","","N","","","","","","","","","",""
"2023108703","1219","1","0","1","0","0","0","0","0","0","7","0","","14","11","2023","3","40.875548","-77.773565","1217","2","0","0","0","0","0","0","0","0","","0","0","0","","","1","N","0","","40 52:31.973","5","0","77 46:24.835","2","0","0","0","14201","0","0","0","N","0","0","0","1","68G07","0","","5.0","1420.0","1","N","N","Y","0","","0","1","0","","0","Y","","1","1","0","0","0","0","0","2","0","1","03","","","N","","","","","","","","","",""
"2023111678","1145","1","0","0","0","0","0","0","0","0","7","0","","14","12","2023","6","40.801608","-77.722251","1129","2","0","0","0","0","0","0","0","0","","0","0","0","","","0","N","0","","40 48:05.787","6","0","77 43:20.103","0","0","0","0","14218","0","0","0","Y","0","0","0","1","68G07","0","","4.0","1215.0","1","N","N","N","0","","0","0","0","","0","Y","","1","0","0","0","0","0","0","1","0","1","03","03","","N","","","","","","","","","",""
"2023107886","0450","1","0","0","0","0","0","0","0","0","98","0","","14","11","2023","1","40.93761","-77.731587","0440","2","0","0","0","0","0","0","0","0","","0","0","0","","","0","N","0","","40 56:15.396","","0","77 43:53.712","0","0","0","0","14221","0","0","0","N","0","0","0","1","68G07","0","","1.0","","1","N","N","N","0","","0","0","0","","0","","","1","0","0","0","0","0","0","1","0","1","03","","","N","","","","","","","","","",""
"2023109297","2035","0","0","0","0","0","0","1","0","0","4","1","","14","12","2023","6","40.801366","-77.85022","2033","2","0","0","0","0","0","0","0","0","","0","0","0","","","0","","2","","40 48:04.918","","2","77 51:00.793","0","0","0","0","14410","0","0","0","N","0","0","0","2","14410","0","","1.0","","9","N","N","N","0","","0","0","1","","2","","","2","0","0","0","0","0","0","2","0","2","03","03","","N","","","","","","","","","",""
"2023101089","1240","0","1","0","0","0","0","0","0","0","2","1","","14","11","2023","4","40.781734","-77.780247","1235","2","0","0","0","0","0","0","1","0","","1","1","0","","","0","N","0","","40 46:54.243","6","0","77 46:48.890","1","0","0","0","14210","0","0","0","N","0","0","0","2","14410","0","2","1.0","1620.0","1","N","N","N","0","0","0","0","1","","0","Y","","2","0","0","0","0","0","0","2","0","2","03","03","","N","","","","","","","","","",""
"2023111322","0129","1","0","0","0","0","0","0","0","0","7","0","","14","12","2023","7","40.990271","-77.316261","0049","2","0","1","0","0","0","0","0","0","","0","0","0","","","1","N","0","","40 59:24.975","","0","77 18:58.540","4","0","0","0","14215","0","0","0","N","0","0","0","1","68G07","1","","4.0","","9","N","N","N","0","","0","0","0","","0","","","1","1","1","0","0","0","0","1","0","1","07","05","","N","","","","","","","","","",""
"2023111414","1030","0","0","0","0","0","0","0","0","0","7","0","","14","11","2023","4","40.84576","-77.524043","1005","2","0","0","1","0","0","0","0","0","","0","0","0","","","0","N","0","","40 50:44.735","","0","77 31:26.555","0","0","0","0","14217","0","0","0","N","0","0","0","2","68G07","0","","4.0","","9","N","N","N","0","","0","0","1","","0","","","1","0","0","0","0","0","0","1","0","1","07","","","N","","","","","","","","","",""
"2023110533","1757","0","0","0","0","0","0","0","0","0","1","0","","14","11","2023","1","40.900493","-78.223848","1736","2","0","1","0","0","0","1","0","0","","0","0","0","","","0","N","0","","40 54:01.775","","0","78 13:25.854","0","0","0","0","14406","0","0","0","N","0","0","0","2","68G07","0","","1.0","","1","N","N","N","1","","0","0","1","","0","","","2","0","0","0","0","0","0","2","0","2","03","03","","N","","","","","","","","","",""
"2023108345","1809","0","1","0","0","0","0","0","0","0","7","0","","14","11","2023","2","40.904077","-77.788211","1806","2","0","0","0","0","0","1","0","0","","1","0","0","","","0","N","0","","40 54:14.678","6","0","77 47:17.561","1","0","0","0","14221","0","0","0","N","0","0","0","1","14221","0","1","5.0","2010.0","1","N","N","N","0","0","0","0","1","","0","Y","","1","0","0","0","0","0","0","2","0","1","03","03","","N","","","","","","","","","",""
"2023109549","1701","2","0","0","0","0","0","0","0","0","4","0","","14","12","2023","7","40.814737","-77.856196","1652","2","0","0","0","0","0","0","1","1","","0","0","0","","","1","","1","","40 48:53.052","","0","77 51:22.307","3","0","0","0","14204","0","0","0","N","0","0","0","3","14410","0","","1.0","","1","N","N","N","0","","1","0","0","","2","","","2","1","0","0","0","0","0","1","0","2","03","","","N","","","","","","","","","",""
"2023109615","1851","0","0","0","0","0","0","0","0","0","98","0","","14","12","2023","7","40.815454","-77.915167","1838","2","0","0","0","0","0","1","0","0","","0","0","0","","","0","N","0","","40 48:55.633","","0","77 54:54.602","0","0","0","0","14216","0","0","0","N","0","0","0","2","68G07","0","","1.0","","1","N","N","N","0","","0","0","1","","0","","","1","0","0","0","0","0","0","2","0","1","03","03","","N","","","","","","","","","",""
"2023101329","2228","1","0","0","0","0","0","0","0","0","98","0","","14","11","2023","2","40.795129","-78.067084","2228","2","0","0","0","0","0","0","0","0","","0","0","0","","","2","N","0","","40 47:42.464","1","0","78 04:01.501","3","0","0","0","14225","0","0","0","N","0","0","0","3","68G01","0","","1.0","2300.0","1","N","N","N","0","","1","0","0","","0","N","","1","2","0","0","0","1","0","1","0","1","03","03","","N","","","","","","","","","",""
"2023109863","1518","2","0","0","0","0","0","0","0","0","1","0","","14","11","2023","6","41.061018","-77.616691","1513","2","1","0","0","0","0","1","0","0","","0","0","0","","","0","","1","","41 03:39.666","1","0","77 37:00.086","0","0","0","0","14213","0","0","0","N","0","0","0","3","68G07","0","","1.0","1554.0","1","N","N","N","0","","0","0","0","","3","N","","2","0","0","0","0","0","0","1","0","2","03","03","","N","","","","","","","","","",""
"2023111595","0344","1","0","1","0","0","0","0","0","0","7","0","","14","11","2023","1","40.751074","-78.217088","0332","2","0","0","0","0","0","0","0","0","","0","0","0","","","1","N","0","","40 45:03.865","5","0","78 13:01.516","2","0","0","0","14222","0","0","0","N","0","0","0","1","68G07","0","","5.0","503.0","1","N","N","N","0","","0","1","0","","0","N","","1","1","0","0","0","0","0","1","0","1","03","","","N","","","","","","","","","",""
"2023110168","2039","0","0","0","0","0","0","0","0","0","7","0","","14","12","2023","1","40.989652","-77.714814","2028","2","0","0","0","0","0","0","0","0","","0","0","0","","","1","N","0","","40 59:22.746","5","0","77 42:53.331","3","0","0","0","14211","0","0","0","N","0","0","0","1","68G07","0","","4.0","2120.0","9","N","N","N","0","","1","0","1","","0","Y","","1","1","0","0","0","0","0","1","0","1","03","","","N","","","","","","","","","",""
"2023106814","1531","0","0","0","0","0","0","0","0","0","7","0","","14","11","2023","6","40.794489","-77.859456","1526","2","0","0","0","0","0","1","0","0","","0","0","0","","","1","N","0","","40 47:40.160","","7","77 51:34.040","3","0","0","0","14410","0","0","0","N","0","0","0","3","14410","0","","6.0","","1","N","N","N","0","","1","0","1","","8","","","1","1","0","0","0","0","0","2","0","1","03","","","N","","","","","","","","","",""
"2023109877","1942","0","0","0","0","0","0","0","0","0","98","0","","14","11","2023","5","40.971882","-77.75071","1920","2","0","0","0","0","0","0","0","0","","0","0","0","","","0","N","0","","40 58:18.775","","0","77 45:02.556","0","0","0","0","14202","0","0","0","N","0","0","0","1","68G07","0","","1.0","","1","N","N","N","0","","0","0","1","","0","","","1","0","0","0","0","0","0","1","0","1","03","","","N","","","","","","","","","",""
"2023111424","0753","0","0","0","0","0","0","0","0","0","1","0","","14","12","2023","6","40.797718","-77.642801","0745","2","0","0","0","0","0","0","0","0","","0","0","0","","","1","N","0","","40 47:51.784","","0","77 38:34.082","3","0","0","0","14218","0","0","0","N","0","0","0","2","68G07","0","","1.0","","1","N","N","N","1","","1","0","1","","0","","","2","1","0","0","0","0","0","1","0","2","03","","","N","","","","","","","","","",""
"2023109789","1830","0","0","0","0","0","0","0","0","0","8","0","","14","12","2023","1","40.798542","-77.854822","1823","2","0","0","0","0","0","0","0","0","","0","0","0","","","1","N","0","","40 47:54.751","","0","77 51:17.359","3","0","0","0","14410","1","0","0","N","1","0","0","2","14410","0","","1.0","","1","N","N","N","0","","1","0","1","","0","","","2","1","0","0","0","0","0","2","0","1","03","","","N","","","","","","","","","",""
"2023109560","2106","1","0","0","0","0","0","0","0","0","7","0","","14","9","2023","1","40.896064","-78.218803","2102","2","0","0","0","1","0","0","0","0","","0","0","0","","","0","N","0","","40 53:45.830","","0","78 13:07.690","0","0","0","0","14406","0","0","0","N","0","0","0","1","68G07","0","","4.0","","1","N","N","N","0","","0","0","0","","0","","","1","0","0","0","0","0","0","1","0","1","03","03","","N","","","","","","","","","",""
"2023115713","0358","1","0","0","0","0","0","0","0","0","7","0","","14","12","2023","6","40.843932","-77.819327","0353","2","0","0","0","0","0","0","0","0","","0","0","0","","","2","N","0","","40 50:38.154","","0","77 49:09.577","4","0","0","0","14201","0","0","0","Y","0","0","0","2","68G07","2","","4.0","","1","N","N","N","0","","0","0","0","","0","","","1","2","0","0","0","0","0","1","0","1","03","03","","N","","","","","","","","","",""
"2023114705","1157","0","0","0","0","0","0","0","0","0","7","1","","14","12","2023","7","40.808551","-77.81837","1140","2","0","0","0","0","0","0","0","0","","0","1","0","","","1","N","0","","40 48:30.784","","0","77 49:06.133","3","0","0","0","14204","0","0","0","N","0","0","0","1","14410","0","","2.0","","1","N","N","N","0","","1","0","0","","0","","","1","1","0","0","0","0","0","2","0","1","03","","","N","","","","","","","","","",""
"2023115502","0901","0","0","0","0","0","0","0","0","0","7","0","","14","12","2023","3","40.839153","-77.87303","0901","2","0","0","0","0","0","0","0","0","","0","0","0","","","0","","2","","40 50:20.950","","0","77 52:22.908","0","0","0","0","14216","0","0","0","N","0","0","0","1","14216","0","","4.0","","7","N","N","N","0","","0","0","1","","0","","","1","0","0","0","0","0","0","1","0","1","99","","","N","","","","","","","","","",""
"2023115190","1244","0","0","0","0","0","0","0","0","0","1","2","","14","12","2023","1","40.990834","-77.829524","1238","2","0","0","0","0","0","1","1","0","","0","2","0","","","2","N","0","","40 59:27.002","3","0","77 49:46.287","4","0","0","0","14202","0","0","0","Y","0","0","0","4","68G07","2","","1.0","1525.0","9","N","N","Y","0","","0","0","1","","0","Y","","3","2","0","0","0","0","0","1","0","3","07","","","N","","","","","","","","","",""
"2023111161","0954","0","0","0","0","0","0","0","0","0","4","1","","14","12","2023","5","40.829716","-77.805296","0946","2","0","0","0","0","0","0","0","1","","0","1","0","","","1","N","0","","40 49:46.978","3","0","77 48:19.065","3","0","0","0","14204","0","0","0","N","0","0","0","2","14410","0","","1.0","1005.0","9","N","N","N","0","","1","0","1","","2","Y","","2","1","0","0","0","0","0","2","0","2","10","04","","N","","","","","","","","","",""
"2023098620","","0","0","0","0","0","0","0","0","0","0","0","","14","9","2023","6","40.901366","-77.776347","","2","0","0","0","0","0","0","0","0","","0","0","0","","","1","N","0","","40 54:04.919","","0","77 46:34.849","8","0","0","1","14401","0","0","0","N","0","0","0","1","00000","0","","1.0","","1","","","N","0","","0","0","0","","0","","","2","1","0","0","0","1","0","1","0","1","03","","","N","","","","","","","","","",""
"2023115533","1343","0","0","0","0","0","0","0","0","0","4","0","","14","12","2023","3","40.785226","-77.834376","1340","2","0","0","0","0","0","0","2","0","","0","0","0","","","1","N","1","","40 47:06.814","1","0","77 50:03.753","4","0","0","0","14410","0","0","0","N","0","0","0","3","14410","1","","1.0","1410.0","1","N","N","N","1","","0","0","1","","2","N","","2","1","0","0","0","0","0","2","0","2","04","04","","N","","","","","","","","","",""
"2023115549","1357","0","0","0","0","0","0","0","0","0","7","0","","14","12","2023","3","40.793396","-77.860284","1354","2","0","0","0","0","1","0","0","0","","0","0","0","","","1","","1","","40 47:36.227","","0","77 51:37.021","3","0","0","0","14410","0","0","0","N","0","0","0","2","14410","0","","4.0","","1","N","N","N","0","","1","0","1","","2","","","1","1","0","0","0","0","0","2","0","1","04","98","","N","","","","","","","","","",""
"2023088787","1809","0","0","0","0","0","0","0","0","0","7","0","","14","8","2023","3","40.826457","-78.224916","1744","2","0","0","0","0","0","0","0","0","","0","0","0","","","3","N","0","","40 49:35.245","1","0","78 13:29.697","4","0","0","0","14219","0","0","0","N","0","0","0","3","68G07","3","","4.0","100.0","1","N","N","N","0","","0","0","1","","0","N","","1","3","0","0","0","0","0","1","0","1","03","","","N","","","","","","","","","",""
"2023114788","1751","1","0","0","0","0","0","0","0","0","98","0","","14","12","2023","7","40.866","-77.780818","1749","2","0","0","0","0","0","1","0","0","","0","0","0","","","0","N","0","","40 51:57.599","","0","77 46:50.946","0","0","0","0","14201","0","0","0","N","0","0","0","1","68G07","0","","1.0","","1","N","N","N","0","","0","0","0","","0","","","1","0","0","0","0","0","0","1","0","1","03","","","N","","","","","","","","","",""
"2023114784","2051","1","0","0","0","0","0","0","0","0","4","0","","14","12","2023","5","40.845881","-77.81157","1944","2","0","0","0","0","0","1","0","0","","0","0","0","","","1","","1","","40 50:45.172","4","8","77 48:41.652","4","0","0","0","14201","0","0","0","N","0","0","0","4","68G07","1","","1.0","817.0","1","N","N","N","0","","0","0","1","","3","N","","2","1","0","0","0","0","0","1","0","2","03","","","N","","","","","","","","","",""