"CRN","ARRIVAL_TM","AUTOMOBILE_COUNT","BELTED_DEATH_COUNT","BELTED_SUSP_SERIOUS_INJ_COUNT","BICYCLE_COUNT","BICYCLE_DEATH_COUNT","BICYCLE_SUSP_SERIOUS_INJ_COUNT","BUS_COUNT","CHLDPAS_DEATH_COUNT","CHLDPAS_SUSP_SERIOUS_INJ_COUNT","COLLISION_TYPE","COMM_VEH_COUNT","CONS_ZONE_SPD_LIM","COUNTY","CRASH_MONTH","CRASH_YEAR","DAY_OF_WEEK","DEC_LATITUDE","DEC_LONGITUDE","DISPATCH_TM","DISTRICT","DRIVER_COUNT_16YR","DRIVER_COUNT_17YR","DRIVER_COUNT_18YR","DRIVER_COUNT_19YR","DRIVER_COUNT_20YR","DRIVER_COUNT_50_64YR","DRIVER_COUNT_65_74YR","DRIVER_COUNT_75PLUS","EST_HRS_CLOSED","FATAL_COUNT","HEAVY_TRUCK_COUNT","HORSE_BUGGY_COUNT","HOUR_OF_DAY","ILLUMINATION","INJURY_COUNT","INTERSECTION_RELATED","INTERSECT_TYPE","LANE_CLOSED","LATITUDE","LN_CLOSE_DIR","LOCATION_TYPE","LONGITUDE","MAX_SEVERITY_LEVEL","MCYCLE_DEATH_COUNT","MCYCLE_SUSP_SERIOUS_INJ_COUNT","MOTORCYCLE_COUNT","MUNICIPALITY","NONMOTR_COUNT","NONMOTR_DEATH_COUNT","NONMOTR_SUSP_SERIOUS_INJ_COUNT","NTFY_HIWY_MAINT","PED_COUNT","PED_DEATH_COUNT","PED_SUSP_SERIOUS_INJ_COUNT","PERSON_COUNT","POLICE_AGCY","POSSIBLE_INJ_COUNT","RDWY_SURF_TYPE_CD","RELATION_TO_ROAD","ROADWAY_CLEARED","ROAD_CONDITION","SCH_BUS_IND","SCH_ZONE_IND","SECONDARY_CRASH","SMALL_TRUCK_COUNT","SPEC_JURIS_CD","SUSP_MINOR_INJ_COUNT","SUSP_SERIOUS_INJ_COUNT","SUV_COUNT","TCD_FUNC_CD","TCD_TYPE","TFC_DETOUR_IND","TIME_OF_DAY","TOTAL_UNITS","TOT_INJ_COUNT","UNBELTED_OCC_COUNT","UNB_DEATH_COUNT","UNB_SUSP_SERIOUS_INJ_COUNT","UNK_INJ_DEG_COUNT","UNK_INJ_PER_COUNT","URBAN_RURAL","VAN_COUNT","VEHICLE_COUNT","WEATHER1","WEATHER2","WORKERS_PRES","WORK_ZONE_IND","WORK_ZONE_LOC","WORK_ZONE_TYPE","WZ_CLOSE_DETOUR","WZ_FLAGGER","WZ_LAW_OFFCR_IND","WZ_LN_CLOSURE","WZ_MOVING","WZ_OTHER","WZ_SHLDER_MDN","WZ_WORKERS_INJ_KILLED"
"2023087828","1813","1","0","0","0","0","0","0","0","0","1","0","","14","8","2023","5","41.07183","-77.59732","1751","2","0","0","0","0","0","0","0","0","","0","0","0","","","2","","1","","41 04:18.589","1","0","77 35:50.351","3","0","0","0","14213","0","0","0","N","0","0","0","3","68G07","0","","1.0","1905.0","1","N","N","N","1","","2","0","0","","0","N","","2","2","0","0","0","0","0","1","0","2","03","","","N","","","","","","","","","",""
"2023114531","1720","2","0","0","0","0","0","0","0","0","1","0","","14","12","2023","5","40.803509","-77.866623","1718","2","0","0","0","0","0","0","0","0","","0","0","0","","","0","N","1","","40 48:12.632","","0","77 51:59.842","0","0","0","0","14410","0","0","0","N","0","0","0","6","14410","0","","1.0","","1","N","N","N","0","","0","0","1","","2","","","3","0","0","0","0","0","0","1","0","3","03","","","N","","","","","","","","","",""
"2023113946","1624","1","0","0","0","0","0","0","0","0","1","1","","14","12","2023","5","40.781484","-77.734041","1611","2","0","0","0","0","0","0","0","0","","0","1","0","","","0","N","0","","40 46:53.341","","0","77 44:02.546","9","0","0","0","14210","0","0","0","N","0","0","0","2","14410","0","","1.0","","1","N","N","N","0","","0","0","0","","0","","","2","0","0","0","0","0","1","1","0","2","04","","","N","","","","","","","","","",""
"2023094271","0732","0","0","0","0","0","0","0","0","0","4","1","","14","10","2023","6","40.811721","-77.829115","0726","2","0","0","0","0","0","1","0","0","","0","0","0","","","0","","1","","40 48:42.196","3","2","77 49:44.815","0","0","0","0","14204","0","0","0","N","0","0","0","2","14410","0","","1.0","844.0","9","N","N","N","1","","0","0","0","","2","N","","2","0","0","0","0","0","0","2","1","2","07","04","","N","","","","","","","","","",""
"2023097602","1015","0","0","0","0","0","0","0","0","0","7","0","","14","10","2023","3","40.838257","-77.803479","1012","2","0","0","0","0","0","0","0","0","","0","0","0","","","0","","2","","40 50:17.725","","7","77 48:12.526","0","0","0","0","14204","0","0","0","N","0","0","0","1","14410","0","","5.0","","1","N","N","N","0","","0","0","1","","0","","","1","0","0","0","0","0","0","2","0","1","03","03","","N","","","","","","","","","",""
"2023097816","0303","1","0","0","0","0","0","0","0","0","98","0","","14","10","2023","4","40.814001","-77.704452","0253","2","0","0","0","0","0","0","0","0","","0","0","0","","","0","N","0","","40 48:50.404","","0","77 42:16.027","0","0","0","0","14218","0","0","0","N","0","0","0","1","68G07","0","","1.0","","1","N","N","N","0","","0","0","0","","0","","","1","0","0","0","0","0","0","1","0","1","03","","","N","","","","","","","","","",""
"2023091916","0600","0","0","0","0","0","0","0","0","0","4","1","","14","10","2023","6","40.878629","-77.727211","0554","2","0","0","0","0","0","1","1","0","","0","1","0","","","0","N","0","","40 52:43.063","5","7","77 43:37.960","0","0","0","0","14221","0","0","0","N","0","0","0","3","14221","0","","1.0","716.0","1","Y","N","N","0","","0","0","1","","0","N","","2","0","0","0","0","0","0","1","0","2","03","","","N","","","","","","","","","",""
"2023097529","1245","1","0","0","0","0","0","0","0","0","7","0","","14","10","2023","1","40.868155","-77.860519","1234","2","0","0","0","0","0","0","0","0","","0","0","0","","","0","N","0","","40 52:05.358","2","0","77 51:37.868","0","0","0","0","14201","0","0","0","N","0","0","0","1","68G07","0","","4.0","1330.0","9","N","N","N","0","","0","0","0","","0","N","","1","0","0","0","0","0","0","1","0","1","07","","","N","","","","","","","","","",""
"2023096804","1240","1","0","0","0","0","0","0","0","0","6","0","","14","10","2023","1","40.806941","-77.891871","1238","2","0","0","0","0","0","1","1","0","","0","0","0","","","0","N","0","","40 48:24.989","","7","77 53:30.735","0","0","0","0","14206","0","0","0","N","0","0","0","2","14206","0","","4.0","","1","N","N","N","0","","0","0","1","","0","","","2","0","0","0","0","0","0","2","0","2","03","03","","N","","","","","","","","","",""
"2023096548","0846","2","0","0","0","0","0","0","0","0","4","0","","14","10","2023","7","40.809114","-77.905489","0842","2","0","0","0","0","0","0","0","0","","0","0","0","","","2","","1","","40 48:32.810","4","0","77 54:19.760","8","0","0","0","14216","0","0","0","N","0","0","0","6","14216","0","","1.0","930.0","1","N","N","N","0","","0","0","0","","2","N","","2","2","0","0","0","2","0","2","0","2","04","","","N","","","","","","","","","",""
"2023097060","2245","0","0","0","0","0","0","0","0","0","98","0","","14","10","2023","6","40.878094","-77.628115","2241","2","0","0","0","0","0","0","0","0","","0","0","0","","","0","N","0","","40 52:41.138","3","0","77 37:41.215","0","0","0","0","14207","0","0","0","N","0","0","0","1","68G07","0","","1.0","2340.0","1","N","N","N","1","","0","0","0","","0","N","","1","0","0","0","0","0","0","1","0","1","03","","","N","","","","","","","","","",""
"2023098268","2225","1","0","0","0","0","0","0","0","0","98","0","","14","10","2023","4","40.878364","-77.523904","2214","2","0","1","0","0","0","0","0","0","","0","0","0","","","0","N","0","","40 52:42.112","","0","77 31:26.054","0","0","0","0","14217","0","0","0","N","0","0","0","1","68G07","0","","1.0","","1","N","N","N","0","","0","0","0","","0","","","1","0","0","0","0","0","0","1","0","1","03","","","N","","","","","","","","","",""
"2023096857","1700","1","0","0","0","0","0","0","0","0","4","0","","14","10","2023","1","40.811649","-77.922689","1655","2","0","0","0","0","0","0","0","0","","0","0","0","","","0","N","0","","40 48:41.936","","0","77 55:21.680","0","0","0","0","14216","0","0","0","N","0","0","0","3","14216","0","","1.0","","9","N","N","N","0","","0","0","1","","0","","","2","0","0","0","0","0","0","2","0","2","07","07","","N","","","","","","","","","",""
"2023116384","1420","1","0","0","0","0","0","0","0","0","2","0","","14","12","2023","4","40.733932","-77.885815","1418","2","0","0","0","0","0","0","0","1","","0","0","0","","","0","","1","","40 44:02.156","4","0","77 53:08.935","0","0","0","0","14206","0","0","0","N","0","0","0","2","14206","0","","1.0","1447.0","1","N","N","N","1","","0","0","0","","7","N","","2","0","0","0","0","0","0","2","0","2","98","","","N","","","","","","","","","",""
"2023098903","1839","0","0","0","0","0","0","0","0","0","98","0","","14","10","2023","7","40.904938","-78.214915","1813","2","0","0","0","0","0","0","0","0","","0","0","0","","","0","N","0","","40 54:17.777","","0","78 12:53.694","0","0","0","0","14406","0","0","0","N","0","0","0","2","68G07","0","","1.0","","9","N","N","N","0","","0","0","1","","0","","","1","0","0","0","0","0","0","2","0","1","07","","","N","","","","","","","","","",""
"2023098294","0237","1","0","0","0","0","0","0","0","0","98","0","","14","10","2023","3","40.797204","-77.666521","0220","2","0","0","0","0","0","0","0","0","","0","0","0","","","0","N","0","","40 47:49.933","","0","77 39:59.475","0","0","0","0","14218","0","0","0","N","0","0","0","1","68G07","0","","1.0","","1","N","N","N","0","","0","0","0","","0","","","1","0","0","0","0","0","0","1","0","1","03","","","N","","","","","","","","","",""
"2023097062","0153","1","0","0","0","0","0","0","0","0","7","0","","14","10","2023","7","40.986822","-77.588017","0138","2","0","0","0","0","0","0","0","0","","0","0","0","","","0","N","0","","40 59:12.560","1","0","77 35:16.860","0","0","0","0","14224","0","0","0","N","0","0","0","1","68G07","0","","5.0","231.0","1","N","N","N","0","","0","0","0","","0","N","","1","0","0","0","0","0","0","1","0","1","03","","","N","","","","","","","","","",""
"2023097146","1307","2","0","0","0","0","0","0","0","0","1","0","","14","10","2023","2","40.772207","-77.866245","1306","2","0","0","0","0","0","0","0","1","","0","0","0","","","0","N","2","","40 46:19.945","2","0","77 51:58.482","0","0","0","0","14410","0","0","0","N","0","0","0","3","14410","0","","1.0","1328.0","9","N","N","N","0","","0","0","0","","0","N","","2","0","0","0","0","0","0","2","0","2","07","","","N","","","","","","","","","",""
"2023092783","1231","0","0","0","0","0","0","0","0","0","6","1","","14","10","2023","6","40.790767","-77.695107","1214","2","0","0","0","0","0","1","0","1","","0","1","0","","","0","N","0","","40 47:26.761","","0","77 41:42.386","0","0","0","0","14218","0","0","0","Y","0","0","0","2","68G07","0","","1.0","","1","N","N","N","1","","0","0","0","","0","","","2","0","0","0","0","0","0","1","0","2","03","","","N","","","","","","","","","",""
"2023067239","0526","0","0","0","0","0","0","0","0","0","7","0","","14","7","2023","4","40.826048","-77.850008","0521","2","0","0","0","0","0","0","0","0","","0","0","0","","","0","N","0","","40 49:33.773","4","0","77 51:00.029","0","0","0","0","14204","0","0","0","Y","0","0","0","2","14410","0","","5.0","545.0","1","N","N","N","0","","0","0","1","","0","N","","1","0","0","0","0","0","0","1","0","1","03","98","","N","","","","","","","","","",""
"2023098304","2308","1","0","0","0","0","0","0","0","0","98","0","","14","10","2023","3","40.817828","-78.020181","2254","2","0","0","0","0","0","0","0","0","","0","0","0","","","0","N","0","","40 49:04.179","","0","78 01:12.650","0","0","0","0","14225","0","0","0","N","0","0","0","1","68G07","0","","1.0","","1","N","N","N","0","","0","0","0","","0","","","1","0","0","0","0","0","0","1","0","1","03","","","N","","","","","","","","","",""
"2023111391","1455","1","0","0","0","0","0","0","0","0","1","0","","14","12","2023","5","40.86391","-77.733658","1452","2","0","1","0","0","0","1","0","0","","0","0","0","","","1","N","0","","40 51:50.076","5","0","77 44:01.170","8","0","0","0","14221","0","0","0","N","0","0","0","2","14221","0","","1.0","1550.0","1","N","N","N","0","","0","0","0","","0","N","","2","1","0","0","0","1","0","1","1","2","04","","","N","","","","","","","","","",""
"2023118390","1014","0","0","0","0","0","0","0","0","0","4","0","","14","12","2023","5","40.80891","-77.819064","1008","2","0","0","0","0","0","0","0","0","","0","0","0","","","0","","1","","40 48:32.075","","0","77 49:08.629","0","0","0","0","14204","0","0","0","N","0","0","0","3","14410","0","","1.0","","9","N","N","N","0","","0","0","2","","2","","","2","0","0","0","0","0","0","2","0","2","07","04","","N","","","","","","","","","",""
"2023097068","2200","1","0","0","0","0","0","0","0","0","7","0","","14","10","2023","1","40.851261","-77.822508","2150","2","0","0","0","0","0","0","0","0","","0","0","0","","","0","N","0","","40 51:04.540","","0","77 49:21.030","0","0","0","0","14201","0","0","0","N","0","0","0","1","68G07","0","","4.0","","9","N","N","N","0","","0","0","0","","0","","","1","0","0","0","0","0","0","1","0","1","07","","","N","","","","","","","","","",""
"2023090714","1411","0","0","0","0","0","0","0","0","0","0","0","","14","9","2023","3","40.913614","-77.784576","1408","2","0","0","0","0","0","1","0","0","","0","0","0","","","1","N","0","","40 54:49.010","","7","77 47:04.475","8","0","0","0","14401","0","0","0","N","0","0","0","2","14401","0","","9.0","","1","N","N","N","0","","0","0","1","","0","","","1","1","0","0","0","1","0","2","0","1","03","","","N","","","","","","","","","",""
"2023079957","1410","0","0","0","0","0","0","0","0","0","7","0","","14","9","2023","7","40.86195","-78.054759","1400","2","0","0","0","0","0","1","0","0","","0","0","0","","","1","N","0","","40 51:43.019","","0","78 03:17.134","3","0","0","1","14225","0","0","0","N","0","0","0","1","22506","0","","2.0","","3","N","N","N","0","","1","0","0","","0","","","1","1","0","0","0","0","0","1","0","1","03","03","","N","","","","","","","","","",""
"2023092744","0807","0","0","1","0","0","0","0","0","0","0","0","","14","9","2023","4","40.75901","-78.109979","0740","2","0","0","0","0","0","0","0","0","","0","0","0","","","1","N","0","","40 45:32.437","2","0","78 06:35.924","2","0","0","0","14222","0","0","0","N","0","0","0","1","68G07","0","","4.0","845.0","1","N","N","N","1","","0","1","0","","0","N","","1","1","0","0","0","0","0","1","0","1","03","","","N","","","","","","","","","",""
"2023097058","2109","1","0","0","0","0","0","0","0","0","4","0","","14","10","2023","6","40.946872","-77.716719","2103","2","0","0","0","0","0","0","0","0","","0","0","0","","","0","","2","","40 56:48.739","4","2","77 43:00.190","0","0","0","0","14214","0","0","0","N","0","0","0","4","68G07","0","","1.0","45.0","1","N","N","N","1","","0","0","0","","2","N","","2","0","0","0","0","0","0","1","0","2","03","","","N","","","","","","","","","",""
"2023101864","1440","2","0","0","0","0","0","0","0","0","1","0","","14","11","2023","6","40.78493","-77.832238","1440","2","0","0","0","0","0","0","1","0","","0","0","0","","","2","","1","","40 47:05.749","","0","77 49:56.056","4","0","0","0","14204","0","0","0","N","0","0","0","3","14410","2","","1.0","","1","N","N","N","0","","0","0","0","","2","","","2","2","0","0","0","0","0","2","0","2","03","03","","N","","","","","","","","","",""
"2023081113","0840","0","0","0","0","0","0","0","0","0","4","0","","14","9","2023","1","40.940017","-77.728904","0833","2","0","0","0","0","0","0","0","0","","0","0","0","","","3","N","2","","40 56:24.060","5","0","77 43:44.056","3","0","0","0","14221","0","0","0","N","0","0","0","3","14221","0","","1.0","940.0","1","N","N","N","1","","3","0","0","","3","N","","2","3","0","0","0","0","0","1","1","2","03","03","","N","","","","","","","","","",""
"2023111420","1631","0","0","0","0","0","0","0","0","0","98","0","","14","11","2023","3","41.001591","-77.603373","1620","2","0","0","0","0","0","0","0","0","","0","0","0","","","0","N","0","","41 00:05.728","","0","77 36:12.142","0","0","0","0","14214","0","0","0","N","0","0","0","1","68G07","0","","1.0","","1","N","N","N","0","","0","0","1","","0","","","1","0","0","0","0","0","0","1","0","1","03","03","","N","","","","","","","","","",""
"2023109224","1140","1","0","0","0","0","0","0","0","0","4","0","","14","11","2023","2","40.743731","-78.223622","1120","2","0","0","0","0","0","1","1","0","","0","0","0","","","0","N","0","","40 44:37.430","","7","78 13:25.040","0","0","0","0","14222","0","0","0","N","0","0","0","2","68G07","0","","1.0","","1","N","N","N","1","","0","0","0","","3","","","2","0","0","0","0","0","0","1","0","2","03","","","N","","","","","","","","","",""
"2023071187","1727","0","0","0","0","0","0","0","0","0","98","0","","14","7","2023","7","40.880896","-78.064473","1722","2","0","0","0","0","0","0","0","0","","0","0","0","","","1","","2","","40 52:51.226","4","0","78 03:52.103","2","0","1","1","14219","0","0","0","N","0","0","0","1","22506","0","","1.0","1742.0","3","N","N","N","0","","0","1","0","","0","N","","1","1","0","0","0","0","0","1","0","1","98","98","","N","","","","","","","","","",""
"2023104608","2043","1","0","0","0","0","0","0","0","0","1","0","","14","11","2023","6","40.779733","-77.752832","2034","2","0","0","1","0","0","1","0","0","","0","0","0","","","0","N","0","","40 46:47.040","","0","77 45:10.195","0","0","0","0","14210","0","0","0","N","0","0","0","11","14410","0","","1.0","","9","N","N","N","0","","0","0","2","","0","","","3","0","0","0","0","0","0","1","0","3","07","07","","N","","","","","","","","","",""
"2023111443","1755","1","0","0","0","0","0","0","0","0","0","0","","14","11","2023","5","40.778843","-77.79404","1752","2","0","0","0","0","0","0","0","0","","0","0","0","","","1","N","0","","40 46:43.835","3","0","77 47:38.544","3","0","0","0","14210","0","0","0","N","0","0","0","1","14410","0","","1.0","1930.0","1","N","N","N","0","","1","0","0","","0","Y","","1","1","0","0","0","0","0","2","0","1","03","03","","N","","","","","","","","","",""
"2023082604","1454","1","0","0","0","0","0","0","0","0","7","0","","14","7","2023","6","40.784963","-78.05277","1433","2","0","0","0","0","0","0","0","0","","0","0","0","","","1","N","0","","40 47:05.866","","0","78 03:09.973","3","0","0","0","14225","0","0","0","N","0","0","0","1","68G07","0","","4.0","","9","N","N","N","0","","1","0","0","","0","","","1","1","0","0","0","0","0","1","0","1","07","","","N","","","","","","","","","",""
"2023107029","1221","1","0","0","0","0","0","0","0","0","4","0","","14","11","2023","7","40.779417","-77.854278","1220","2","0","0","0","0","0","0","0","0","","0","0","0","","","5","N","0","","40 46:45.900","","7","77 51:15.400","3","0","0","0","14410","0","0","0","N","0","0","0","8","14410","4","","1.0","","1","N","N","N","0","","1","0","1","","0","","","2","5","0","0","0","0","0","2","0","2","03","03","","N","","","","","","","","","",""
"2023099715","1535","0","0","0","0","0","0","0","0","0","4","0","","14","11","2023","1","40.831683","-77.804082","1533","2","0","0","0","0","0","0","0","0","","0","0","0","","","0","N","0","","40 49:54.060","3","7","77 48:14.694","0","0","0","0","14204","0","0","0","N","0","0","0","3","14410","0","","1.0","1555.0","1","N","N","N","0","","0","0","2","","2","N","","2","0","0","0","0","0","0","2","0","2","03","","","N","","","","","","","","","",""
"2023098309","0716","1","0","0","0","0","0","0","0","0","1","0","","14","11","2023","4","40.846094","-77.685358","0704","2","0","0","0","0","0","1","0","0","","0","0","0","","","0","N","0","","40 50:45.938","","0","77 41:07.290","0","0","0","0","14402","0","0","0","N","0","0","0","2","68G07","0","","1.0","","9","N","N","N","1","","0","0","0","","0","","","2","0","0","0","0","0","0","1","0","2","03","03","","N","","","","","","","","","",""
"2023096678","2020","1","0","0","0","0","0","0","0","0","4","0","","14","10","2023","7","40.8094","-77.907993","2018","2","0","0","0","0","2","0","0","0","","0","0","0","","","2","","1","","40 48:33.840","1","0","77 54:28.776","3","0","0","0","14216","0","0","0","N","0","0","0","4","14216","0","","1.0","2115.0","1","N","N","N","0","","2","0","1","","2","N","","2","2","0","0","0","0","0","2","0","2","03","03","","N","","","","","","","","","",""
"2023097533","0716","0","0","0","0","0","0","0","0","0","7","0","","14","10","2023","2","40.82584","-77.84892","0708","2","0","0","0","0","0","0","0","0","","0","0","0","","","0","N","0","","40 49:33.025","","0","77 50:56.113","0","0","0","0","14204","0","0","0","N","0","0","0","1","68G07","0","","3.0","","9","N","N","N","0","","0","0","1","","0","","","1","0","0","0","0","0","0","2","0","1","07","","","N","","","","","","","","","",""
"2023081549","1553","0","0","0","0","0","0","0","0","0","7","0","","14","9","2023","1","40.944706","-78.059907","1545","2","0","0","0","0","0","0","0","1","","0","0","0","","","1","N","0","","40 56:40.943","","0","78 03:35.665","2","0","0","0","14219","0","0","0","N","0","0","0","1","22506","0","","5.0","","3","N","N","N","0","","0","1","0","","0","","","1","1","0","0","0","0","0","1","0","1","03","","","N","","","","","","","","","",""
"2023108952","1716","2","0","0","0","0","0","0","0","0","1","0","","14","11","2023","5","40.808667","-77.863","1709","2","0","0","0","0","0","0","0","0","","0","0","0","","","2","N","0","","40 48:31.200","","0","77 51:46.800","4","0","0","0","14204","0","0","0","N","0","0","0","4","14410","2","","1.0","","1","N","N","N","1","","0","0","0","","0","","","3","2","0","0","0","0","0","2","0","3","03","03","","N","","","","","","","","","",""
"2023101444","1557","1","0","0","0","0","0","0","0","0","1","0","","14","11","2023","5","40.790722","-77.855444","1556","2","0","0","0","0","0","2","0","0","","0","0","0","","","1","N","0","","40 47:26.600","","0","77 51:19.600","3","0","0","0","14410","0","0","0","N","0","0","0","3","14410","0","","1.0","","1","N","N","N","2","","1","0","0","","0","","","3","1","0","0","0","0","0","2","0","3","03","03","","N","","","","","","","","","",""
"2023098968","1754","1","0","0","0","0","0","0","0","0","7","0","","14","11","2023","5","40.931901","-77.828821","1742","2","0","0","0","0","0","0","0","0","","0","0","0","","","0","N","0","","40 55:54.843","6","0","77 49:43.755","0","0","0","0","14223","0","0","0","N","0","0","0","1","68G07","0","","5.0","1815.0","1","N","N","N","0","","0","0","0","","0","N","","1","0","0","0","0","0","0","1","0","1","03","","","N","","","","","","","","","",""
"2023097693","1735","0","0","0","0","0","0","0","0","0","0","0","","14","10","2023","3","40.797429","-77.873656","1725","2","0","0","0","0","2","0","0","0","","0","0","0","","","1","N","0","","40 47:50.744","1","0","77 52:25.160","3","0","0","1","14410","0","0","0","N","0","0","0","5","14410","0","","1.0","1752.0","1","N","N","N","0","","1","0","1","","0","N","","2","1","0","0","0","0","0","2","0","2","03","","","N","","","","","","","","","",""
"2023100530","1150","0","0","0","0","0","0","0","0","0","7","0","","14","11","2023","3","40.779817","-77.751222","1146","2","0","0","0","0","0","0","1","0","","0","0","0","","","1","N","0","","40 46:47.340","","0","77 45:04.400","3","0","0","0","14210","0","0","0","Y","0","0","0","1","14410","0","","5.0","","1","N","N","N","0","","1","0","0","","0","","","1","1","0","0","0","0","0","1","1","1","03","03","","N","","","","","","","","","",""
"2023110501","1734","1","0","0","0","0","0","0","0","0","1","0","","14","12","2023","3","40.804662","-77.844354","1728","2","0","0","0","0","0","1","0","0","","0","0","0","","","0","N","0","","40 48:16.783","","0","77 50:39.674","0","0","0","0","14410","0","0","0","N","0","0","0","2","14410","0","","1.0","","9","N","N","N","0","","0","0","1","","0","","","2","0","0","0","0","0","0","2","0","2","07","","","N","","","","","","","","","",""
"2023102061","2300","2","0","0","0","0","0","0","0","0","4","0","","14","11","2023","6","40.792802","-77.846011","2255","2","0","0","0","0","1","0","0","0","","0","0","0","","","0","","1","","40 47:34.088","","0","77 50:45.641","0","0","0","0","14410","0","0","0","N","0","0","0","5","14410","0","","1.0","","1","N","N","N","0","","0","0","0","","3","","","2","0","1","0","0","0","0","2","0","2","03","03","","N","","","","","","","","","",""
"2023105751","1003","0","0","0","0","0","0","0","0","0","8","0","","14","11","2023","5","40.913167","-77.73875","0955","2","0","0","0","0","0","0","1","0","","0","0","0","","","1","N","0","","40 54:47.400","","7","77 44:19.500","8","0","0","0","14221","1","0","0","N","1","0","0","2","14221","0","","1.0","","1","N","N","N","0","","0","0","0","","0","","","2","1","0","0","0","1","0","1","1","1","03","03","","N","","","","","","","","","",""
"2023109249","0716","0","0","0","0","0","0","0","0","0","0","0","","14","11","2023","3","40.900242","-77.886121","0656","2","0","0","0","0","1","0","0","0","","0","0","0","","","2","N","0","","40 54:00.871","","0","77 53:10.036","3","0","0","0","14223","0","0","0","N","0","0","0","2","68G07","1","","5.0","","2","N","N","N","1","","1","0","0","","0","","","1","2","0","0","0","0","0","1","0","1","10","","","N","","","","","","","","","",""
"2023102994","0041","0","0","0","0","0","0","0","0","0","98","0","","14","11","2023","7","40.811339","-78.041621","0046","2","0","0","0","0","0","0","0","0","","0","0","0","","","0","N","0","","40 48:40.822","","0","78 02:29.834","0","0","0","0","14225","0","0","0","N","0","0","0","1","68G07","0","","1.0","","1","N","N","N","0","","0","0","1","","0","","","1","0","0","0","0","0","0","1","0","1","03","","","N","","","","","","","","","",""
"2023090325","2022","1","0","0","0","0","0","0","0","0","4","0","","14","10","2023","3","40.832111","-77.805222","2019","2","0","0","0","0","0","0","1","0","","0","0","0","","","0","","2","","40 49:55.600","","7","77 48:18.800","0","0","0","0","14204","0","0","0","N","0","0","0","3","14410","0","","1.0","","1","N","N","N","1","","0","0","0","","0","","","2","0","0","0","0","0","0","2","0","2","03","03","","N","","","","","","","","","",""
"2023092855","0808","1","0","0","0","0","0","0","0","0","1","0","","14","10","2023","2","40.902722","-77.75975","0804","2","0","0","0","0","0","0","0","0","","0","0","0","","","0","Y","0","","40 54:09.800","5","0","77 45:35.100","0","0","0","0","14221","0","0","0","N","0","0","0","2","14221","0","","1.0","846.0","1","N","N","N","1","","0","0","0","","0","N","","2","0","0","0","0","0","0","1","0","2","04","","","N","","","","","","","","","",""
"2023104570","1834","1","0","0","0","0","0","0","0","0","7","0","","14","11","2023","6","40.792867","-77.867201","1828","2","0","0","0","0","0","0","0","0","","0","0","0","","","1","N","0","","40 47:34.322","1","0","77 52:01.922","4","0","0","0","14410","0","0","0","N","0","0","0","2","14410","1","","3.0","1912.0","9","N","N","N","0","","0","0","0","","0","N","","1","1","1","0","0","0","0","2","0","1","07","","","N","","","","","","","","","",""
"2023102930","1541","0","0","0","0","0","0","0","0","0","6","0","","14","10","2023","7","41.106022","-77.694376","1457","2","0","0","0","0","0","1","0","0","","0","0","0","","","0","N","0","","41 06:21.679","","0","77 41:39.755","0","0","0","0","14213","0","0","0","N","0","0","0","2","68G07","0","","1.0","","1","N","N","N","1","","0","0","1","","0","","","2","0","0","0","0","0","0","1","0","2","03","","","N","","","","","","","","","",""
"2023101246","1750","2","0","0","0","0","0","0","0","0","1","0","","14","11","2023","3","40.860851","-77.558511","1736","2","1","0","0","0","0","0","0","0","","0","0","0","","","0","","2","","40 51:39.064","4","0","77 33:30.639","0","0","0","0","14207","0","0","0","N","0","0","0","2","68G07","0","","1.0","100.0","1","N","N","N","0","","0","0","0","","0","N","","2","0","0","0","0","0","0","1","0","2","03","","","N","","","","","","","","","",""
"2023096761","0540","1","0","0","0","0","0","0","0","0","7","0","","14","10","2023","1","40.789167","-77.857417","0537","2","0","0","0","0","0","0","0","0","","0","0","0","","","0","N","0","","40 47:21.000","","0","77 51:26.700","0","0","0","0","14410","0","0","0","N","0","0","0","1","14410","0","","5.0","","9","N","N","N","0","","0","0","0","","0","","","1","0","0","0","0","0","0","2","0","1","07","07","","N","","","","","","","","","",""
"2023109508","0831","0","0","0","0","0","0","0","0","0","7","0","","14","12","2023","6","40.792318","-77.623944","0826","2","0","0","0","0","0","0","0","0","","0","0","0","","","0","N","0","","40 47:32.345","","0","77 37:26.199","0","0","0","0","14218","0","0","0","N","0","0","0","1","68G07","0","","3.0","","1","N","N","N","0","","0","0","1","","0","","","1","0","0","0","0","0","0","1","0","1","03","03","","N","","","","","","","","","",""
"2023109949","1624","0","0","0","0","0","0","0","0","0","7","0","","14","11","2023","7","40.908167","-77.790694","1616","2","0","0","0","0","0","0","0","0","","0","0","0","","","0","N","0","","40 54:29.400","6","0","77 47:26.500","0","0","0","0","14221","0","0","0","N","0","0","0","1","14221","0","","5.0","1659.0","1","N","N","N","0","","0","0","1","","0","N","","2","0","0","0","0","0","0","2","1","2","03","","","N","","","","","","","","","",""