"CRN","ARRIVAL_TM","AUTOMOBILE_COUNT","BELTED_DEATH_COUNT","BELTED_SUSP_SERIOUS_INJ_COUNT","BICYCLE_COUNT","BICYCLE_DEATH_COUNT","BICYCLE_SUSP_SERIOUS_INJ_COUNT","BUS_COUNT","CHLDPAS_DEATH_COUNT","CHLDPAS_SUSP_SERIOUS_INJ_COUNT","COLLISION_TYPE","COMM_VEH_COUNT","CONS_ZONE_SPD_LIM","COUNTY","CRASH_MONTH","CRASH_YEAR","DAY_OF_WEEK","DEC_LATITUDE","DEC_LONGITUDE","DISPATCH_TM","DISTRICT","DRIVER_COUNT_16YR","DRIVER_COUNT_17YR","DRIVER_COUNT_18YR","DRIVER_COUNT_19YR","DRIVER_COUNT_20YR","DRIVER_COUNT_50_64YR","DRIVER_COUNT_65_74YR","DRIVER_COUNT_75PLUS","EST_HRS_CLOSED","FATAL_COUNT","HEAVY_TRUCK_COUNT","HORSE_BUGGY_COUNT","HOUR_OF_DAY","ILLUMINATION","INJURY_COUNT","INTERSECTION_RELATED","INTERSECT_TYPE","LANE_CLOSED","LATITUDE","LN_CLOSE_DIR","LOCATION_TYPE","LONGITUDE","MAX_SEVERITY_LEVEL","MCYCLE_DEATH_COUNT","MCYCLE_SUSP_SERIOUS_INJ_COUNT","MOTORCYCLE_COUNT","MUNICIPALITY","NONMOTR_COUNT","NONMOTR_DEATH_COUNT","NONMOTR_SUSP_SERIOUS_INJ_COUNT","NTFY_HIWY_MAINT","PED_COUNT","PED_DEATH_COUNT","PED_SUSP_SERIOUS_INJ_COUNT","PERSON_COUNT","POLICE_AGCY","POSSIBLE_INJ_COUNT","RDWY_SURF_TYPE_CD","RELATION_TO_ROAD","ROADWAY_CLEARED","ROAD_CONDITION","SCH_BUS_IND","SCH_ZONE_IND","SECONDARY_CRASH","SMALL_TRUCK_COUNT","SPEC_JURIS_CD","SUSP_MINOR_INJ_COUNT","SUSP_SERIOUS_INJ_COUNT","SUV_COUNT","TCD_FUNC_CD","TCD_TYPE","TFC_DETOUR_IND","TIME_OF_DAY","TOTAL_UNITS","TOT_INJ_COUNT","UNBELTED_OCC_COUNT","UNB_DEATH_COUNT","UNB_SUSP_SERIOUS_INJ_COUNT","UNK_INJ_DEG_COUNT","UNK_INJ_PER_COUNT","URBAN_RURAL","VAN_COUNT","VEHICLE_COUNT","WEATHER1","WEATHER2","WORKERS_PRES","WORK_ZONE_IND","WORK_ZONE_LOC","WORK_ZONE_TYPE","WZ_CLOSE_DETOUR","WZ_FLAGGER","WZ_LAW_OFFCR_IND","WZ_LN_CLOSURE","WZ_MOVING","WZ_OTHER","WZ_SHLDER_MDN","WZ_WORKERS_INJ_KILLED"
"2023102863","1614","0","0","0","0","0","0","0","0","0","4","0","","14","11","2023","2","40.796749","-77.872483","1610","2","0","0","0","0","0","1","0","0","","0","0","0","","","0","","1","","40 47:48.298","","0","77 52:20.938","0","0","0","0","14410","0","0","0","N","0","0","0","2","14410","0","","1.0","","1","N","N","N","0","","0","0","2","","2","","","2","0","0","0","0","0","0","2","0","2","03","03","","N","","","","","","","","","",""
"2023105401","0930","0","0","0","0","0","0","0","0","0","7","0","","14","11","2023","1","40.793472","-77.922611","0915","2","0","0","0","0","0","0","0","0","","0","0","0","","","0","N","0","","40 47:36.500","","0","77 55:21.400","0","0","0","0","14216","0","0","0","N","0","0","0","1","14216","0","","5.0","","1","N","N","N","0","","0","0","1","","0","","","1","0","0","0","0","0","0","2","0","1","03","03","","N","","","","","","","","","",""
"2023101759","1803","0","0","1","0","0","0","0","0","0","2","0","","14","11","2023","4","40.937646","-77.80617","1748","2","1","0","0","0","0","2","0","0","","0","0","0","","","3","N","0","","40 56:15.525","5","0","77 48:22.213","2","0","0","0","14202","0","0","0","N","0","0","0","7","68G07","0","","1.0","1846.0","1","N","N","N","0","","2","1","3","","0","N","","3","3","0","0","0","0","0","1","0","3","03","","","N","","","","","","","","","",""
"2023101095","1640","1","0","0","0","0","0","0","0","0","4","0","","14","11","2023","4","40.811693","-77.829226","1634","2","0","0","0","0","1","0","0","1","","0","0","0","","","3","","2","","40 48:42.096","3","2","77 49:45.215","3","0","0","0","14204","0","0","0","N","0","0","0","3","14410","0","","1.0","1645.0","1","N","N","N","0","","3","0","1","","2","N","","2","3","0","0","0","0","0","2","0","2","03","03","","N","","","","","","","","","",""
"2023102619","1941","0","0","0","0","0","0","0","0","0","7","0","","14","11","2023","7","40.792389","-77.845556","1940","2","0","1","0","0","0","0","0","0","","0","0","0","","","2","N","0","","40 47:32.600","1","0","77 50:44.000","3","0","0","0","14410","0","0","0","N","0","0","0","2","14410","1","","5.0","2020.0","1","N","N","Y","0","","1","0","1","","0","N","","1","2","1","0","0","0","0","2","0","1","03","","","N","","","","","","","","","",""
"2023107881","1738","1","0","0","0","0","0","0","0","0","5","0","","14","11","2023","7","40.953155","-77.693183","1730","2","0","0","0","1","0","1","0","0","","0","0","0","","","0","N","0","","40 57:11.358","","0","77 41:35.459","0","0","0","0","14214","0","0","0","N","0","0","0","6","68G07","0","","1.0","","1","N","N","N","0","","0","0","0","","0","","","2","0","0","0","0","0","0","1","1","2","03","","","N","","","","","","","","","",""
"2023102062","2136","0","0","0","0","0","0","0","0","0","8","0","","14","11","2023","6","40.796472","-77.856259","2135","2","0","0","1","0","0","0","0","0","","0","0","0","","","1","","2","","40 47:47.300","","0","77 51:22.531","3","0","0","0","14410","1","0","0","N","1","0","0","2","14410","0","","1.0","","1","N","N","N","0","","1","0","1","","3","","","2","1","0","0","0","0","0","2","0","1","03","98","","N","","","","","","","","","",""
"2023085392","0832","0","0","0","0","0","0","0","0","0","7","0","","14","9","2023","3","40.781139","-77.830972","0827","2","0","1","0","0","0","0","0","0","","0","0","0","","","0","Y","0","","40 46:52.100","6","0","77 49:51.500","0","0","0","0","14204","0","0","0","Y","0","0","0","1","14410","0","","5.0","920.0","9","N","N","Y","0","","0","0","0","","0","Y","","1","0","0","0","0","0","0","1","1","1","07","04","","N","","","","","","","","","",""
"2023103688","1456","1","0","0","0","0","0","0","0","0","1","0","","14","11","2023","4","40.789389","-77.852833","1455","2","0","0","0","0","0","0","0","0","","0","0","0","","","2","N","0","","40 47:21.800","","0","77 51:10.200","8","0","0","0","14410","0","0","0","N","0","0","0","2","14410","0","","1.0","","1","N","N","N","1","","0","0","0","","8","","","2","2","0","0","0","2","0","2","0","2","03","03","","N","","","","","","","","","",""
"2023100533","1222","1","0","0","0","0","0","0","0","0","1","0","","14","11","2023","3","40.792908","-77.86366","1215","2","0","0","0","1","0","0","0","0","","0","0","0","","","0","N","0","","40 47:34.469","","0","77 51:49.176","0","0","0","0","14410","0","0","0","N","0","0","0","3","14410","0","","1.0","","1","N","N","N","0","","0","0","1","","2","","","2","0","0","0","0","0","0","2","0","2","03","","","N","","","","","","","","","",""
"2023096611","1854","0","0","0","1","0","0","0","0","0","8","0","","14","10","2023","6","40.798583","-77.857917","1849","2","0","0","0","0","0","1","0","0","","0","0","0","","","1","","2","","40 47:54.900","","0","77 51:28.500","3","0","0","0","14410","1","0","0","N","0","0","0","2","14501","0","","1.0","","1","N","N","N","0","","1","0","1","","0","","","2","1","0","0","0","0","0","2","0","1","03","","","N","","","","","","","","","",""
"2023083076","1910","3","0","0","0","0","0","0","0","0","4","0","","14","9","2023","3","40.787778","-77.894193","1905","2","0","0","0","0","1","0","0","0","","0","0","0","","","0","N","0","","40 47:16.000","4","0","77 53:39.096","0","0","0","0","14206","0","0","0","N","0","0","0","1","14206","0","","1.0","1950.0","1","N","N","N","0","","0","0","0","","0","N","","3","0","0","0","0","0","0","2","0","3","03","03","","N","","","","","","","","","",""
"2023103502","0514","1","0","0","0","0","0","0","0","0","7","0","","14","11","2023","6","40.827085","-77.842711","0512","2","0","0","0","0","0","0","0","0","","0","0","0","","","0","N","0","","40 49:37.506","","3","77 50:33.759","0","0","0","0","14204","0","0","0","Y","0","0","0","2","68G07","0","","3.0","","1","N","N","N","0","","0","0","0","","0","","","1","0","0","0","0","0","0","1","0","1","03","","","N","","","","","","","","","",""
"2023104237","1821","1","0","0","0","0","0","0","0","0","4","0","","14","11","2023","3","40.757364","-78.11241","1803","2","0","0","0","0","0","1","0","0","","0","0","0","","","1","","2","","40 45:26.509","6","0","78 06:44.676","3","0","0","0","14222","0","0","0","N","0","0","0","2","68G07","0","","1.0","1906.0","1","N","N","N","0","","1","0","0","","0","Y","","2","1","1","0","0","0","0","1","0","2","03","","","N","","","","","","","","","",""
"2023109255","1717","1","0","0","0","0","0","0","0","0","1","0","","14","11","2023","4","40.882591","-77.780026","1717","2","0","0","0","0","0","2","0","0","","0","0","0","","","1","N","0","","40 52:57.327","5","0","77 46:48.092","3","0","0","0","14201","0","0","0","N","0","0","0","4","68G07","0","","1.0","1820.0","1","N","N","N","0","","1","0","3","","0","Y","","4","1","0","0","0","0","0","2","0","4","03","","","N","","","","","","","","","",""
"2023108360","1341","0","0","0","0","0","0","0","0","0","4","0","","14","11","2023","4","40.784721","-77.841923","1339","2","0","0","0","0","0","0","0","0","","0","0","0","","","0","","3","","40 47:04.996","","7","77 50:30.923","0","0","0","0","14410","0","0","0","N","0","0","0","2","14410","0","","1.0","","1","N","N","N","0","","0","0","2","","0","","","2","0","0","0","0","0","0","2","0","2","03","03","","N","","","","","","","","","",""
"2023104344","1308","1","0","0","0","0","0","0","0","0","4","0","","14","11","2023","5","40.801738","-77.886932","1300","2","0","0","0","0","0","0","1","0","","0","0","0","","","0","","2","","40 48:06.256","","0","77 53:12.955","0","0","0","0","14206","0","0","0","N","0","0","0","2","14206","0","","1.0","","1","N","N","N","0","","0","0","1","","3","","","2","0","0","0","0","0","0","2","0","2","03","","","N","","","","","","","","","",""
"2023102068","1742","1","0","0","0","0","0","0","0","0","4","0","","14","11","2023","6","40.80891","-77.819064","1731","2","0","0","0","0","0","1","0","0","","0","0","0","","","0","","1","","40 48:32.075","","0","77 49:08.629","0","0","0","0","14204","0","0","0","N","0","0","0","2","14410","0","","1.0","","1","N","N","N","0","","0","0","1","","2","","","2","0","0","0","0","0","0","2","0","2","03","03","","N","","","","","","","","","",""
"2023105266","0907","1","0","0","0","0","0","0","0","0","4","0","","14","11","2023","1","40.804294","-77.861489","0906","2","0","0","0","0","0","0","0","0","","0","0","0","","","0","","1","","40 48:15.458","1","0","77 51:41.360","0","0","0","0","14410","0","0","0","N","0","0","0","2","14501","0","","1.0","950.0","1","N","N","N","0","","0","0","1","","3","N","","2","0","0","0","0","0","0","2","0","2","03","03","","N","","","","","","","","","",""
"2023101400","1103","1","0","0","0","0","0","0","0","0","7","0","","14","11","2023","5","40.795472","-77.926083","1051","2","0","0","0","0","0","0","0","0","","0","0","0","","","1","N","0","","40 47:43.700","","0","77 55:33.900","3","0","0","0","14216","0","0","0","N","0","0","0","1","14216","0","","5.0","","9","N","N","N","0","","1","0","0","","0","","","1","1","0","0","0","0","0","1","0","1","03","","","N","","","","","","","","","",""
"2023119097","1317","0","0","0","0","0","0","0","0","0","7","0","","14","12","2023","1","40.80925","-77.818889","1317","2","0","0","0","0","0","0","0","0","","0","0","0","","","0","N","0","","40 48:33.300","1","0","77 49:08.000","0","0","0","0","14204","0","0","0","N","0","0","0","2","14410","0","","4.0","1359.0","1","N","N","N","0","","0","0","2","","0","N","","2","0","0","0","0","0","0","2","0","2","03","","","N","","","","","","","","","",""
"2023103549","0038","0","0","0","0","0","0","0","0","0","7","0","","14","11","2023","3","40.801909","-77.721787","0017","2","0","0","0","0","0","0","0","0","","0","0","0","","","0","N","0","","40 48:06.873","4","0","77 43:18.432","0","0","0","0","14218","0","0","0","Y","0","0","0","2","68G07","0","","4.0","106.0","1","N","N","N","0","","0","0","1","","0","N","","1","0","0","0","0","0","0","1","0","1","03","","","N","","","","","","","","","",""
"2023115342","2300","0","0","0","0","0","0","0","0","0","7","0","","14","12","2023","2","40.80803","-77.896402","2252","2","0","0","0","0","0","0","0","0","","0","0","0","","","0","N","0","","40 48:28.908","","0","77 53:47.046","0","0","0","0","14216","0","0","0","N","0","0","0","1","14216","0","","5.0","","9","N","N","N","0","","0","0","1","","0","","","1","0","0","0","0","0","0","2","0","1","03","03","","N","","","","","","","","","",""
"2023101859","1420","2","0","0","0","0","0","0","0","0","4","0","","14","11","2023","6","40.809718","-77.909692","1412","2","0","0","0","1","0","0","0","0","","0","0","0","","","1","N","0","","40 48:34.983","4","7","77 54:34.891","8","0","0","0","14216","0","0","0","N","0","0","0","3","14216","0","","1.0","1500.0","1","N","N","N","0","","0","0","0","","0","N","","2","1","0","0","0","1","0","2","0","2","03","","","N","","","","","","","","","",""
"2023103515","1650","1","0","0","0","0","0","0","0","0","7","0","","14","11","2023","7","40.970277","-78.070194","1631","2","0","0","0","0","0","0","0","0","","0","0","0","","","0","N","0","","40 58:12.996","4","0","78 04:12.699","0","0","0","0","14219","0","0","0","N","0","0","0","1","68G07","0","","5.0","1740.0","1","N","N","N","0","","0","0","0","","0","N","","1","0","0","0","0","0","0","1","0","1","03","03","","N","","","","","","","","","",""
"2023097830","1050","0","0","0","0","0","0","0","0","0","1","0","","14","10","2023","6","40.9746","-77.642097","1039","2","0","0","0","0","0","1","0","0","","0","0","0","","","1","N","0","","40 58:28.560","1","0","77 38:31.550","3","0","0","0","14214","0","0","0","N","0","0","0","2","68G07","0","","1.0","1130.0","1","N","N","N","0","","1","0","0","","0","N","","2","1","0","0","0","0","0","1","0","2","03","","","N","","","","","","","","","",""
"2023110500","1850","0","0","0","0","0","0","0","0","0","4","0","","14","12","2023","3","40.797592","-77.887536","1844","2","0","1","0","0","0","0","0","0","","0","0","0","","","1","","1","","40 47:51.331","3","0","77 53:15.129","8","0","0","0","14206","0","0","0","N","0","0","0","3","14206","0","","1.0","1930.0","9","N","N","N","0","","0","0","2","","2","Y","","2","1","0","0","0","1","0","2","0","2","03","","","N","","","","","","","","","",""
"2023113552","1604","0","0","0","0","0","0","0","0","0","0","0","","14","12","2023","4","40.729694","-78.041083","1548","2","0","0","0","0","0","0","0","0","","0","0","0","","","0","N","0","","40 43:46.900","3","0","78 02:27.900","0","0","0","0","14206","0","0","0","N","0","0","0","1","14206","0","","1.0","1628.0","1","N","N","N","0","","0","0","1","","0","N","","1","0","0","0","0","0","0","1","0","1","03","","","N","","","","","","","","","",""
"2023092741","0836","0","0","0","0","0","0","0","0","0","4","0","","14","10","2023","3","40.801738","-77.886932","0833","2","0","0","0","0","1","0","0","0","","0","0","0","","","0","","2","","40 48:06.256","","7","77 53:12.955","0","0","0","0","14206","0","0","0","N","0","0","0","2","14206","0","","1.0","","1","N","N","N","0","","0","0","2","","3","","","2","0","0","0","0","0","0","2","0","2","03","","","N","","","","","","","","","",""
"2023112094","1446","0","0","0","0","0","0","0","0","0","8","0","","14","11","2023","5","40.826861","-77.80875","1442","2","0","0","0","0","0","1","0","0","","0","0","0","","","1","N","0","","40 49:36.700","","7","77 48:31.500","3","0","0","0","14204","1","0","0","N","1","0","0","2","14410","0","","1.0","","1","N","N","N","1","","1","0","0","","0","","","2","1","0","0","0","0","0","2","0","1","03","","","N","","","","","","","","","",""
"2023109867","0800","1","0","0","0","0","0","0","0","0","8","0","","14","11","2023","3","40.946754","-77.43774","0753","2","0","0","0","0","0","1","0","0","","0","0","1","","","1","","2","","40 56:48.314","","0","77 26:15.864","3","0","0","0","14215","2","0","0","N","0","0","0","3","68G07","0","","1.0","","9","N","N","N","0","","1","0","0","","3","","","2","1","0","0","0","0","0","1","0","1","02","","","N","","","","","","","","","",""
"2023104431","1504","1","0","0","0","0","0","0","0","0","4","0","","14","11","2023","5","40.80411","-77.885195","1500","2","0","0","0","0","0","0","1","1","","0","0","0","","","1","N","0","","40 48:14.796","","7","77 53:06.702","3","0","0","0","14206","0","0","0","Y","0","0","0","2","14206","0","","1.0","","1","N","N","N","0","","1","0","1","","0","","","2","1","0","0","0","0","0","2","0","2","03","03","","N","","","","","","","","","",""
"2023115323","2154","0","0","0","0","0","0","0","0","0","7","0","","14","12","2023","2","40.771634","-77.864135","2149","2","0","0","0","0","0","0","0","0","","0","0","0","","","2","","2","","40 46:17.882","","0","77 51:50.886","3","0","0","0","14410","0","0","0","N","0","0","0","2","14410","0","","5.0","","1","N","N","N","0","","2","0","1","","3","","","1","2","0","0","0","0","0","2","0","1","03","03","","N","","","","","","","","","",""
"2023102942","1640","1","0","0","0","0","0","0","0","0","7","0","","14","10","2023","3","40.826222","-78.054483","1617","2","0","0","0","0","0","0","1","0","","0","0","0","","","1","N","0","","40 49:34.400","","0","78 03:16.140","3","0","0","0","14225","0","0","0","N","0","0","0","1","68G07","0","","5.0","","1","N","N","N","0","","1","0","0","","0","","","1","1","0","0","0","0","0","1","0","1","03","","","N","","","","","","","","","",""
"2023111630","2250","0","0","0","0","0","0","0","0","0","1","0","","14","11","2023","2","41.000798","-77.986358","2212","2","0","0","0","0","0","0","0","0","","0","0","0","","","0","N","0","","41 00:02.872","","0","77 59:10.890","9","0","0","0","14220","0","0","0","N","0","0","0","2","68G07","0","","2.0","","1","N","N","N","0","","0","0","0","","0","","","2","0","0","0","0","0","1","1","1","2","03","","","N","","","","","","","","","",""
"2023105070","1836","1","0","0","0","0","0","0","0","0","4","0","","14","11","2023","1","40.826417","-77.892944","1830","2","0","0","0","0","0","0","0","0","","0","0","0","","","0","N","0","","40 49:35.100","","0","77 53:34.600","0","0","0","0","14216","0","0","0","N","0","0","0","1","14216","0","","6.0","","1","N","N","N","0","","0","0","0","","0","","","2","0","0","0","0","0","0","2","1","2","03","03","","N","","","","","","","","","",""
"2023106220","1720","1","0","0","0","0","0","0","0","0","1","0","","14","11","2023","6","40.941798","-77.726305","1716","2","0","0","0","0","0","1","0","0","","0","0","0","","","1","N","0","","40 56:30.471","1","0","77 43:34.698","4","0","0","0","14221","0","0","0","N","0","0","0","4","14221","1","","1.0","1840.0","1","N","N","N","2","","0","0","0","","0","N","","3","1","0","0","0","0","0","1","0","3","03","","","N","","","","","","","","","",""
"2023103661","1330","1","0","0","0","0","0","0","0","0","1","0","","14","11","2023","7","40.836012","-77.801083","1324","2","0","0","0","0","0","1","0","0","","0","0","0","","","2","","1","","40 50:09.642","","0","77 48:03.899","3","0","0","0","14204","0","0","0","N","0","0","0","3","14410","0","","1.0","","1","N","N","N","0","","2","0","1","","2","","","2","2","0","0","0","0","0","2","0","2","03","03","","N","","","","","","","","","",""
"2023098589","1110","1","0","0","0","0","0","0","0","0","4","0","","14","11","2023","5","40.795501","-77.852775","1100","2","0","0","1","0","0","0","0","0","","0","0","0","","","0","","1","","40 47:43.803","","0","77 51:09.990","0","0","0","0","14410","0","0","0","N","0","0","0","3","14410","0","","1.0","","1","N","N","N","0","","0","0","1","","3","","","2","0","0","0","0","0","0","2","0","2","03","03","","N","","","","","","","","","",""
"2023103671","1242","0","0","0","0","0","0","0","0","0","5","0","","14","11","2023","1","40.789787","-77.867794","1239","2","0","0","0","0","1","1","0","0","","0","0","0","","","0","N","0","","40 47:23.233","","0","77 52:04.060","0","0","0","0","14410","0","0","0","N","0","0","0","2","14410","0","","1.0","","1","N","N","N","0","","0","0","2","","0","","","2","0","0","0","0","0","0","2","0","2","03","03","","N","","","","","","","","","",""
"2023109322","0130","0","0","0","0","0","0","0","0","0","7","0","","14","12","2023","7","40.845472","-77.938917","0120","2","0","0","0","0","1","0","0","0","","0","0","0","","","0","N","0","","40 50:43.700","","0","77 56:20.100","0","0","0","0","14216","0","0","0","N","0","0","0","1","14216","0","","5.0","","9","N","N","N","0","","0","0","1","","0","","","1","0","0","0","0","0","0","1","0","1","07","","","N","","","","","","","","","",""
"2023111798","1215","1","0","0","0","0","0","0","0","0","8","0","","14","12","2023","5","40.802806","-77.855389","1213","2","0","0","0","0","1","0","0","0","","0","0","0","","","1","N","1","","40 48:10.100","","0","77 51:19.400","3","0","0","0","14410","1","0","0","N","1","0","0","2","14501","0","","1.0","","1","N","N","N","0","","1","0","0","","3","","","2","1","0","0","0","0","0","2","0","1","03","03","","N","","","","","","","","","",""
"2023116891","0944","0","0","0","0","0","0","0","0","0","1","0","","14","12","2023","7","40.77678","-77.782783","0936","2","0","0","0","0","0","0","0","0","","0","0","0","","","0","","2","","40 46:36.409","","0","77 46:58.017","0","0","0","0","14210","0","0","0","N","0","0","0","2","14410","0","","1.0","","1","N","N","N","0","","0","0","1","","0","","","2","0","0","0","0","0","0","2","1","2","03","","","N","","","","","","","","","",""
"2023118881","2345","1","0","0","0","0","0","0","0","0","7","0","","14","12","2023","1","40.906059","-77.740361","2338","2","0","0","0","0","0","0","0","0","","0","0","0","","","0","N","0","","40 54:21.812","","0","77 44:25.300","0","0","0","0","14221","0","0","0","N","0","0","0","1","68G07","0","","1.0","","1","N","N","N","0","","0","0","0","","0","","","1","0","0","0","0","0","0","1","0","1","03","03","","N","","","","","","","","","",""
"2023111437","1755","0","0","0","0","0","0","0","0","0","1","0","","14","12","2023","4","40.955053","-77.620332","1744","2","0","0","0","0","0","0","1","0","","0","0","0","","","1","N","0","","40 57:18.191","6","0","77 37:13.195","4","0","0","0","14224","0","0","0","N","0","0","0","2","68G07","1","","1.0","100.0","1","N","N","N","0","","0","0","1","","0","Y","","2","1","0","0","0","0","0","1","0","2","03","","","N","","","","","","","","","",""
"2023110804","1350","2","0","0","0","0","0","0","0","0","1","0","","14","12","2023","4","40.825377","-77.810115","1343","2","0","0","0","0","0","0","0","0","","0","0","0","","","1","N","0","","40 49:31.356","","0","77 48:36.414","3","0","0","0","14204","0","0","0","N","0","0","0","3","14410","0","","1.0","","1","N","N","N","0","","1","0","0","","0","","","2","1","0","0","0","0","0","2","0","2","03","03","","N","","","","","","","","","",""
"2023112707","1845","0","0","0","0","0","0","0","0","0","4","0","","14","12","2023","2","40.785239","-77.837921","1843","2","0","0","0","0","0","1","1","0","","0","0","0","","","1","N","0","","40 47:06.861","2","7","77 50:16.514","3","0","0","0","14410","0","0","0","N","0","0","0","3","14410","0","","1.0","1935.0","1","N","N","N","0","","1","0","1","","0","Y","","2","1","0","0","0","0","0","2","1","2","03","","","N","","","","","","","","","",""
"2023114460","1720","1","0","0","0","0","0","0","0","0","8","0","","14","12","2023","7","40.803944","-77.890194","1718","2","0","0","0","0","0","0","0","0","","0","0","0","","","1","N","0","","40 48:14.200","","7","77 53:24.700","3","0","0","0","14206","1","0","0","N","1","0","0","2","14206","0","","1.0","","1","N","N","N","0","","1","0","0","","0","","","2","1","0","0","0","0","0","2","0","1","04","","","N","","","","","","","","","",""
"2023111685","1912","1","0","0","0","0","0","0","0","0","4","0","","14","12","2023","6","40.784656","-77.848618","1907","2","0","0","0","0","1","0","0","0","","0","0","0","","","0","","1","","40 47:04.760","","0","77 50:55.025","0","0","0","0","14410","0","0","0","N","0","0","0","4","14410","0","","1.0","","1","N","N","N","0","","0","0","1","","2","","","2","0","0","0","0","0","0","2","0","2","03","","","N","","","","","","","","","",""
"2023118678","2053","0","0","0","0","0","0","0","0","0","1","0","","14","12","2023","5","40.735762","-77.883141","2048","2","0","0","0","0","0","0","0","0","","0","0","0","","","0","N","0","","40 44:08.743","","0","77 52:59.307","0","0","0","0","14206","0","0","0","N","0","0","0","1","14206","0","","6.0","","1","N","N","N","0","","0","0","2","","0","","","2","0","0","0","0","0","0","2","0","2","03","","","N","","","","","","","","","",""
"2023112762","1840","0","0","0","0","0","0","0","0","0","7","0","","14","12","2023","6","40.760443","-77.61415","1802","2","0","0","0","0","0","0","0","0","","0","0","0","","","0","","6","","40 45:37.593","","2","77 36:50.939","0","0","0","0","14218","0","0","0","N","0","0","0","1","68G07","0","","4.0","","9","N","N","N","0","","0","0","1","","0","","","1","0","0","0","0","0","0","1","0","1","07","","","N","","","","","","","","","",""
"2023116915","1508","0","0","0","0","0","0","0","0","0","1","0","","14","12","2023","7","40.789036","-77.906309","1458","2","0","0","0","0","0","1","0","0","","0","0","0","","","1","","1","","40 47:20.529","","0","77 54:22.714","8","0","0","0","14206","0","0","0","N","0","0","0","2","14206","0","","1.0","","1","N","N","N","1","","0","0","1","","2","","","2","1","0","0","0","1","0","2","0","2","04","03","","N","","","","","","","","","",""
"2023115239","0704","0","0","0","0","0","0","0","0","0","7","0","","14","12","2023","1","40.84806","-77.699612","0654","2","0","0","0","0","0","0","0","0","","0","0","0","","","0","N","0","","40 50:53.017","2","0","77 41:58.602","0","0","0","0","14218","0","0","0","Y","0","0","0","1","68G07","0","","4.0","100.0","1","N","N","N","0","","0","0","1","","0","N","","1","0","0","0","0","0","0","1","0","1","03","","","N","","","","","","","","","",""
"2023116031","1205","0","0","0","0","0","0","0","0","0","4","0","","14","12","2023","4","40.826371","-77.808888","1201","2","0","0","0","0","0","0","0","0","","0","0","0","","","2","","1","","40 49:34.937","2","0","77 48:31.997","4","0","0","0","14204","0","0","0","N","0","0","0","3","14410","2","","1.0","1240.0","1","N","N","N","0","","0","0","2","","2","N","","2","2","1","0","0","0","0","2","0","2","03","03","","N","","","","","","","","","",""
"2023113135","1844","0","0","0","0","0","0","0","0","0","98","0","","14","12","2023","3","40.783171","-77.775239","1841","2","0","0","0","0","0","1","0","0","","0","0","0","","","0","N","0","","40 46:59.415","","0","77 46:30.860","0","0","0","0","14210","0","0","0","N","0","0","0","2","14410","0","","1.0","","1","N","N","N","1","","0","0","0","","0","","","1","0","0","0","0","0","0","2","0","1","03","03","","N","","","","","","","","","",""
"2023110605","1729","2","0","0","0","0","0","0","0","0","1","0","","14","12","2023","3","40.805256","-77.842724","1716","2","0","0","0","0","0","1","0","0","","0","0","0","","","0","Y","0","","40 48:18.922","","7","77 50:33.805","9","0","0","0","14204","0","0","0","N","0","0","0","3","14410","0","","1.0","","1","","","N","0","","0","0","0","","2","","","3","0","0","0","0","0","1","2","0","3","03","04","","N","","","","","","","","","",""
"2023114386","1112","0","0","0","0","0","0","0","0","0","4","0","","14","12","2023","7","40.831683","-77.804082","1101","2","0","0","0","0","0","1","0","0","","0","0","0","","","0","N","0","","40 49:54.060","","7","77 48:14.694","0","0","0","0","14204","0","0","0","N","0","0","0","2","14410","0","","1.0","","1","N","N","N","0","","0","0","2","","2","","","2","0","0","0","0","0","0","2","0","2","03","","","N","","","","","","","","","",""
"2023113959","2158","1","0","0","0","0","0","0","0","0","7","0","","14","12","2023","5","40.79225","-77.840111","2155","2","0","0","0","0","0","0","0","0","","0","0","0","","","0","N","0","","40 47:32.100","5","0","77 50:24.400","0","0","0","0","14410","0","0","0","N","0","0","0","1","14410","0","","5.0","2355.0","1","N","N","N","0","","0","0","0","","0","Y","","1","0","0","0","0","0","0","2","0","1","03","03","","N","","","","","","","","","",""
"2023113094","1836","0","0","0","0","0","0","0","0","0","0","0","","14","12","2023","2","40.905347","-78.108453","1821","2","0","0","1","0","0","0","0","0","","0","0","0","","","0","N","0","","40 54:19.250","5","0","78 06:30.430","0","0","0","0","14219","0","0","0","N","0","0","0","1","68G07","0","","2.0","1948.0","3","N","N","N","0","","0","0","1","","0","N","","1","0","0","0","0","0","0","1","0","1","03","","","N","","","","","","","","","",""
"2023110793","1240","0","0","0","0","0","0","0","0","0","4","0","","14","12","2023","4","40.830293","-77.802657","1231","2","0","0","0","0","0","0","0","1","","0","0","0","","","0","Y","0","","40 49:49.054","4","7","77 48:09.564","0","0","0","0","14204","0","0","0","N","0","0","0","2","14410","0","","1.0","1303.0","9","N","N","N","0","","0","0","2","","3","N","","2","0","0","0","0","0","0","2","0","2","02","","","N","","","","","","","","","",""