"CRN","ARRIVAL_TM","AUTOMOBILE_COUNT","BELTED_DEATH_COUNT","BELTED_SUSP_SERIOUS_INJ_COUNT","BICYCLE_COUNT","BICYCLE_DEATH_COUNT","BICYCLE_SUSP_SERIOUS_INJ_COUNT","BUS_COUNT","CHLDPAS_DEATH_COUNT","CHLDPAS_SUSP_SERIOUS_INJ_COUNT","COLLISION_TYPE","COMM_VEH_COUNT","CONS_ZONE_SPD_LIM","COUNTY","CRASH_MONTH","CRASH_YEAR","DAY_OF_WEEK","DEC_LATITUDE","DEC_LONGITUDE","DISPATCH_TM","DISTRICT","DRIVER_COUNT_16YR","DRIVER_COUNT_17YR","DRIVER_COUNT_18YR","DRIVER_COUNT_19YR","DRIVER_COUNT_20YR","DRIVER_COUNT_50_64YR","DRIVER_COUNT_65_74YR","DRIVER_COUNT_75PLUS","EST_HRS_CLOSED","FATAL_COUNT","HEAVY_TRUCK_COUNT","HORSE_BUGGY_COUNT","HOUR_OF_DAY","ILLUMINATION","INJURY_COUNT","INTERSECTION_RELATED","INTERSECT_TYPE","LANE_CLOSED","LATITUDE","LN_CLOSE_DIR","LOCATION_TYPE","LONGITUDE","MAX_SEVERITY_LEVEL","MCYCLE_DEATH_COUNT","MCYCLE_SUSP_SERIOUS_INJ_COUNT","MOTORCYCLE_COUNT","MUNICIPALITY","NONMOTR_COUNT","NONMOTR_DEATH_COUNT","NONMOTR_SUSP_SERIOUS_INJ_COUNT","NTFY_HIWY_MAINT","PED_COUNT","PED_DEATH_COUNT","PED_SUSP_SERIOUS_INJ_COUNT","PERSON_COUNT","POLICE_AGCY","POSSIBLE_INJ_COUNT","RDWY_SURF_TYPE_CD","RELATION_TO_ROAD","ROADWAY_CLEARED","ROAD_CONDITION","SCH_BUS_IND","SCH_ZONE_IND","SECONDARY_CRASH","SMALL_TRUCK_COUNT","SPEC_JURIS_CD","SUSP_MINOR_INJ_COUNT","SUSP_SERIOUS_INJ_COUNT","SUV_COUNT","TCD_FUNC_CD","TCD_TYPE","TFC_DETOUR_IND","TIME_OF_DAY","TOTAL_UNITS","TOT_INJ_COUNT","UNBELTED_OCC_COUNT","UNB_DEATH_COUNT","UNB_SUSP_SERIOUS_INJ_COUNT","UNK_INJ_DEG_COUNT","UNK_INJ_PER_COUNT","URBAN_RURAL","VAN_COUNT","VEHICLE_COUNT","WEATHER1","WEATHER2","WORKERS_PRES","WORK_ZONE_IND","WORK_ZONE_LOC","WORK_ZONE_TYPE","WZ_CLOSE_DETOUR","WZ_FLAGGER","WZ_LAW_OFFCR_IND","WZ_LN_CLOSURE","WZ_MOVING","WZ_OTHER","WZ_SHLDER_MDN","WZ_WORKERS_INJ_KILLED"
"2023110422","2011","0","0","0","0","0","0","0","0","0","8","0","","14","12","2023","1","40.830639","-77.88625","2008","2","0","0","0","0","0","0","1","0","","0","0","0","","","1","N","0","","40 49:50.300","5","7","77 53:10.500","3","0","0","0","14216","1","0","0","N","1","0","0","2","14216","0","","1.0","2040.0","9","N","N","Y","0","","1","0","2","","0","N","","3","1","0","0","0","0","0","2","0","2","07","","","N","","","","","","","","","",""
"2023114430","1553","1","0","0","0","0","0","0","0","0","4","0","","14","12","2023","7","40.795718","-77.857273","1550","2","1","0","0","0","1","0","0","0","","0","0","0","","","0","","1","","40 47:44.584","","0","77 51:26.181","0","0","0","0","14410","0","0","0","N","0","0","0","4","14410","0","","1.0","","1","N","N","N","0","","0","0","0","","0","","","2","0","1","0","0","0","0","2","1","2","03","","","N","","","","","","","","","",""
"2023111877","1630","0","0","0","0","0","0","0","0","0","7","0","","14","12","2023","6","40.795056","-77.864944","1623","2","0","0","0","0","0","0","0","0","","0","0","0","","","0","N","0","","40 47:42.200","4","7","77 51:53.800","0","0","0","0","14410","0","0","0","N","0","0","0","1","14501","0","","5.0","1806.0","1","N","N","N","1","","0","0","0","","0","Y","","1","0","0","0","0","0","0","2","0","1","03","03","","N","","","","","","","","","",""
"2023112429","1308","2","0","0","0","0","0","0","0","0","4","0","","14","12","2023","2","40.801278","-77.885722","1305","2","0","0","0","0","1","0","1","0","","0","0","0","","","2","","1","","40 48:04.600","2","0","77 53:08.600","4","0","0","0","14206","0","0","0","N","0","0","0","3","14206","2","","1.0","1345.0","1","N","N","N","0","","0","0","0","","2","N","","2","2","0","0","0","0","0","2","0","2","04","","","N","","","","","","","","","",""
"2023113956","1824","1","0","0","0","0","0","0","0","0","4","0","","14","12","2023","4","40.796854","-77.855729","1821","2","0","0","0","0","0","1","0","0","","0","0","0","","","1","","1","","40 47:48.674","","0","77 51:20.626","4","0","0","0","14410","0","0","0","N","0","0","0","3","14410","1","","1.0","","1","N","N","N","1","","0","0","1","","2","","","3","1","0","0","0","0","0","2","0","3","03","03","","N","","","","","","","","","",""
"2023115012","1253","1","0","0","0","0","0","0","0","0","4","0","","14","12","2023","2","40.785125","-77.834388","1248","2","0","0","0","0","0","0","0","0","","0","0","0","","","0","","1","","40 47:06.451","","0","77 50:03.795","0","0","0","0","14410","0","0","0","N","0","0","0","4","14410","0","","1.0","","9","N","N","N","0","","0","0","1","","2","","","2","0","0","0","0","0","0","2","0","2","07","04","","N","","","","","","","","","",""
"2023109936","1016","0","0","0","0","0","0","0","0","0","4","0","","14","12","2023","2","40.831681","-77.804083","1010","2","0","0","0","0","1","0","0","0","","0","0","0","","","3","N","0","","40 49:54.051","2","7","77 48:14.699","3","0","0","0","14204","0","0","0","N","0","0","0","3","14410","0","","1.0","1122.0","1","N","N","N","1","","3","0","1","","2","Y","","2","3","1","0","0","0","0","2","0","2","03","03","","N","","","","","","","","","",""
"2023114830","0537","1","0","0","0","0","0","0","0","0","4","0","","14","12","2023","1","40.82151","-77.901749","0535","2","0","0","0","0","0","1","0","0","","0","0","0","","","0","","11","","40 49:17.436","","0","77 54:06.295","0","0","0","0","14216","0","0","0","N","0","0","0","2","14216","0","","1.0","","1","N","N","N","0","","0","0","1","","0","","","2","0","0","0","0","0","0","1","0","2","03","","","N","","","","","","","","","",""
"2023091257","1611","0","0","0","1","0","0","0","0","0","8","0","","14","10","2023","6","40.781892","-77.864386","1611","2","0","0","0","0","0","0","0","0","","0","0","0","","","1","","2","","40 46:54.811","","0","77 51:51.789","8","0","0","0","14410","1","0","0","N","0","0","0","2","14410","0","","1.0","","1","N","N","N","0","","0","0","1","","0","","","2","1","0","0","0","1","0","2","0","1","03","03","","N","","","","","","","","","",""
"2023086528","1241","1","0","0","0","0","0","0","0","0","1","0","","14","9","2023","6","40.813061","-77.858953","1228","2","0","0","0","0","0","0","0","0","","0","0","0","","","0","N","0","","40 48:47.019","","0","77 51:32.230","0","0","0","0","14204","0","0","0","N","0","0","0","3","14410","0","","1.0","","9","N","N","N","0","","0","0","1","","2","","","2","0","0","0","0","0","0","2","0","2","04","07","","N","","","","","","","","","",""
"2023089133","1102","2","0","0","0","0","0","0","0","0","4","0","","14","10","2023","7","40.79175","-77.85735","1100","2","0","0","0","0","1","0","0","0","","0","0","0","","","1","","1","","40 47:30.299","2","0","77 51:26.459","3","0","0","0","14410","0","0","0","N","0","0","0","3","14410","0","","1.0","1130.0","1","N","N","N","0","","1","0","0","","3","N","","2","1","0","0","0","0","0","2","0","2","03","","","N","","","","","","","","","",""
"2023094109","1445","0","0","0","0","0","0","0","0","0","4","0","","14","10","2023","2","40.830863","-77.959399","1438","2","0","0","0","0","0","1","0","0","","0","0","0","","","1","N","0","","40 49:51.105","2","0","77 57:33.835","3","0","0","0","14216","0","0","0","N","0","0","0","2","68G07","0","","1.0","1518.0","1","N","N","N","0","","1","0","1","","0","N","","2","1","0","0","0","0","0","2","1","2","03","","","N","","","","","","","","","",""
"2023095351","2055","1","0","0","0","0","0","0","0","0","4","0","","14","10","2023","3","40.836012","-77.801083","2049","2","0","0","0","0","0","0","0","0","","0","0","0","","","0","","1","","40 50:09.642","4","7","77 48:03.899","0","0","0","0","14204","0","0","0","N","0","0","0","2","14410","0","","1.0","2126.0","1","N","N","N","0","","0","0","1","","0","N","","2","0","0","0","0","0","0","2","0","2","03","03","","N","","","","","","","","","",""
"2023084557","1455","1","0","0","0","0","0","0","0","0","4","0","","14","9","2023","1","40.788457","-77.848739","1452","2","0","0","0","1","0","0","0","0","","0","0","0","","","0","","1","","40 47:18.444","","0","77 50:55.460","0","0","0","0","14410","0","0","0","N","0","0","0","3","14410","0","","1.0","","9","N","N","N","0","","0","0","1","","3","","","2","0","0","0","0","0","0","2","0","2","07","","","N","","","","","","","","","",""
"2023095499","1422","0","0","0","0","0","0","0","0","0","7","0","","14","10","2023","1","40.788196","-77.805325","1416","2","0","0","0","0","0","0","0","0","","0","0","0","","","0","N","0","","40 47:17.505","","0","77 48:19.169","0","0","0","0","14204","0","0","0","N","0","0","0","1","14410","0","","5.0","","1","N","N","N","0","","0","0","1","","0","","","1","0","0","0","0","0","0","2","0","1","03","","","N","","","","","","","","","",""
"2023118878","0226","0","0","0","0","0","0","0","0","0","7","0","","14","12","2023","1","40.870515","-77.932906","0207","2","0","0","0","0","0","0","0","0","","0","0","0","","","0","N","0","","40 52:13.853","","0","77 55:58.463","9","0","0","0","14212","0","0","0","N","0","0","0","1","68G07","0","","5.0","","1","N","N","N","1","","0","0","0","","0","","","1","0","0","0","0","0","1","1","0","1","03","","","N","","","","","","","","","",""
"2023096147","2148","1","0","0","0","0","0","0","0","0","4","0","","14","10","2023","5","40.785226","-77.834376","2143","2","0","0","0","0","0","1","0","0","","0","0","0","","","1","","1","","40 47:06.814","","0","77 50:03.753","3","0","0","0","14410","0","0","0","N","0","0","0","2","14410","0","","1.0","","1","N","N","N","0","","1","0","1","","2","","","2","1","0","0","0","0","0","2","0","2","03","","","N","","","","","","","","","",""
"2023090699","1657","1","0","0","0","0","0","0","0","0","4","0","","14","10","2023","4","40.8094","-77.907993","1655","2","0","0","0","0","0","0","0","0","","0","0","0","","","1","N","1","","40 48:33.840","5","0","77 54:28.776","3","0","0","0","14216","0","0","0","N","0","0","0","9","14216","0","","1.0","1720.0","1","N","N","N","0","","1","0","2","","2","N","","3","1","0","0","0","0","0","2","0","3","03","03","","N","","","","","","","","","",""
"2023094752","2002","0","0","0","0","0","0","0","0","0","98","0","","14","10","2023","2","40.986051","-77.720931","1951","2","0","0","0","0","0","0","1","0","","0","0","0","","","0","N","0","","40 59:09.784","1","0","77 43:15.351","0","0","0","0","14211","0","0","0","N","0","0","0","1","68G07","0","","1.0","2030.0","1","N","N","N","0","","0","0","1","","0","N","","1","0","0","0","0","0","0","1","0","1","03","","","N","","","","","","","","","",""
"2023091207","0846","2","0","0","0","0","0","0","0","0","4","0","","14","10","2023","6","40.785226","-77.834376","0843","2","0","0","0","0","0","0","1","0","","0","0","0","","","0","N","1","","40 47:06.814","","0","77 50:03.753","0","0","0","0","14410","0","0","0","N","0","0","0","2","14410","0","","1.0","","1","N","N","N","0","","0","0","0","","2","","","2","0","0","0","0","0","0","2","0","2","03","03","","N","","","","","","","","","",""
"2023089321","0159","0","0","0","0","0","0","0","0","0","7","0","","14","10","2023","1","40.776145","-77.875733","0159","2","0","0","0","0","0","0","0","0","","0","0","0","","","0","","2","","40 46:34.122","4","0","77 52:32.640","0","0","0","0","14206","0","0","0","N","0","0","0","1","14206","0","","2.0","235.0","1","N","N","N","0","","0","0","1","","2","N","","1","0","0","0","0","0","0","2","0","1","03","03","","N","","","","","","","","","",""
"2023082899","1614","1","0","0","0","0","0","0","0","0","4","0","","14","9","2023","3","40.811657","-77.829006","1614","2","0","0","0","0","0","0","1","0","","0","0","0","","","0","","1","","40 48:41.966","","0","77 49:44.423","0","0","0","0","14204","0","0","0","N","0","0","0","2","14410","0","","1.0","","1","N","N","N","0","","0","0","1","","2","","","2","0","0","0","0","0","0","2","0","2","03","03","","N","","","","","","","","","",""
"2023085247","1757","1","0","0","1","0","0","0","0","0","8","0","","14","9","2023","2","40.792009","-77.865853","1756","2","0","0","0","0","0","0","0","0","","0","0","0","","","1","N","0","","40 47:31.233","","7","77 51:57.070","4","0","0","0","14410","1","0","0","N","0","0","0","2","14410","1","","1.0","","9","N","N","N","0","","0","0","0","","3","","","2","1","0","0","0","0","0","2","0","1","04","","","N","","","","","","","","","",""
"2023096826","1435","0","0","0","0","0","0","0","0","0","98","0","","14","10","2023","4","40.78","-77.897583","1429","2","0","0","0","0","0","0","1","0","","0","0","0","","","0","N","0","","40 46:48.000","","0","77 53:51.300","0","0","0","0","14206","0","0","0","N","0","0","0","3","14206","0","","1.0","","1","N","N","N","1","","0","0","1","","0","","","2","0","0","0","0","0","0","2","0","2","03","03","","N","","","","","","","","","",""
"2023093557","1242","0","0","0","0","0","0","0","0","0","4","0","","14","9","2023","5","41.065126","-77.597559","1216","2","0","0","0","0","0","0","0","1","","0","0","0","","","0","N","0","","41 03:54.453","","7","77 35:51.214","0","0","0","0","14213","0","0","0","N","0","0","0","2","68G07","0","","1.0","","1","N","N","N","0","","0","0","1","","0","","","2","0","0","0","0","0","0","1","1","2","03","","","N","","","","","","","","","",""
"2023090056","1044","0","0","0","0","0","0","0","0","0","4","0","","14","10","2023","3","40.790806","-77.866455","1040","2","0","0","0","0","0","1","0","0","","0","0","0","","","1","","1","","40 47:26.902","4","0","77 51:59.239","8","0","0","0","14410","0","0","0","N","0","0","0","4","14410","0","","1.0","1110.0","1","N","N","N","0","","0","0","2","","0","N","","2","1","1","0","0","1","0","2","0","2","03","03","","N","","","","","","","","","",""
"2023092072","0057","0","0","0","0","0","0","0","0","0","0","0","","14","10","2023","7","40.784507","-77.843641","0055","2","0","0","0","0","0","0","0","0","","0","0","0","","","1","N","0","","40 47:04.226","5","0","77 50:37.106","2","0","1","1","14216","0","0","0","N","0","0","0","1","14216","0","","1.0","300.0","9","N","N","N","0","","0","1","0","","2","Y","","1","1","0","0","0","0","0","2","0","1","07","07","","N","","","","","","","","","",""
"2023096207","0807","0","0","0","0","0","0","0","0","0","98","0","","14","10","2023","5","41.093163","-77.640393","0736","2","0","0","0","0","0","0","0","0","","0","0","0","","","0","N","0","","41 05:35.385","2","0","77 38:25.414","0","0","0","0","14213","0","0","0","N","0","0","0","1","68G07","0","","1.0","828.0","1","N","N","N","0","","0","0","1","","0","N","","1","0","0","0","0","0","0","1","0","1","03","","","N","","","","","","","","","",""
"2023084732","0014","1","0","0","0","0","0","0","0","0","1","0","","14","9","2023","7","40.799579","-77.876535","0008","2","0","0","0","1","0","0","0","0","","0","0","0","","","0","N","0","","40 47:58.484","","0","77 52:35.527","0","0","0","0","14204","0","0","0","N","0","0","0","4","14410","0","","1.0","","9","N","N","N","0","","0","0","1","","0","","","2","0","0","0","0","0","0","2","0","2","07","","","N","","","","","","","","","",""
"2023095363","0354","0","0","0","0","0","0","0","0","0","7","0","","14","10","2023","3","40.747484","-77.870647","0350","2","0","0","0","1","0","0","0","0","","0","0","0","","","0","N","0","","40 44:50.943","4","0","77 52:14.330","0","0","0","0","14206","0","0","0","Y","0","0","0","2","14206","0","","2.0","441.0","1","N","N","N","0","","0","0","1","","2","N","","1","0","0","0","0","0","0","1","0","1","03","","","N","","","","","","","","","",""
"2023096756","2114","3","0","0","0","0","0","0","0","0","4","0","","14","10","2023","6","40.823462","-77.885573","2114","2","0","0","0","0","0","0","0","0","","0","0","0","","","1","N","0","","40 49:24.463","6","0","77 53:08.061","8","0","0","0","14216","0","0","0","N","0","0","0","1","14216","0","","6.0","2218.0","1","N","N","N","0","","0","0","1","","0","Y","","4","1","0","0","0","1","0","2","0","4","03","03","","N","","","","","","","","","",""
"2023083213","1113","1","0","0","0","0","0","0","0","0","8","0","","14","9","2023","4","40.822859","-77.813435","1108","2","0","0","0","0","0","0","0","0","","0","0","0","","","1","N","0","","40 49:22.293","","7","77 48:48.366","4","0","0","0","14204","1","0","0","N","1","0","0","2","14410","1","","1.0","","1","N","N","N","0","","0","0","0","","0","","","2","1","0","0","0","0","0","2","0","1","03","03","","N","","","","","","","","","",""
"2023088171","1530","0","0","0","0","0","0","0","0","0","6","0","","14","10","2023","4","40.827861","-77.966528","1526","2","0","0","0","1","0","0","0","0","","0","0","0","","","1","N","0","","40 49:40.298","6","0","77 57:59.502","3","0","0","0","14216","0","0","0","N","0","0","0","2","14216","0","","1.0","1600.0","1","N","N","N","0","","1","0","2","","0","N","","2","1","0","0","0","0","0","2","0","2","03","03","","N","","","","","","","","","",""
"2023094439","2000","1","0","0","0","0","0","0","0","0","7","0","","14","10","2023","6","40.835358","-77.826823","1950","2","0","0","0","0","0","0","0","0","","0","0","0","","","0","N","0","","40 50:07.287","","0","77 49:36.564","0","0","0","0","14204","0","0","0","N","0","0","0","1","14410","0","","5.0","","9","N","N","N","0","","0","0","0","","0","","","1","0","0","0","0","0","0","1","0","1","03","","","N","","","","","","","","","",""
"2023081753","0139","1","0","0","0","0","0","0","0","0","6","0","","14","9","2023","7","40.808771","-77.923883","0137","2","0","0","0","0","0","0","0","0","","0","0","0","","","1","N","0","","40 48:31.576","6","0","77 55:25.979","4","0","0","0","14216","0","0","0","N","0","0","0","1","14216","1","","4.0","239.0","1","N","N","N","0","","0","0","1","","0","N","","2","1","1","0","0","0","0","2","0","2","03","03","","N","","","","","","","","","",""
"2023089590","1323","2","0","0","0","0","0","0","0","0","1","0","","14","10","2023","1","40.793834","-77.896726","1322","2","0","0","0","0","0","0","0","0","","0","0","0","","","0","N","0","","40 47:37.802","","0","77 53:48.212","0","0","0","0","14206","0","0","0","N","0","0","0","2","14206","0","","1.0","","1","N","N","N","0","","0","0","0","","0","","","2","0","0","0","0","0","0","2","0","2","03","","","N","","","","","","","","","",""
"2023091161","1335","1","0","0","0","0","0","0","0","0","8","0","","14","10","2023","3","40.765787","-77.883864","1333","2","0","0","0","0","0","0","0","0","","0","0","0","","","1","","1","","40 45:56.832","6","0","77 53:01.910","2","0","0","0","14206","1","0","1","N","1","0","1","2","14206","0","","1.0","1500.0","1","N","N","N","0","","0","1","0","","2","Y","","2","1","0","0","0","0","0","2","0","1","03","03","","N","","","","","","","","","",""
"2023091918","1552","0","0","0","0","0","0","0","0","0","4","0","","14","10","2023","2","40.942973","-77.723971","1546","2","0","0","0","0","0","0","0","0","","0","0","0","","","0","N","0","","40 56:34.703","4","7","77 43:26.296","0","0","0","0","14221","0","0","0","N","0","0","0","2","14221","0","","1.0","1630.0","1","N","N","N","1","","0","0","1","","0","Y","","2","0","0","0","0","0","0","1","0","2","03","","","N","","","","","","","","","",""
"2023085522","1833","0","0","0","0","0","0","0","0","0","8","0","","14","9","2023","2","40.794832","-77.858464","1833","2","0","0","0","0","0","0","0","0","","0","0","0","","","1","","2","","40 47:41.394","","0","77 51:30.471","8","0","0","0","14410","1","0","0","N","1","0","0","4","14410","0","","1.0","","9","N","N","N","0","","0","0","1","","3","","","2","1","0","0","0","1","0","2","0","1","07","","","N","","","","","","","","","",""
"2023089576","0047","0","0","0","0","0","0","0","0","0","4","0","","14","10","2023","1","40.792803","-77.846017","0046","2","0","0","1","0","0","0","0","0","","0","0","0","","","1","","1","","40 47:34.090","","0","77 50:45.662","3","0","0","0","14410","0","0","0","N","0","0","0","3","14410","0","","1.0","","1","N","N","N","0","","1","0","2","","3","","","2","1","0","0","0","0","0","2","0","2","03","03","","N","","","","","","","","","",""
"2023086730","0152","1","0","0","0","0","0","0","0","0","7","0","","14","9","2023","7","40.823756","-77.893856","0150","2","0","0","0","0","0","0","0","0","","0","0","0","","","0","N","0","","40 49:25.523","4","0","77 53:37.883","0","0","0","0","14216","0","0","0","N","0","0","0","3","14216","0","","5.0","230.0","1","N","N","N","0","","0","0","0","","0","N","","1","0","0","0","0","0","0","2","0","1","03","","","N","","","","","","","","","",""
"2023089299","0222","1","0","0","0","0","0","0","0","0","7","0","","14","10","2023","7","40.799497","-77.856994","0217","2","0","0","1","0","0","0","0","0","","0","0","0","","","1","N","0","","40 47:58.189","3","0","77 51:25.180","4","0","0","0","14410","0","0","0","N","0","0","0","1","14501","1","","5.0","315.0","1","N","N","N","0","","0","0","0","","0","Y","","1","1","0","0","0","0","0","2","0","1","03","03","","N","","","","","","","","","",""
"2023086227","1600","1","0","0","0","0","0","0","0","0","1","0","","14","9","2023","5","40.831357","-77.800838","1553","2","0","0","0","0","0","0","0","0","","0","0","0","","","0","","2","","40 49:52.886","4","0","77 48:03.018","0","0","0","0","14204","0","0","0","N","0","0","0","2","14410","0","","1.0","1640.0","1","N","N","N","0","","0","0","1","","2","Y","","2","0","0","0","0","0","0","2","0","2","03","03","","N","","","","","","","","","",""
"2023090712","1742","1","0","0","0","0","0","0","0","0","3","0","","14","9","2023","6","40.911605","-77.781403","1737","2","0","0","0","0","0","1","0","0","","0","0","0","","","1","Y","0","","40 54:41.779","","0","77 46:53.049","8","0","0","0","14401","0","0","0","N","0","0","0","2","14401","0","","1.0","","1","N","N","N","0","","0","0","0","","0","","","2","1","0","0","0","1","0","2","1","2","03","","","N","","","","","","","","","",""
"2023094398","","1","0","0","0","0","0","0","0","0","1","0","55","14","10","2023","4","40.811547","-78.045231","","2","0","0","0","0","0","0","0","0","","0","0","0","","","0","N","0","","40 48:41.569","","0","78 02:42.831","0","0","0","0","14225","0","0","0","Y","0","0","0","2","68G07","0","","1.0","","1","N","N","N","0","","0","0","1","","8","","","2","0","0","0","0","0","0","1","0","2","03","","N","Y","3","2","","","N","Y","","","","N"
"2023085601","","2","0","0","0","0","0","0","0","0","1","0","","14","9","2023","3","40.803","-77.882862","","2","0","0","0","0","0","0","0","0","","0","0","0","","","1","N","0","","40 48:10.801","","0","77 52:58.302","4","0","0","0","14206","0","0","0","N","0","0","0","2","14206","1","","1.0","","1","N","N","N","0","","0","0","0","","0","","","2","1","0","0","0","0","0","2","0","2","03","03","","N","","","","","","","","","",""
"2023094375","","2","0","0","0","0","0","0","0","0","1","0","","14","10","2023","6","40.792191","-77.861937","","2","0","0","0","0","0","0","0","0","","0","0","0","","","2","N","0","","40 47:31.889","","0","77 51:42.974","3","0","0","0","14410","0","0","0","N","0","0","0","2","14410","0","","1.0","","9","N","N","N","0","","1","0","0","","2","","","2","2","0","0","0","1","0","2","0","2","07","","","N","","","","","","","","","",""
"2023082839","","0","0","0","0","0","0","0","0","0","4","0","","14","9","2023","3","40.791822","-77.854194","","2","0","0","0","0","1","0","0","0","","0","0","0","","","1","","1","","40 47:30.558","","0","77 51:15.098","8","0","0","1","14410","0","0","0","N","0","0","0","2","14410","0","","1.0","","1","N","N","N","0","","0","0","0","","3","","","2","1","0","0","0","1","0","2","1","2","03","03","","N","","","","","","","","","",""
"2023088781","","1","0","0","0","0","0","0","0","0","1","0","","14","10","2023","6","40.77898","-77.769894","","2","0","0","0","0","0","0","0","0","","0","0","0","","","1","N","0","","40 46:44.328","4","0","77 46:11.619","3","0","0","0","14210","0","0","0","N","0","0","0","3","14410","0","","1.0","725.0","1","N","N","N","1","","1","0","0","","0","N","","2","1","0","0","0","0","0","1","0","2","03","03","","N","","","","","","","","","",""
"2023090797","","0","0","0","0","0","0","0","0","0","7","0","","14","10","2023","4","40.975753","-78.04808","","2","0","0","0","0","0","0","0","1","","0","0","0","","","1","N","0","","40 58:32.709","","0","78 02:53.088","4","0","0","0","14219","0","0","0","N","0","0","0","2","68G07","1","","4.0","","1","N","N","N","0","","0","0","1","","0","","","1","1","0","0","0","0","0","1","0","1","03","","","N","","","","","","","","","",""
"2023082061","","2","0","0","0","0","0","0","0","0","4","0","","14","9","2023","1","40.800063","-77.869619","","2","0","0","0","0","0","1","0","0","","0","0","0","","","0","","1","","40 48:00.226","","0","77 52:10.630","0","0","0","0","14410","0","0","0","N","0","0","0","2","14410","0","","1.0","","9","N","N","N","0","","0","0","0","","2","","","2","0","0","0","0","0","0","2","0","2","07","07","","N","","","","","","","","","",""
"2023089580","","1","0","0","0","0","0","0","0","0","98","0","","14","10","2023","2","40.835092","-77.928626","","2","0","0","1","0","0","0","0","0","","0","0","0","","","1","N","0","","40 50:06.330","4","0","77 55:43.052","3","0","0","0","14216","0","0","0","N","0","0","0","4","14216","0","","1.0","130.0","1","N","N","N","0","","1","0","0","","0","N","","1","1","0","0","0","0","0","1","0","1","03","03","","N","","","","","","","","","",""
"2023093565","","0","0","0","0","0","0","0","0","0","98","0","","14","10","2023","2","40.820325","-78.030515","","2","0","0","0","0","0","1","0","0","","0","0","0","","","0","N","0","","40 49:13.169","","0","78 01:49.853","0","0","0","0","14225","0","0","0","N","0","0","0","1","68G07","0","","1.0","","1","N","N","N","0","","0","0","1","","0","","","1","0","0","0","0","0","0","1","0","1","03","","","N","","","","","","","","","",""
"2023084710","","0","0","0","0","0","0","0","0","0","7","0","","14","9","2023","1","40.779479","-77.880339","","2","0","0","0","0","0","0","0","1","","0","0","0","","","0","","1","","40 46:46.125","","0","77 52:49.222","9","0","0","0","14206","0","0","0","N","0","0","0","1","14206","0","","5.0","","9","N","N","N","0","","0","0","1","","2","","","1","0","0","0","0","0","1","2","0","1","07","98","","N","","","","","","","","","",""
"2023088533","","0","0","0","0","0","0","0","0","0","4","0","","14","10","2023","5","40.778536","-77.793142","","2","0","0","0","0","0","1","0","0","","0","0","0","","","2","","1","","40 46:42.730","","0","77 47:35.312","3","0","0","0","14210","0","0","0","N","0","0","0","5","14410","0","","1.0","","1","N","N","N","1","","2","0","1","","2","","","2","2","0","0","0","0","0","2","0","2","03","03","","N","","","","","","","","","",""
"2023084553","","2","0","0","0","0","0","0","0","0","4","0","","14","9","2023","1","40.78847","-77.848766","","2","0","0","0","1","0","1","0","0","","0","0","0","","","1","","1","","40 47:18.493","","0","77 50:55.557","4","0","0","0","14410","0","0","0","N","0","0","0","2","14410","1","","1.0","","9","N","N","N","0","","0","0","0","","3","","","2","1","0","0","0","0","0","2","0","2","07","","","N","","","","","","","","","",""
"2023088361","","1","0","0","0","0","0","0","0","0","7","0","","14","10","2023","5","40.772207","-77.866245","","2","0","0","0","0","0","0","1","0","","0","0","0","","","0","","2","","40 46:19.945","","0","77 51:58.482","0","0","0","0","14410","0","0","0","N","0","0","0","1","14410","0","","5.0","","1","N","N","N","0","","0","0","0","","0","","","1","0","0","0","0","0","0","2","0","1","03","03","","N","","","","","","","","","",""
"2023118863","","0","0","0","0","0","0","0","0","0","4","2","","14","12","2023","1","40.90197","-78.225123","","2","0","0","0","0","0","2","1","0","","0","2","0","","","0","","1","","40 54:07.092","","0","78 13:30.444","0","0","0","0","14406","0","0","0","N","0","0","0","3","68G07","0","","1.0","","9","N","N","N","1","","0","0","0","","2","","","3","0","0","0","0","0","0","2","0","3","07","07","","N","","","","","","","","","",""
"2023118889","","1","0","0","0","0","0","0","0","0","98","0","","14","12","2023","4","40.856403","-78.217795","","2","0","0","0","1","0","0","0","0","","0","0","0","","","0","N","0","","40 51:23.050","","0","78 13:04.061","0","0","0","0","14219","0","0","0","N","0","0","0","1","68G07","0","","1.0","","9","N","N","N","0","","0","0","0","","0","","","1","0","0","0","0","0","0","1","0","1","07","05","","N","","","","","","","","","",""
"2023118866","","0","0","0","0","0","0","0","0","0","7","1","","14","12","2023","2","40.836169","-78.125084","","2","0","0","0","0","0","1","0","0","","0","1","0","","","0","N","0","","40 50:10.207","3","0","78 07:30.301","0","0","0","0","14219","0","0","0","Y","0","0","0","1","68G07","0","","2.0","2330.0","1","N","N","N","0","","0","0","0","","0","N","","1","0","0","0","0","0","0","1","0","1","03","","","N","","","","","","","","","",""