"CRN","ARRIVAL_TM","AUTOMOBILE_COUNT","BELTED_DEATH_COUNT","BELTED_SUSP_SERIOUS_INJ_COUNT","BICYCLE_COUNT","BICYCLE_DEATH_COUNT","BICYCLE_SUSP_SERIOUS_INJ_COUNT","BUS_COUNT","CHLDPAS_DEATH_COUNT","CHLDPAS_SUSP_SERIOUS_INJ_COUNT","COLLISION_TYPE","COMM_VEH_COUNT","CONS_ZONE_SPD_LIM","COUNTY","CRASH_MONTH","CRASH_YEAR","DAY_OF_WEEK","DEC_LATITUDE","DEC_LONGITUDE","DISPATCH_TM","DISTRICT","DRIVER_COUNT_16YR","DRIVER_COUNT_17YR","DRIVER_COUNT_18YR","DRIVER_COUNT_19YR","DRIVER_COUNT_20YR","DRIVER_COUNT_50_64YR","DRIVER_COUNT_65_74YR","DRIVER_COUNT_75PLUS","EST_HRS_CLOSED","FATAL_COUNT","HEAVY_TRUCK_COUNT","HORSE_BUGGY_COUNT","HOUR_OF_DAY","ILLUMINATION","INJURY_COUNT","INTERSECTION_RELATED","INTERSECT_TYPE","LANE_CLOSED","LATITUDE","LN_CLOSE_DIR","LOCATION_TYPE","LONGITUDE","MAX_SEVERITY_LEVEL","MCYCLE_DEATH_COUNT","MCYCLE_SUSP_SERIOUS_INJ_COUNT","MOTORCYCLE_COUNT","MUNICIPALITY","NONMOTR_COUNT","NONMOTR_DEATH_COUNT","NONMOTR_SUSP_SERIOUS_INJ_COUNT","NTFY_HIWY_MAINT","PED_COUNT","PED_DEATH_COUNT","PED_SUSP_SERIOUS_INJ_COUNT","PERSON_COUNT","POLICE_AGCY","POSSIBLE_INJ_COUNT","RDWY_SURF_TYPE_CD","RELATION_TO_ROAD","ROADWAY_CLEARED","ROAD_CONDITION","SCH_BUS_IND","SCH_ZONE_IND","SECONDARY_CRASH","SMALL_TRUCK_COUNT","SPEC_JURIS_CD","SUSP_MINOR_INJ_COUNT","SUSP_SERIOUS_INJ_COUNT","SUV_COUNT","TCD_FUNC_CD","TCD_TYPE","TFC_DETOUR_IND","TIME_OF_DAY","TOTAL_UNITS","TOT_INJ_COUNT","UNBELTED_OCC_COUNT","UNB_DEATH_COUNT","UNB_SUSP_SERIOUS_INJ_COUNT","UNK_INJ_DEG_COUNT","UNK_INJ_PER_COUNT","URBAN_RURAL","VAN_COUNT","VEHICLE_COUNT","WEATHER1","WEATHER2","WORKERS_PRES","WORK_ZONE_IND","WORK_ZONE_LOC","WORK_ZONE_TYPE","WZ_CLOSE_DETOUR","WZ_FLAGGER","WZ_LAW_OFFCR_IND","WZ_LN_CLOSURE","WZ_MOVING","WZ_OTHER","WZ_SHLDER_MDN","WZ_WORKERS_INJ_KILLED"
"2023118854","","1","0","0","0","0","0","0","0","0","4","0","","14","11","2023","5","40.794508","-78.231349","","2","0","0","0","0","0","0","0","0","","0","0","0","","","5","N","0","","40 47:40.228","1","0","78 13:52.855","4","0","0","0","14219","0","0","0","N","0","0","0","6","68G07","5","","1.0","229.0","9","N","N","N","1","","0","0","0","","0","N","","2","5","0","0","0","0","0","1","0","2","07","07","","N","","","","","","","","","",""
"2024003655","0830","0","0","0","0","0","0","0","0","0","7","1","","14","12","2023","2","40.932199","-77.884202","0717","2","0","0","0","0","0","0","0","0","","0","1","0","","","1","N","0","","40 55:55.918","","0","77 53:03.127","3","0","0","0","14223","0","0","0","N","0","0","0","1","68G07","0","","4.0","","9","N","N","N","0","","1","0","0","","0","","","1","1","0","0","0","0","0","1","0","1","03","","","N","","","","","","","","","",""
"2024003662","1438","0","0","0","0","0","0","0","0","0","7","0","","14","12","2023","5","40.883572","-78.1812","1438","2","0","0","0","1","0","0","0","0","","0","0","0","","","0","N","0","","40 53:00.858","","0","78 10:52.319","0","0","0","0","14219","0","0","0","N","0","0","0","1","68G07","0","","5.0","","1","N","N","N","0","","0","0","1","","0","","","1","0","0","0","0","0","0","1","0","1","03","03","","N","","","","","","","","","",""
"2024002384","1720","3","0","0","0","0","0","0","0","0","5","0","","14","12","2023","7","40.913314","-77.765208","1719","2","0","0","0","0","0","0","0","1","","0","0","0","","","0","N","0","","40 54:47.929","4","0","77 45:54.749","0","0","0","0","14401","0","0","0","N","0","0","0","1","14401","0","","6.0","1800.0","1","N","N","N","0","","0","0","0","","0","N","","3","0","0","0","0","0","0","2","0","3","03","03","","N","","","","","","","","","",""
"2024014916","0914","0","0","0","0","0","0","0","0","0","7","0","","14","12","2023","2","40.834899","-78.264142","0902","2","0","0","0","0","0","0","0","0","","0","0","0","","","0","N","0","","40 50:05.635","","0","78 15:50.910","0","0","0","0","14219","0","0","0","N","0","0","0","1","68G07","0","","5.0","","9","N","N","N","1","","0","0","0","","0","","","1","0","0","0","0","0","0","2","0","1","07","04","","N","","","","","","","","","",""
"2024003654","1700","0","0","0","0","0","0","0","0","0","7","0","","14","12","2023","1","40.942849","-77.726056","1649","2","0","0","0","1","0","0","0","0","","0","0","0","","","0","N","0","","40 56:34.257","","2","77 43:33.803","0","0","0","0","14221","0","0","0","N","0","0","0","1","68G07","0","","5.0","","1","N","N","N","0","","0","0","1","","0","","","1","0","0","0","0","0","0","1","0","1","03","03","","N","","","","","","","","","",""
"2024000992","0511","0","0","0","0","0","0","0","0","0","7","0","","14","12","2023","7","40.778868","-78.083623","0456","2","0","0","0","0","0","1","0","0","","0","0","0","","","0","N","0","","40 46:43.925","","0","78 05:01.043","0","0","0","0","14222","0","0","0","N","0","0","0","1","68G07","0","","5.0","","1","N","N","N","1","","0","0","0","","0","","","1","0","0","0","0","0","0","1","0","1","03","","","N","","","","","","","","","",""
"2024014060","2226","1","0","0","0","0","0","0","0","0","4","0","","14","12","2023","1","40.810402","-78.034895","2217","2","0","0","1","0","0","0","0","0","","0","0","0","","","1","N","0","","40 48:37.446","2","0","78 02:05.621","4","0","0","0","14225","0","0","0","N","0","0","0","2","68G07","1","","1.0","2303.0","9","N","N","N","0","","0","0","1","","0","N","","2","1","0","0","0","0","0","1","0","2","10","","","N","","","","","","","","","",""
"2024001043","2121","1","0","0","0","0","0","0","0","0","7","0","","14","12","2023","2","40.774731","-77.615209","2104","2","0","0","0","0","0","0","0","0","","0","0","0","","","0","N","0","","40 46:29.032","","0","77 36:54.752","0","0","0","0","14218","0","0","0","Y","0","0","0","1","68G07","0","","2.0","","1","N","N","N","0","","0","0","0","","0","","","1","0","0","0","0","0","0","1","0","1","03","","","N","","","","","","","","","",""
"2024000354","2011","0","0","0","0","0","0","0","0","0","2","0","","14","12","2023","1","40.810431","-77.709662","1955","2","0","0","0","0","0","0","1","1","","0","0","0","","","2","N","0","","40 48:37.550","6","0","77 42:34.784","3","0","0","0","14218","0","0","0","N","0","0","0","2","68G07","1","","1.0","2130.0","9","N","N","N","0","","1","0","2","","0","N","","2","2","0","0","0","0","0","1","0","2","07","","","N","","","","","","","","","",""
"2024000489","1618","2","0","0","0","0","0","0","0","0","1","0","","14","12","2023","3","40.877567","-77.778502","1612","2","0","0","1","0","1","0","0","0","","0","0","0","","","0","N","0","","40 52:39.240","2","0","77 46:42.606","0","0","0","0","14201","0","0","0","N","0","0","0","5","68G07","0","","1.0","100.0","1","N","N","N","0","","0","0","1","","2","N","","3","0","1","0","0","0","0","2","0","3","03","","","N","","","","","","","","","",""
"2024022627","2221","0","0","0","0","0","0","0","0","0","7","0","","14","12","2023","1","40.880053","-77.623934","2209","2","0","0","0","0","0","0","0","0","","0","0","0","","","1","N","0","","40 52:48.190","","0","77 37:26.164","8","0","0","0","14207","0","0","0","N","0","0","0","1","68G07","0","","4.0","","9","N","N","N","1","","0","0","0","","0","","","1","1","1","0","0","1","0","1","0","1","07","","","N","","","","","","","","","",""
"2024050570","1812","0","0","0","0","0","0","0","0","0","1","0","","14","9","2023","2","40.785778","-77.834329","1806","2","0","1","0","0","0","0","0","0","","0","0","0","","","1","N","0","","40 47:08.802","3","0","77 50:03.585","3","0","0","1","14410","0","0","0","N","0","0","0","3","14410","0","","1.0","1930.0","1","N","N","N","0","","1","0","1","","0","N","","2","1","0","0","0","0","0","2","0","2","03","03","","N","","","","","","","","","",""
"2023018744","1854","0","0","0","0","0","0","0","0","0","1","0","","14","2","2023","5","40.807646","-77.893272","1854","2","0","0","0","0","0","1","0","0","","0","0","0","","","0","N","0","","40 48:27.525","","0","77 53:35.779","0","0","0","0","14206","0","0","0","N","0","0","0","3","14206","0","","1.0","","1","N","N","N","0","","0","0","2","","0","","","2","0","0","0","0","0","0","2","0","2","","03","","N","","","","","","","","","",""
"2023006019","1237","1","0","0","0","0","0","0","0","0","4","0","","14","1","2023","4","40.823711","-77.887856","1231","2","0","0","0","0","1","0","0","0","","0","0","0","","","0","N","0","","40 49:25.360","","7","77 53:16.282","0","0","0","0","14216","0","0","0","N","0","0","0","3","14216","0","","1.0","","1","N","N","N","0","","0","0","2","","0","","","3","0","0","0","0","0","0","2","0","3","","04","","N","","","","","","","","","",""
"2023012242","1500","0","0","0","0","0","0","0","0","0","4","0","","14","2","2023","6","40.990953","-77.567203","1532","2","0","0","0","0","0","0","1","0","","0","0","0","","","0","Y","0","","40 59:27.430","","7","77 34:01.930","0","0","0","0","14224","0","0","0","N","0","0","0","2","68G07","0","","1.0","","1","N","N","N","2","","0","0","0","","0","","","2","0","1","0","0","0","0","1","0","2","","","","N","","","","","","","","","",""
"2023020778","1054","2","0","0","0","0","0","0","0","0","4","0","","14","3","2023","1","40.792694","-77.863951","1052","2","0","0","0","0","0","0","0","0","","0","0","0","","","2","N","1","","40 47:33.698","4","0","77 51:50.224","8","0","0","0","14410","0","0","0","N","0","0","0","2","14410","0","","1.0","1130.0","1","N","N","N","0","","0","0","0","","2","N","","2","2","0","0","0","2","0","2","0","2","","03","","N","","","","","","","","","",""
"2023014242","1843","0","0","0","0","0","0","0","0","0","5","0","","14","2","2023","7","40.826288","-77.808848","1835","2","0","0","0","0","0","0","0","0","","0","0","0","","","0","","1","","40 49:34.635","3","0","77 48:31.851","0","0","0","0","14204","0","0","0","N","0","0","0","3","14410","0","","1.0","1904.0","1","N","N","N","0","","0","0","2","","2","N","","2","0","0","0","0","0","0","2","0","2","","03","","N","","","","","","","","","",""
"2023036181","1504","0","0","0","0","0","0","0","0","0","4","0","","14","4","2023","6","40.856329","-77.573676","1448","2","0","0","0","0","0","1","0","1","","0","0","0","","","1","","2","","40 51:22.785","7","0","77 34:25.232","2","0","1","1","14207","0","0","0","N","0","0","0","2","68G07","0","","1.0","1830.0","1","N","N","N","1","","0","1","0","","0","Y","","2","1","0","0","0","0","0","1","0","2","","","","N","","","","","","","","","",""
"2023018599","1921","1","0","0","0","0","0","0","0","0","98","0","","14","2","2023","1","40.77042","-77.836681","1913","2","0","0","0","0","0","1","0","0","","0","0","0","","","0","N","0","","40 46:13.513","","0","77 50:12.053","0","0","0","0","14204","0","0","0","N","0","0","0","2","14410","0","","1.0","","1","N","N","N","0","","0","0","0","","0","","","1","0","0","0","0","0","0","1","0","1","","","","N","","","","","","","","","",""
"2023035257","0836","1","0","0","0","0","0","0","0","0","1","0","","14","4","2023","4","40.888333","-77.883278","0817","2","0","0","0","0","0","0","0","0","","0","0","0","","","1","N","0","","40 53:18.000","5","0","77 52:59.800","3","0","0","0","14223","0","0","0","N","0","0","0","2","68G07","0","","1.0","920.0","1","N","N","N","1","","1","0","0","","0","N","","2","1","0","0","0","0","0","1","0","2","","03","","N","","","","","","","","","",""
"2023045646","0933","0","0","0","0","0","0","0","0","0","98","0","","14","5","2023","3","40.924362","-77.667926","0923","2","0","0","0","0","0","0","0","0","","0","0","0","","","0","N","0","","40 55:27.702","","0","77 40:04.532","0","0","0","0","14224","0","0","0","N","0","0","0","1","68G07","0","","1.0","","1","N","N","N","0","","0","0","1","","0","","","1","0","0","0","0","0","0","1","0","1","","","","N","","","","","","","","","",""
"2023033338","1701","0","0","0","0","0","0","0","0","0","7","0","","14","4","2023","6","40.967999","-77.602137","1646","2","0","0","0","0","0","0","0","0","","0","0","0","","","0","","1","","40 58:04.797","3","0","77 36:07.694","0","0","0","0","14224","0","0","0","Y","0","0","0","4","68G07","0","","4.0","1730.0","1","N","N","N","0","","0","0","0","","0","N","","1","0","0","0","0","0","0","1","1","1","","03","","N","","","","","","","","","",""
"2023028649","0754","1","0","0","0","0","0","0","0","0","4","0","","14","3","2023","6","40.804404","-77.855842","0753","2","0","0","0","0","0","0","0","0","","0","0","0","","","0","","2","","40 48:15.854","","0","77 51:21.031","0","0","0","0","14410","0","0","0","N","0","0","0","2","14501","0","","1.0","","1","N","N","N","0","","0","0","1","","3","","","2","0","0","0","0","0","0","2","0","2","","","","N","","","","","","","","","",""
"2023035102","1234","0","0","0","0","0","0","0","0","0","4","0","","14","4","2023","6","40.808733","-77.902091","1229","2","0","0","1","0","0","0","0","0","","0","0","0","","","1","","2","","40 48:31.437","2","0","77 54:07.529","8","0","0","0","14216","0","0","0","N","0","0","0","4","14216","0","","1.0","1315.0","1","N","N","N","0","","0","0","2","","0","N","","2","1","0","0","0","1","0","2","0","2","","","","N","","","","","","","","","",""
"2023036994","0819","0","0","0","0","0","0","0","0","0","98","0","","14","4","2023","4","40.810041","-78.035628","0801","2","0","0","0","0","0","0","0","0","","0","0","0","","","0","N","0","","40 48:36.149","","0","78 02:08.261","0","0","0","0","14225","0","0","0","N","0","0","0","1","68G07","0","","1.0","","1","N","N","N","0","","0","0","1","","0","","","1","0","0","0","0","0","0","1","0","1","","","","N","","","","","","","","","",""
"2023028282","2235","0","0","0","0","0","0","0","0","0","7","0","","14","3","2023","3","40.894017","-77.625108","2217","2","0","0","0","1","0","0","0","0","","0","0","0","","","0","N","0","","40 53:38.460","","0","77 37:30.390","0","0","0","0","14207","0","0","0","N","0","0","0","1","68G07","0","","5.0","","1","N","N","N","1","","0","0","0","","0","","","1","0","0","0","0","0","0","1","0","1","","","","N","","","","","","","","","",""
"2023005968","0750","1","0","0","0","0","0","0","0","0","1","0","","14","1","2023","4","40.817481","-77.819462","0743","2","0","0","0","0","0","0","0","0","","0","0","0","","","0","","2","","40 49:02.931","","0","77 49:10.064","0","0","0","0","14204","0","0","0","N","0","0","0","2","14410","0","","1.0","","1","N","N","N","0","","0","0","1","","8","","","2","0","0","0","0","0","0","2","0","2","","","","N","","","","","","","","","",""
"2023029093","1803","1","0","0","0","0","0","0","0","0","4","0","","14","4","2023","7","40.784169","-77.836206","1802","2","0","0","0","0","1","0","0","0","","0","0","0","","","0","","2","","40 47:03.007","4","7","77 50:10.343","0","0","0","0","14410","0","0","0","N","0","0","0","4","14410","0","","1.0","1840.0","9","N","N","N","0","","0","0","1","","0","N","","2","0","0","0","0","0","0","2","0","2","","","","N","","","","","","","","","",""
"2023026871","2040","0","0","0","0","0","0","0","0","0","4","0","","14","3","2023","6","40.784656","-77.848618","2036","2","0","0","0","0","0","1","0","0","","0","0","0","","","1","","1","","40 47:04.760","6","0","77 50:55.025","3","0","0","0","14410","0","0","0","N","0","0","0","3","14410","0","","1.0","2115.0","1","N","N","N","0","","1","0","2","","2","N","","2","1","0","0","0","0","0","2","0","2","","03","","N","","","","","","","","","",""
"2023032207","1410","0","0","0","0","0","0","0","0","0","5","1","","14","4","2023","2","40.946342","-77.710146","1355","2","0","0","0","0","1","0","0","0","","0","1","0","","","0","N","0","","40 56:46.832","","0","77 42:36.524","0","0","0","0","14214","0","0","0","Y","0","0","0","2","68G07","0","","1.0","","1","N","N","N","0","","0","0","1","","0","","","2","0","0","0","0","0","0","1","0","2","","","","N","","","","","","","","","",""
"2023015253","1530","1","0","0","0","0","0","0","0","0","1","0","","14","2","2023","4","40.821054","-77.847635","1523","2","0","0","0","1","0","1","0","0","","0","0","0","","","0","Y","0","","40 49:15.794","","0","77 50:51.486","0","0","0","0","14204","0","0","0","N","0","0","0","2","14410","0","","1.0","","1","N","N","N","0","","0","0","1","","0","","","2","0","0","0","0","0","0","1","0","2","03","03","","N","","","","","","","","","",""
"2023060506","1555","2","0","0","0","0","0","0","0","0","4","0","","14","7","2023","1","40.790972","-77.861694","1550","2","0","0","0","0","1","0","0","0","","0","0","0","","","0","N","0","","40 47:27.500","","7","77 51:42.100","0","0","0","0","14410","0","0","0","N","0","0","0","2","14410","0","","1.0","","9","N","N","N","0","","0","0","0","","0","","","2","0","0","0","0","0","0","2","0","2","07","07","","N","","","","","","","","","",""
"2023034681","1947","0","0","0","0","0","0","0","0","0","7","0","","14","4","2023","4","40.838687","-77.923736","1941","2","0","0","0","0","0","1","0","0","","0","0","0","","","1","N","0","","40 50:19.274","","0","77 55:25.448","3","0","0","1","14216","0","0","0","N","0","0","0","1","14216","0","","4.0","","1","N","N","N","0","","1","0","0","","0","N","","1","1","0","0","0","0","0","1","0","1","03","03","","N","","","","","","","","","",""
"2023068514","2133","0","0","0","0","0","0","0","0","0","98","0","","14","7","2023","7","40.974339","-77.747497","2124","2","0","0","0","0","0","1","0","0","","1","0","0","","","1","N","0","","40 58:27.621","5","0","77 44:50.990","1","1","1","1","14202","0","0","0","N","0","0","0","2","68G07","0","2","1.0","200.0","1","N","N","N","0","0","0","1","0","","0","Y","","1","1","0","0","0","0","0","1","0","1","03","","","N","","","","","","","","","",""
"2023062749","1210","1","0","0","1","0","0","0","0","0","8","0","","14","7","2023","1","40.788215","-77.856178","1209","2","0","0","0","0","0","0","0","0","","0","0","0","","","4","","1","","40 47:17.574","3","0","77 51:22.240","3","0","0","0","14410","1","0","0","N","0","0","0","4","14410","0","","1.0","1232.0","1","N","N","N","0","","3","0","0","","3","Y","","2","4","0","0","0","1","0","2","0","1","03","","","N","","","","","","","","","",""
"2023049819","1025","0","0","0","0","0","0","0","0","0","7","0","","14","6","2023","6","40.791051","-78.049973","1008","2","0","0","0","0","0","1","0","0","","0","0","0","","","0","N","0","","40 47:27.785","2","0","78 02:59.901","0","0","0","0","14225","0","0","0","N","0","0","0","1","68G07","0","","4.0","1100.0","1","N","N","N","1","","0","0","0","","0","Y","","1","0","1","0","0","0","0","1","0","1","03","","","N","","","","","","","","","",""
"2023077811","1021","1","0","0","0","0","0","0","0","0","7","0","","14","9","2023","6","40.847618","-77.809668","1019","2","0","0","0","0","0","0","1","0","","0","0","0","","","0","N","0","","40 50:51.423","2","0","77 48:34.803","0","0","0","0","14201","0","0","0","Y","0","0","0","2","68G07","0","","4.0","100.0","1","N","N","N","0","","0","0","0","","0","N","","1","0","0","0","0","0","0","1","0","1","03","","","N","","","","","","","","","",""
"2023041750","1738","1","0","0","0","0","0","0","0","0","4","0","","14","5","2023","4","40.838601","-77.803854","1738","2","0","0","0","0","0","1","0","0","","0","0","0","","","0","N","0","","40 50:18.964","","0","77 48:13.874","0","0","0","0","14204","0","0","0","N","0","0","0","2","14410","0","","1.0","","1","N","N","N","0","","0","0","1","","0","","","2","0","0","0","0","0","0","2","0","2","03","","","N","","","","","","","","","",""
"2023096209","1755","0","0","0","0","0","0","0","0","0","4","0","","14","10","2023","5","40.856104","-77.579936","1750","2","0","0","0","1","0","1","0","0","","0","0","0","","","1","N","0","","40 51:21.975","6","0","77 34:47.771","3","0","0","0","14207","0","0","0","N","0","0","0","2","68G07","0","","1.0","1830.0","1","N","N","N","0","","1","0","2","","0","Y","","2","1","0","0","0","0","0","1","0","2","03","03","","N","","","","","","","","","",""
"2023077810","0824","0","0","0","0","0","0","0","0","0","0","1","","14","9","2023","6","40.804321","-78.064331","0824","2","0","0","0","0","0","0","0","0","","0","1","0","","","1","","1","","40 48:15.554","","2","78 03:51.592","3","0","0","0","14225","0","0","0","N","0","0","0","1","68G07","0","","1.0","","1","N","N","N","0","","1","0","0","","0","","","1","1","0","0","0","0","0","1","0","1","03","","","N","","","","","","","","","",""
"2023088232","1311","1","0","0","0","0","0","0","0","0","7","0","","14","9","2023","4","40.945025","-77.721109","1258","2","0","0","0","0","0","0","0","0","","0","0","0","","","0","N","0","","40 56:42.089","4","0","77 43:15.991","0","0","0","0","14214","0","0","0","Y","0","0","0","1","68G07","0","","4.0","1342.0","1","N","N","N","0","","0","0","0","","0","N","","1","0","1","0","0","0","0","1","0","1","03","","","N","","","","","","","","","",""
"2023077425","1222","0","0","0","0","0","0","0","0","0","8","0","","14","9","2023","6","40.793435","-77.860237","1221","2","0","0","0","0","0","0","0","1","","0","0","0","","","1","","1","","40 47:36.366","","0","77 51:36.852","8","0","0","0","14410","1","0","0","N","1","0","0","2","14410","0","","1.0","","1","N","N","N","0","","0","0","1","","2","","","2","1","0","0","0","1","0","2","0","1","03","03","","N","","","","","","","","","",""
"2023080125","0809","0","0","0","0","0","0","0","0","0","7","0","","14","9","2023","7","40.992272","-77.836097","0800","2","0","0","0","0","0","0","0","0","","0","0","0","","","1","N","0","","40 59:32.178","","0","77 50:09.949","4","0","0","0","14202","0","0","0","N","0","0","0","1","68G07","1","","4.0","","1","N","N","N","0","","0","0","1","","0","","","1","1","0","0","0","0","0","1","0","1","03","","","N","","","","","","","","","",""
"2023087903","2015","1","0","0","0","0","0","0","0","0","4","0","","14","9","2023","7","40.794575","-77.625101","2000","2","0","0","0","0","0","2","0","0","","0","0","0","","","2","","2","","40 47:40.470","","0","77 37:30.362","4","0","0","0","14218","0","0","0","Y","0","0","0","3","68G07","2","","1.0","","1","N","N","N","1","","0","0","1","","0","","","3","2","1","0","0","0","0","1","0","3","03","03","","N","","","","","","","","","",""
"2023104245","0301","1","0","0","0","0","0","0","0","0","98","0","","14","11","2023","4","40.820923","-77.891351","0253","2","0","0","0","0","0","0","0","0","","0","0","0","","","0","N","0","","40 49:15.322","","0","77 53:28.865","0","0","0","0","14216","0","0","0","N","0","0","0","5","68G07","0","","1.0","","1","N","N","N","0","","0","0","0","","0","","","1","0","0","0","0","0","0","2","0","1","03","","","N","","","","","","","","","",""
"2023112776","0631","0","0","0","0","0","0","0","0","0","7","0","","14","12","2023","5","40.829206","-77.957684","0622","2","0","0","0","0","0","0","0","0","","0","0","0","","","0","N","0","","40 49:45.143","1","3","77 57:27.661","0","0","0","0","14216","0","0","0","N","0","0","0","1","68G07","0","","4.0","715.0","9","N","N","N","0","","0","0","1","","0","N","","1","0","0","0","0","0","0","2","0","1","10","","","N","","","","","","","","","",""
"2023112581","1600","1","0","0","0","0","0","0","0","0","7","0","","14","12","2023","6","40.901394","-77.582063","1539","2","0","0","0","1","0","0","0","0","","0","0","0","","","0","N","0","","40 54:05.019","","0","77 34:55.428","0","0","0","0","14207","0","0","0","N","0","0","0","1","68G07","0","","4.0","","9","N","N","N","0","","0","0","0","","0","","","1","0","0","0","0","0","0","1","0","1","07","","","N","","","","","","","","","",""
"2023107355","1933","2","0","0","0","0","0","0","0","0","4","0","","14","11","2023","1","40.834194","-77.795986","1926","2","0","0","0","0","0","0","0","0","","0","0","0","","","0","","2","","40 50:03.099","","0","77 47:45.551","0","0","0","0","14204","0","0","0","N","0","0","0","2","14410","0","","1.0","","1","N","N","N","0","","0","0","0","","2","","","2","0","0","0","0","0","0","2","0","2","03","03","","N","","","","","","","","","",""
"2023112531","1721","0","0","0","0","0","0","0","0","0","1","1","","14","11","2023","4","40.992258","-77.833625","1705","2","0","0","0","0","0","0","0","0","","0","1","0","","","0","N","0","","40 59:32.128","4","0","77 50:01.049","0","0","0","0","14202","0","0","0","N","0","0","0","2","68G07","0","","1.0","1825.0","1","N","N","N","0","","0","0","0","","0","N","","2","0","2","0","0","0","0","1","1","2","03","","","N","","","","","","","","","",""
"2023105301","1111","2","0","0","0","0","0","0","0","0","5","1","","14","11","2023","2","40.803504","-77.883833","1110","2","0","0","0","0","0","1","0","0","","0","1","0","","","1","N","0","","40 48:12.616","1","0","77 53:01.799","3","0","0","0","14206","0","0","0","N","0","0","0","3","14206","0","","1.0","1130.0","1","N","N","N","0","","1","0","0","","2","N","","3","1","0","0","0","0","0","2","0","3","03","03","","N","","","","","","","","","",""
"2023104432","2145","1","0","0","0","0","0","0","0","0","4","0","","14","11","2023","5","40.817978","-77.900233","2139","2","0","0","0","0","0","0","0","0","","0","0","0","","","1","","1","","40 49:04.722","1","2","77 54:00.839","3","0","0","0","14216","0","0","0","N","0","0","0","2","14216","0","","1.0","2239.0","1","N","N","N","0","","1","0","1","","2","N","","2","1","0","0","0","0","0","2","0","2","03","03","","N","","","","","","","","","",""
"2023113508","1504","1","0","0","0","0","0","0","0","0","7","0","","14","12","2023","3","40.95088","-77.708058","1458","2","0","0","0","0","0","0","0","0","","0","0","0","","","0","N","0","","40 57:03.169","","0","77 42:29.009","0","0","0","0","14214","0","0","0","N","0","0","0","1","68G07","0","","5.0","","1","N","N","N","0","","0","0","0","","0","","","1","0","0","0","0","0","0","1","0","1","03","","","N","","","","","","","","","",""
"2023116272","1845","0","0","0","0","0","0","0","0","0","4","0","","14","12","2023","4","40.909472","-77.769806","1844","2","0","0","0","0","0","1","1","0","","0","0","0","","","1","","2","","40 54:34.100","7","0","77 46:11.300","3","0","0","0","14401","0","0","0","N","0","0","0","2","14401","0","","1.0","1931.0","1","N","N","N","0","","1","0","2","","3","Y","","2","1","0","0","0","0","0","2","0","2","03","","","N","","","","","","","","","",""
"2023117671","1330","1","0","0","0","0","0","0","0","0","7","0","","14","12","2023","3","40.858096","-77.877683","1320","2","0","0","0","0","1","0","0","0","","0","0","0","","","2","N","0","","40 51:29.146","5","0","77 52:39.658","2","0","0","0","14216","0","0","0","N","0","0","0","2","14216","0","","5.0","1410.0","9","N","N","N","0","","1","1","0","","0","Y","","1","2","2","0","1","0","0","1","0","1","04","04","","N","","","","","","","","","",""
"2023092101","1353","1","0","0","0","0","0","0","0","0","4","0","","14","10","2023","4","40.823447","-77.868235","1345","2","0","0","0","0","0","0","0","1","","0","0","0","","","0","","2","","40 49:24.409","1","0","77 52:05.646","0","0","0","0","14204","0","0","0","N","0","0","0","2","14410","0","","1.0","1415.0","1","N","N","N","0","","0","0","1","","0","N","","2","0","0","0","0","0","0","1","0","2","03","03","","N","","","","","","","","","",""
"2023087673","1427","0","0","0","0","0","0","0","0","0","5","1","","14","9","2023","7","40.939201","-77.729804","1427","2","0","0","0","0","0","1","2","0","","0","1","0","","","1","N","0","","40 56:21.124","5","0","77 43:47.294","3","0","0","0","14221","0","0","0","N","0","0","0","3","14221","0","","1.0","1515.0","1","N","N","N","0","","1","0","2","","0","N","","3","1","0","0","0","0","0","1","0","3","03","03","","N","","","","","","","","","",""
"2023096461","0210","0","0","0","0","0","0","0","0","0","7","0","","14","10","2023","7","40.789536","-77.891746","0209","2","0","0","0","0","0","0","0","0","","0","0","0","","","0","","2","","40 47:22.331","1","7","77 53:30.284","0","0","0","0","14206","0","0","0","N","0","0","0","1","14206","0","","3.0","330.0","1","N","N","N","0","","0","0","1","","2","N","","1","0","0","0","0","0","0","2","0","1","03","03","","N","","","","","","","","","",""
"2023102830","1724","0","0","0","1","0","0","0","0","0","8","0","","14","11","2023","2","40.80237","-77.869344","1712","2","0","0","0","0","0","0","0","1","","0","0","0","","","1","","1","","40 48:08.532","","0","77 52:09.638","4","0","0","0","14410","1","0","0","N","0","0","0","4","14410","1","","1.0","","1","N","N","N","0","","0","0","1","","3","","","2","1","0","0","0","0","0","2","0","1","03","","","N","","","","","","","","","",""
"2023098306","0634","0","0","0","0","0","0","0","0","0","98","0","","14","11","2023","4","40.828829","-77.957375","0633","2","0","0","0","0","0","0","0","0","","0","0","0","","","0","N","0","","40 49:43.786","","0","77 57:26.550","0","0","0","0","14216","0","0","0","N","0","0","0","2","68G07","0","","1.0","","9","N","N","N","0","","0","0","1","","0","","","1","0","0","0","0","0","0","2","0","1","10","10","","N","","","","","","","","","",""